id,url,upload_date,upload_hour_vn,weekday_vn,duration_sec,views,likes,comments,shares,saves,engagement_rate_pct,caption,hashtags,music_title,music_author,is_original_sound,is_tiktokshop,is_ad
7631653595523419400,https://www.tiktok.com/@MS4wLjABAAAAdsuFcOjPrzsw0ZdV9dJ926Ho7pioc9om6tM3vxIND75ZEKCwBhVwUDIH5q4iKVvo/video/7631653595523419400,2026-04-23,1,Thu,22,273,0,0,1,1,0.73,Que cay vị gà #quecayviga #quecay#anvat#doanvat #quecayhangdai,quecayviga quecay anvat doanvat quecayhangdai,original sound - antitrangkhanzone1,Anti Trang Khàn zone,True,True,False
7631640684306468114,https://www.tiktok.com/@MS4wLjABAAAAdsuFcOjPrzsw0ZdV9dJ926Ho7pioc9om6tM3vxIND75ZEKCwBhVwUDIH5q4iKVvo/video/7631640684306468114,2026-04-23,0,Thu,21,356,3,0,1,0,1.12,Ôi chu choa ngon#quecay #quecayhangdai #doanvat #anvat#anvattuoitho,quecay quecayhangdai doanvat anvat anvattuoitho,Meow number 16 - The kitten's nose,AtilaKw,False,True,True
7630875937734855944,https://www.tiktok.com/@MS4wLjABAAAAdsuFcOjPrzsw0ZdV9dJ926Ho7pioc9om6tM3vxIND75ZEKCwBhVwUDIH5q4iKVvo/video/7630875937734855944,2026-04-20,23,Mon,32,1039,10,3,9,7,2.79,Mì cay sasin chân ái của tui#micaysasin #micay #mycay #mi #ngon,micaysasin micay mycay mi ngon,Hachimi Michi (Ting Ting Tung Tung Ting (Mambo Mambo Mamambo),elionzonaz,False,True,False
7630143044074982663,https://www.tiktok.com/@MS4wLjABAAAAdsuFcOjPrzsw0ZdV9dJ926Ho7pioc9om6tM3vxIND75ZEKCwBhVwUDIH5q4iKVvo/video/7630143044074982663,2026-04-18,23,Sat,22,5825,9,2,2,1,0.24,Nấm hương sấy giòn rụm rụm luôn#nam#namsaygion #namhuongsaygion #anva...,nam namsaygion namhuongsaygion anva,original sound - doyan.makan7,ASMR🔥,True,True,True
7629793224739097863,https://www.tiktok.com/@MS4wLjABAAAAdsuFcOjPrzsw0ZdV9dJ926Ho7pioc9om6tM3vxIND75ZEKCwBhVwUDIH5q4iKVvo/video/7629793224739097863,2026-04-18,1,Sat,29,75900,108,6,53,20,0.25,"Hic cũng cực ,mà thui kệ ngon là được #quecay#quecayhangdai #quecayvu...",quecay quecayhangdai quecayvu,Meow number 16 - The kitten's nose,AtilaKw,False,True,True
7629767511004761362,https://www.tiktok.com/@MS4wLjABAAAAdsuFcOjPrzsw0ZdV9dJ926Ho7pioc9om6tM3vxIND75ZEKCwBhVwUDIH5q4iKVvo/video/7629767511004761362,2026-04-17,23,Fri,22,4623,9,0,8,6,0.5,Cơm cháy giòn ngon#comchay#comchaymamhanh#anvat#doanvat #snack,comchay comchaymamhanh anvat doanvat snack,original sound - doyan.makan7,ASMR🔥,True,True,True
7629749571425406226,https://www.tiktok.com/@MS4wLjABAAAAdsuFcOjPrzsw0ZdV9dJ926Ho7pioc9om6tM3vxIND75ZEKCwBhVwUDIH5q4iKVvo/video/7629749571425406226,2026-04-17,22,Fri,24,1174,12,0,4,4,1.7,Snack tai heo giòn rụm rụm#snacktaiheo #snack#anvat#doanvat#snackngon,snacktaiheo snack anvat doanvat snackngon,original sound - doyan.makan7,ASMR🔥,True,True,False
7629730031232634130,https://www.tiktok.com/@MS4wLjABAAAAdsuFcOjPrzsw0ZdV9dJ926Ho7pioc9om6tM3vxIND75ZEKCwBhVwUDIH5q4iKVvo/video/7629730031232634130,2026-04-17,21,Fri,29,5711,21,0,9,1,0.54,Thạch dừa 1 kí luôn #thachdua #thach#anvat#thachduaminhchau #doanvat,thachdua thach anvat thachduaminhchau doanvat,original sound - beheobu0102,Bé heo bự🐷,True,True,False
7629426803270110472,https://www.tiktok.com/@MS4wLjABAAAAdsuFcOjPrzsw0ZdV9dJ926Ho7pioc9om6tM3vxIND75ZEKCwBhVwUDIH5q4iKVvo/video/7629426803270110472,2026-04-17,1,Fri,33,5989,14,0,5,1,0.33,Bánh ngon#banh#banhngot#anvat#doanvat,banh banhngot anvat doanvat,แจกเสียงไว้ทำvlog,⋅˚₊‧ ୨ 𝒎𝒎𝒊𝒊 ୧ ‧₊˚ ⋅,True,True,True
7629402253916441863,https://www.tiktok.com/@MS4wLjABAAAAdsuFcOjPrzsw0ZdV9dJ926Ho7pioc9om6tM3vxIND75ZEKCwBhVwUDIH5q4iKVvo/video/7629402253916441863,2026-04-16,23,Thu,25,691,10,0,6,1,2.46,Bá cháy #banhtrang #banhtrangphoisuong#anvat#banhtrangcatsky #ngon,banhtrang banhtrangphoisuong anvat banhtrangcatsky ngon,Meow number 16 - The kitten's nose,AtilaKw,False,True,False
7628678696202718482,https://www.tiktok.com/@MS4wLjABAAAAdsuFcOjPrzsw0ZdV9dJ926Ho7pioc9om6tM3vxIND75ZEKCwBhVwUDIH5q4iKVvo/video/7628678696202718482,2026-04-15,1,Wed,16,2235,19,4,7,1,1.39,Mận #man#manchua#mancom #manhau #anvat,man manchua mancom manhau anvat,original sound - antitrangkhanzone1,Anti Trang Khàn zone,True,True,False
7628657054789455112,https://www.tiktok.com/@MS4wLjABAAAAdsuFcOjPrzsw0ZdV9dJ926Ho7pioc9om6tM3vxIND75ZEKCwBhVwUDIH5q4iKVvo/video/7628657054789455112,2026-04-14,23,Tue,27,3634,10,2,9,4,0.69,"Chân gà mềm ,to ,ngon đấy #changadaho #changa #anvat#doanvat #changan...",changadaho changa anvat doanvat changan,Meow number 16 - The kitten's nose,AtilaKw,False,True,True
7628573482883812615,https://www.tiktok.com/@MS4wLjABAAAAdsuFcOjPrzsw0ZdV9dJ926Ho7pioc9om6tM3vxIND75ZEKCwBhVwUDIH5q4iKVvo/video/7628573482883812615,2026-04-14,18,Tue,27,51900,54,4,41,13,0.22,Quá đáng lắm có bt ko hả #doanvat #quecay#quecayhangdai #anvattuoitho...,doanvat quecay quecayhangdai anvattuoitho,sound Alya Mahiru,Mahiru Alya,True,True,True
7628309595567557895,https://www.tiktok.com/@MS4wLjABAAAAdsuFcOjPrzsw0ZdV9dJ926Ho7pioc9om6tM3vxIND75ZEKCwBhVwUDIH5q4iKVvo/video/7628309595567557895,2026-04-14,1,Tue,29,818300,1940,27,216,252,0.3,Vịt cỏ sấy khô #anvat#vit #vitcosaykho #vitsaykho #nhau,anvat vit vitcosaykho vitsaykho nhau,Meow number 16 - The kitten's nose,AtilaKw,False,True,True
7628273838123486482,https://www.tiktok.com/@MS4wLjABAAAAdsuFcOjPrzsw0ZdV9dJ926Ho7pioc9om6tM3vxIND75ZEKCwBhVwUDIH5q4iKVvo/video/7628273838123486482,2026-04-13,22,Mon,17,2998,14,2,4,2,0.73,Khoai môn mắm hành #anvat#khoaimonmamhanh #khoaimon #snack#doanvat,anvat khoaimonmamhanh khoaimon snack doanvat,original sound - jajan.yuk42,jajan yuk,True,True,True
7627957596074396935,https://www.tiktok.com/@MS4wLjABAAAAdsuFcOjPrzsw0ZdV9dJ926Ho7pioc9om6tM3vxIND75ZEKCwBhVwUDIH5q4iKVvo/video/7627957596074396935,2026-04-13,2,Mon,25,2339,10,1,2,2,0.64,Cơm cháy giòn rụm rụm á#comchaychabong#comchay#bepconnhu#anvat#doanvat,comchaychabong comchay bepconnhu anvat doanvat,original sound - doyan.makan7,ASMR🔥,True,True,True
7627944262293785864,https://www.tiktok.com/@MS4wLjABAAAAdsuFcOjPrzsw0ZdV9dJ926Ho7pioc9om6tM3vxIND75ZEKCwBhVwUDIH5q4iKVvo/video/7627944262293785864,2026-04-13,1,Mon,28,5600000,17300,288,5196,2380,0.45,Mê rồi chứ gì 🤤#quecay#anvat#quecayhangdai #doanvat #anvattuoitho,quecay anvat quecayhangdai doanvat anvattuoitho,Meow number 16 - The kitten's nose,AtilaKw,False,True,True
7627833579208199432,https://www.tiktok.com/@MS4wLjABAAAAdsuFcOjPrzsw0ZdV9dJ926Ho7pioc9om6tM3vxIND75ZEKCwBhVwUDIH5q4iKVvo/video/7627833579208199432,2026-04-12,18,Sun,38,4288,18,0,3,2,0.54,Mát lạnh giải nhiệt mùa hè đó nha #kemlanh #nuocgiaikhat #kem#anvat#d...,kemlanh nuocgiaikhat kem anvat d,original sound - beheobu0102,Bé heo bự🐷,True,True,True
7627477207987817735,https://www.tiktok.com/@MS4wLjABAAAAdsuFcOjPrzsw0ZdV9dJ926Ho7pioc9om6tM3vxIND75ZEKCwBhVwUDIH5q4iKVvo/video/7627477207987817735,2026-04-11,19,Sat,22,50500,59,0,27,12,0.19,Cơm cháy chiên mắm hành giòn rụm#comchay #comchaychienmamhanh #anvat#...,comchay comchaychienmamhanh anvat,original sound - doyan.makan7,ASMR🔥,True,True,True
7627205842080763154,https://www.tiktok.com/@MS4wLjABAAAAdsuFcOjPrzsw0ZdV9dJ926Ho7pioc9om6tM3vxIND75ZEKCwBhVwUDIH5q4iKVvo/video/7627205842080763154,2026-04-11,1,Sat,18,30600,23,0,17,5,0.15,Que cay này ngon thử đi nha#quecay#quecayhangdai #anvat#doanvat #anva...,quecay quecayhangdai anvat doanvat anva,original sound - antitrangkhanzone1,Anti Trang Khàn zone,True,True,True
7627192717700910354,https://www.tiktok.com/@MS4wLjABAAAAdsuFcOjPrzsw0ZdV9dJ926Ho7pioc9om6tM3vxIND75ZEKCwBhVwUDIH5q4iKVvo/video/7627192717700910354,2026-04-11,1,Sat,18,2171,6,1,2,1,0.46,Ôi chu choa quá đã luôn#snack#snackmucnuong #anvat#doanvat #bimbim,snack snackmucnuong anvat doanvat bimbim,Meow number 16 - The kitten's nose,AtilaKw,False,True,True
7626445216303746311,https://www.tiktok.com/@MS4wLjABAAAAdsuFcOjPrzsw0ZdV9dJ926Ho7pioc9om6tM3vxIND75ZEKCwBhVwUDIH5q4iKVvo/video/7626445216303746311,2026-04-09,0,Thu,29,101600,235,8,95,37,0.37,Hỏng ngon mấy đâu he 🤣🤣🤣#quecay#quecayhangdai #anvat#doanvat #snack,quecay quecayhangdai anvat doanvat snack,original sound - antitrangkhanzone1,Anti Trang Khàn zone,True,True,True
7626428174141902087,https://www.tiktok.com/@MS4wLjABAAAAdsuFcOjPrzsw0ZdV9dJ926Ho7pioc9om6tM3vxIND75ZEKCwBhVwUDIH5q4iKVvo/video/7626428174141902087,2026-04-08,23,Wed,26,609,10,0,3,4,2.79,HAIDILAO mì trộn gà cay Tokbokki #mitrongacay #mihaidilao #haidilao #...,mitrongacay mihaidilao haidilao,Meow number 16 - The kitten's nose,AtilaKw,False,True,False
7625723979243736327,https://www.tiktok.com/@MS4wLjABAAAAdsuFcOjPrzsw0ZdV9dJ926Ho7pioc9om6tM3vxIND75ZEKCwBhVwUDIH5q4iKVvo/video/7625723979243736327,2026-04-07,2,Tue,17,13200,15,2,7,6,0.23,#nuichiengion #nuichien#nui#anvat#doanvat,nuichiengion nuichien nui anvat doanvat,original sound - doyan.makan7,ASMR🔥,True,False,True
7625717573039967506,https://www.tiktok.com/@MS4wLjABAAAAdsuFcOjPrzsw0ZdV9dJ926Ho7pioc9om6tM3vxIND75ZEKCwBhVwUDIH5q4iKVvo/video/7625717573039967506,2026-04-07,1,Tue,25,29000,17,0,15,8,0.14,Ùi ui nó ngon #quecay#anvat#doanvat#quecayhangdai #anvattuoitho,quecay anvat doanvat quecayhangdai anvattuoitho,original sound - antitrangkhanzone1,Anti Trang Khàn zone,True,True,True
7625702874999180562,https://www.tiktok.com/@MS4wLjABAAAAdsuFcOjPrzsw0ZdV9dJ926Ho7pioc9om6tM3vxIND75ZEKCwBhVwUDIH5q4iKVvo/video/7625702874999180562,2026-04-07,0,Tue,29,18300,91,0,16,15,0.67,1 sét 5 ly ê hề trân châu á#settrasua #settrasuatunau #trasua #anvat#...,settrasua settrasuatunau trasua anvat,Meow number 16 - The kitten's nose,AtilaKw,False,True,True
7625685046413806856,https://www.tiktok.com/@MS4wLjABAAAAdsuFcOjPrzsw0ZdV9dJ926Ho7pioc9om6tM3vxIND75ZEKCwBhVwUDIH5q4iKVvo/video/7625685046413806856,2026-04-06,23,Mon,25,12600,36,1,10,10,0.45,Mì gà cay phô mai và tokbokki#migacayphomai #tokbokki #haidilao #myca...,migacayphomai tokbokki haidilao myca,original sound - bbrniy,⠀ 🥗🥪⠀𝓂ℯ𝒿𝒾ִ𓈒 🏖🥪 ୨୧ 𓈒,True,True,True
7625356588643061010,https://www.tiktok.com/@MS4wLjABAAAAdsuFcOjPrzsw0ZdV9dJ926Ho7pioc9om6tM3vxIND75ZEKCwBhVwUDIH5q4iKVvo/video/7625356588643061010,2026-04-06,2,Mon,10,2660,21,0,14,2,1.39,Chua mà ăn nó đã cơn thèm #man#mancom#manhau#manchua#anvat,man mancom manhau manchua anvat,original sound - annahuynh_09,annahuynh_09,True,True,False
7625352564648840455,https://www.tiktok.com/@MS4wLjABAAAAdsuFcOjPrzsw0ZdV9dJ926Ho7pioc9om6tM3vxIND75ZEKCwBhVwUDIH5q4iKVvo/video/7625352564648840455,2026-04-06,2,Mon,23,5149,6,0,3,2,0.21,Xoài giòn tan#xoaisaygion #xoaisaygionlula #xoaisay #anvat #doanvat,xoaisaygion xoaisaygionlula xoaisay anvat doanvat,original sound - doyan.makan7,ASMR🔥,True,True,True
7625341449684503816,https://www.tiktok.com/@MS4wLjABAAAAdsuFcOjPrzsw0ZdV9dJ926Ho7pioc9om6tM3vxIND75ZEKCwBhVwUDIH5q4iKVvo/video/7625341449684503816,2026-04-06,1,Mon,22,865,5,0,6,0,1.27,Ăn lạ lạ mà quen quen ngon xỉu á #banhchuoi #chuoiepdeo #chuoi #doanv...,banhchuoi chuoiepdeo chuoi doanv,original sound - hfzibe28061,哈基咪觀察,True,True,False
7625335143699500296,https://www.tiktok.com/@MS4wLjABAAAAdsuFcOjPrzsw0ZdV9dJ926Ho7pioc9om6tM3vxIND75ZEKCwBhVwUDIH5q4iKVvo/video/7625335143699500296,2026-04-06,0,Mon,17,18900,14,1,8,5,0.15,Nui chiên giòn rụm rum #nuichiengion #nuichien #nui#anvat#snack,nuichiengion nuichien nui anvat snack,original sound - doyan.makan7,ASMR🔥,True,True,True
7624988143707507975,https://www.tiktok.com/@MS4wLjABAAAAdsuFcOjPrzsw0ZdV9dJ926Ho7pioc9om6tM3vxIND75ZEKCwBhVwUDIH5q4iKVvo/video/7624988143707507975,2026-04-05,2,Sun,17,56700,60,3,27,13,0.18,#quecay#quecayvuongthanlong #quecayhangdai #hangdai #anvat,quecay quecayvuongthanlong quecayhangdai hangdai anvat,original sound - antitrangkhanzone1,Anti Trang Khàn zone,True,True,True
7624976671770152200,https://www.tiktok.com/@MS4wLjABAAAAdsuFcOjPrzsw0ZdV9dJ926Ho7pioc9om6tM3vxIND75ZEKCwBhVwUDIH5q4iKVvo/video/7624976671770152200,2026-04-05,1,Sun,17,1893,26,0,17,4,2.48,Kệ đi ăn ngon là đc kkk#banh#banhsocola #anvat#banhngot #banhngon,banh banhsocola anvat banhngot banhngon,original sound - 150k_freeship,Bảo bảo có mặt lần thứ n,True,True,False
7624968768124488978,https://www.tiktok.com/@MS4wLjABAAAAdsuFcOjPrzsw0ZdV9dJ926Ho7pioc9om6tM3vxIND75ZEKCwBhVwUDIH5q4iKVvo/video/7624968768124488978,2026-04-05,1,Sun,17,9825,41,0,20,3,0.65,Mận chua mà ngon 🤤 #man#mancom #manhau #anvat#manchua,man mancom manhau anvat manchua,original sound - antitrangkhanzone1,Anti Trang Khàn zone,True,True,False
7624960753484795154,https://www.tiktok.com/@MS4wLjABAAAAdsuFcOjPrzsw0ZdV9dJ926Ho7pioc9om6tM3vxIND75ZEKCwBhVwUDIH5q4iKVvo/video/7624960753484795154,2026-04-05,0,Sun,22,50900,36,0,10,5,0.1,Chảy nước miếng #quecay#hangdai #doanvat #anvattuoitho #anvat,quecay hangdai doanvat anvattuoitho anvat,original sound - quangquanhaccthu6,Quàng Quanh,True,True,True
7624916962300185874,https://www.tiktok.com/@MS4wLjABAAAAdsuFcOjPrzsw0ZdV9dJ926Ho7pioc9om6tM3vxIND75ZEKCwBhVwUDIH5q4iKVvo/video/7624916962300185874,2026-04-04,21,Sat,26,673,4,0,1,0,0.74,Sét bát kèm hộp quà #bat #batcute #batancom #batdia#batsu,bat batcute batancom batdia batsu,original sound - cadieso.o,c a d i e,True,True,False
7624909824723045640,https://www.tiktok.com/@MS4wLjABAAAAdsuFcOjPrzsw0ZdV9dJ926Ho7pioc9om6tM3vxIND75ZEKCwBhVwUDIH5q4iKVvo/video/7624909824723045640,2026-04-04,21,Sat,21,9048,23,1,10,4,0.42,Bánh tráng ăn cỡ này mới đã #banhtrang#banhtrangphomai #anvat#doanvat...,banhtrang banhtrangphomai anvat doanvat,original sound - quangquanhaccthu6,Quàng Quanh,True,True,True
7624614487299034375,https://www.tiktok.com/@MS4wLjABAAAAdsuFcOjPrzsw0ZdV9dJ926Ho7pioc9om6tM3vxIND75ZEKCwBhVwUDIH5q4iKVvo/video/7624614487299034375,2026-04-04,2,Sat,26,222200,298,3,187,35,0.24,Ăn que cay gói to này mới đã #quecay #doanvat #anvat #quecayvuongthan...,quecay doanvat anvat quecayvuongthan,original sound - antitrangkhanzone1,Anti Trang Khàn zone,True,True,True
7624548142654000392,https://www.tiktok.com/@MS4wLjABAAAAdsuFcOjPrzsw0ZdV9dJ926Ho7pioc9om6tM3vxIND75ZEKCwBhVwUDIH5q4iKVvo/video/7624548142654000392,2026-04-03,22,Fri,23,8652,17,1,3,2,0.27,Nấm sấy giòn bùi bùi thơm thơm #namsaygion #namhuongsaygion #anchay #...,namsaygion namhuongsaygion anchay,original sound - doyan.makan7,ASMR🔥,True,True,True
7624529065784970503,https://www.tiktok.com/@MS4wLjABAAAAdsuFcOjPrzsw0ZdV9dJ926Ho7pioc9om6tM3vxIND75ZEKCwBhVwUDIH5q4iKVvo/video/7624529065784970503,2026-04-03,20,Fri,18,115400,1160,25,529,104,1.58,Chua mà anh thích#man#manhau#mancom#manchua#anvat,man manhau mancom manchua anvat,original sound - quangquanhaccthu6,Quàng Quanh,True,True,False
7623847237197630727,https://www.tiktok.com/@MS4wLjABAAAAdsuFcOjPrzsw0ZdV9dJ926Ho7pioc9om6tM3vxIND75ZEKCwBhVwUDIH5q4iKVvo/video/7623847237197630727,2026-04-02,0,Thu,21,1800000,3919,49,874,659,0.31,Snack #snack#anvat#doanvat#bimbim#anvatngon,snack anvat doanvat bimbim anvatngon,original sound - doyan.makan7,ASMR🔥,True,True,True
7623475352668704018,https://www.tiktok.com/@MS4wLjABAAAAdsuFcOjPrzsw0ZdV9dJ926Ho7pioc9om6tM3vxIND75ZEKCwBhVwUDIH5q4iKVvo/video/7623475352668704018,2026-04-01,0,Wed,26,5670,30,0,8,4,0.74,Tóp mỡ giòn rụm rụm #topmo #topmorimmamtoi #anvat#doanvat#topmochuchan,topmo topmorimmamtoi anvat doanvat topmochuchan,original sound - doyan.makan7,ASMR🔥,True,False,False
7623135450835782919,https://www.tiktok.com/@MS4wLjABAAAAdsuFcOjPrzsw0ZdV9dJ926Ho7pioc9om6tM3vxIND75ZEKCwBhVwUDIH5q4iKVvo/video/7623135450835782919,2026-03-31,2,Tue,19,15500,17,2,14,5,0.25,Anh mê lăm luôn á #snackphomai#snack#khoaitaylacphomai #anvat#doanvat,snackphomai snack khoaitaylacphomai anvat doanvat,original sound - quangquanhaccthu6,Quàng Quanh,True,True,True
7623122818141637906,https://www.tiktok.com/@MS4wLjABAAAAdsuFcOjPrzsw0ZdV9dJ926Ho7pioc9om6tM3vxIND75ZEKCwBhVwUDIH5q4iKVvo/video/7623122818141637906,2026-03-31,1,Tue,25,4260,31,2,7,7,1.1,Bánh cupcake #banh#banhcupcake #banhsocola #anvat#socola,banh banhcupcake banhsocola anvat socola,original sound - quangquanhaccthu6,Quàng Quanh,True,True,False
7623106262431042824,https://www.tiktok.com/@MS4wLjABAAAAdsuFcOjPrzsw0ZdV9dJ926Ho7pioc9om6tM3vxIND75ZEKCwBhVwUDIH5q4iKVvo/video/7623106262431042824,2026-03-31,0,Tue,28,13900,59,1,21,11,0.66,Xúc xích mà phô mai ngập ngụa luôn quá đã #xucxich #xucxichphomai #an...,xucxich xucxichphomai an,original sound - beheobu0102,Bé heo bự🐷,True,True,True
7622342222754630920,https://www.tiktok.com/@MS4wLjABAAAAdsuFcOjPrzsw0ZdV9dJ926Ho7pioc9om6tM3vxIND75ZEKCwBhVwUDIH5q4iKVvo/video/7622342222754630920,2026-03-28,23,Sat,22,253500,1994,20,833,175,1.19,Mận to giòn chua mà đã cái nư#man #mancom#manchua#anvat#doanvat,man mancom manchua anvat doanvat,original sound - quangquanhaccthu6,Quàng Quanh,True,True,False
7622196649703640327,https://www.tiktok.com/@MS4wLjABAAAAdsuFcOjPrzsw0ZdV9dJ926Ho7pioc9om6tM3vxIND75ZEKCwBhVwUDIH5q4iKVvo/video/7622196649703640327,2026-03-28,13,Sat,23,69600,73,0,85,13,0.25,Chu choa ăn cuốn thiệt chớ#quecay#quecayhangdai#anvat#doanvat#anvattu...,quecay quecayhangdai anvat doanvat anvattu,original sound - antitrangkhanzone1,Anti Trang Khàn zone,True,True,True
7622011728905325842,https://www.tiktok.com/@MS4wLjABAAAAdsuFcOjPrzsw0ZdV9dJ926Ho7pioc9om6tM3vxIND75ZEKCwBhVwUDIH5q4iKVvo/video/7622011728905325842,2026-03-28,1,Sat,20,3419,20,1,7,2,0.88,Thèm chảy nước miếng đó#changa #changaheyyo #changaheyyo #anvat#doanvat,changa changaheyyo changaheyyo anvat doanvat,original sound - antitrangkhanzone1,Anti Trang Khàn zone,True,True,True
7621996727733652744,https://www.tiktok.com/@MS4wLjABAAAAdsuFcOjPrzsw0ZdV9dJ926Ho7pioc9om6tM3vxIND75ZEKCwBhVwUDIH5q4iKVvo/video/7621996727733652744,2026-03-28,1,Sat,17,4296,4,0,2,4,0.23,Nui chiên giòn rụm #nuichiengion#nuichien#doanvat #anvat #nui,nuichiengion nuichien doanvat anvat nui,original sound - doyan.makan7,ASMR🔥,True,True,True
7621982348791336199,https://www.tiktok.com/@MS4wLjABAAAAdsuFcOjPrzsw0ZdV9dJ926Ho7pioc9om6tM3vxIND75ZEKCwBhVwUDIH5q4iKVvo/video/7621982348791336199,2026-03-28,0,Sat,29,284900,453,3,134,66,0.23,Nóng nóng có bát thạch mát mát ăn là ngon luôn#thachdua #anvat#thachd...,thachdua anvat thachd,original sound - _mon_thinhung_,🥛𝐌𝐨𝐧×𝐓𝐡ị𝐍𝐡𝐮𝐧𝐠🥞,True,True,True
7621652810521840914,https://www.tiktok.com/@MS4wLjABAAAAdsuFcOjPrzsw0ZdV9dJ926Ho7pioc9om6tM3vxIND75ZEKCwBhVwUDIH5q4iKVvo/video/7621652810521840914,2026-03-27,2,Fri,16,14900,19,0,78,6,0.69,Ôi giời ơi mlem mlem#anvatngon #quecayvuongthanlong #quecay#anvat#doa...,anvatngon quecayvuongthanlong quecay anvat doa,original sound - antitrangkhanzone1,Anti Trang Khàn zone,True,True,True
7621634304044551432,https://www.tiktok.com/@MS4wLjABAAAAdsuFcOjPrzsw0ZdV9dJ926Ho7pioc9om6tM3vxIND75ZEKCwBhVwUDIH5q4iKVvo/video/7621634304044551432,2026-03-27,1,Fri,18,6472,22,0,6,5,0.51,Chân gà cay #changa #changacayheyyo #anvat#changangon #nhau,changa changacayheyyo anvat changangon nhau,Meow number 16 - The kitten's nose,AtilaKw,False,True,True
7621289563490635016,https://www.tiktok.com/@MS4wLjABAAAAdsuFcOjPrzsw0ZdV9dJ926Ho7pioc9om6tM3vxIND75ZEKCwBhVwUDIH5q4iKVvo/video/7621289563490635016,2026-03-26,3,Thu,23,16200,62,2,21,11,0.59,Ăn đúng nghiền luôn #quecay#caycay #anvat #anvattuoitho #doanvat,quecay caycay anvat anvattuoitho doanvat,original sound - beheobu0102,Bé heo bự🐷,True,True,True
7620906495009426706,https://www.tiktok.com/@MS4wLjABAAAAdsuFcOjPrzsw0ZdV9dJ926Ho7pioc9om6tM3vxIND75ZEKCwBhVwUDIH5q4iKVvo/video/7620906495009426706,2026-03-25,2,Wed,26,19400,40,3,22,10,0.39,Combo 27 tặng 3 ê hề luôn#banhtrangmixvi #banhtrang #banhtrangpula #a...,banhtrangmixvi banhtrang banhtrangpula a,original sound - beheobu0102,Bé heo bự🐷,True,True,True
7620874597046521106,https://www.tiktok.com/@MS4wLjABAAAAdsuFcOjPrzsw0ZdV9dJ926Ho7pioc9om6tM3vxIND75ZEKCwBhVwUDIH5q4iKVvo/video/7620874597046521106,2026-03-25,0,Wed,25,86000,368,5,236,70,0.79,Ăn hoài ăn hoài không thấy chán #quecayhangdai #anvat#quecay#anvattuo...,quecayhangdai anvat quecay anvattuo,original sound - antitrangkhanzone1,Anti Trang Khàn zone,True,True,False
7620859709754510599,https://www.tiktok.com/@MS4wLjABAAAAdsuFcOjPrzsw0ZdV9dJ926Ho7pioc9om6tM3vxIND75ZEKCwBhVwUDIH5q4iKVvo/video/7620859709754510599,2026-03-24,23,Tue,22,2172,16,0,4,4,1.1,Bánh bao mini xinh xinh ăn ngon bất ngờ nha#banhbao#banhbaomini #banh...,banhbao banhbaomini banh,Meow number 16 - The kitten's nose,AtilaKw,False,True,True
7620511531209362696,https://www.tiktok.com/@MS4wLjABAAAAdsuFcOjPrzsw0ZdV9dJ926Ho7pioc9om6tM3vxIND75ZEKCwBhVwUDIH5q4iKVvo/video/7620511531209362696,2026-03-24,0,Tue,25,38200,448,5,311,18,2.05,Mận cơm giòn ngon #mancom#man#anvat#quaman #manchua,mancom man anvat quaman manchua,B U B B L E G U M,୨ rae. 🪽,True,True,False
7620494833613901074,https://www.tiktok.com/@MS4wLjABAAAAdsuFcOjPrzsw0ZdV9dJ926Ho7pioc9om6tM3vxIND75ZEKCwBhVwUDIH5q4iKVvo/video/7620494833613901074,2026-03-23,23,Mon,31,315000,854,12,260,100,0.39,Thạch dừa 1kí này ăn mới đã #thachdua #thachdua1kg #anvat#thachduamin...,thachdua thachdua1kg anvat thachduamin,original sound - beheobu0102,Bé heo bự🐷,True,True,True
7620315996787576072,https://www.tiktok.com/@MS4wLjABAAAAdsuFcOjPrzsw0ZdV9dJ926Ho7pioc9om6tM3vxIND75ZEKCwBhVwUDIH5q4iKVvo/video/7620315996787576072,2026-03-23,12,Mon,18,93900,736,3,238,59,1.1,Mận cơm chua mà ăn nó đã nó ngon#man#mancom #anvat#quaman #manchua,man mancom anvat quaman manchua,original sound - beheobu0102,Bé heo bự🐷,True,True,False
7620145784020864274,https://www.tiktok.com/@MS4wLjABAAAAdsuFcOjPrzsw0ZdV9dJ926Ho7pioc9om6tM3vxIND75ZEKCwBhVwUDIH5q4iKVvo/video/7620145784020864274,2026-03-23,1,Mon,35,31400,46,2,17,5,0.22,Bò miếng này ngon ăn từ nhỏ tới lớn vẫn mê#bomienghangdai #anvat#doan...,bomienghangdai anvat doan,original sound - antitrangkhanzone1,Anti Trang Khàn zone,True,False,True
7619790222850608402,https://www.tiktok.com/@MS4wLjABAAAAdsuFcOjPrzsw0ZdV9dJ926Ho7pioc9om6tM3vxIND75ZEKCwBhVwUDIH5q4iKVvo/video/7619790222850608402,2026-03-22,2,Sun,24,8669,17,0,20,7,0.51,Que cay này ngon nha ăn đậm vị cuốn phết #quecay#quecayhangdai #anvat...,quecay quecayhangdai anvat,original sound - antitrangkhanzone1,Anti Trang Khàn zone,True,True,True
7619371398330322184,https://www.tiktok.com/@MS4wLjABAAAAdsuFcOjPrzsw0ZdV9dJ926Ho7pioc9om6tM3vxIND75ZEKCwBhVwUDIH5q4iKVvo/video/7619371398330322184,2026-03-20,23,Fri,29,1211,8,0,3,3,1.16,Lợn đen khói mơ này mềm ăn ngon #londenkhoimo #longacbep #vudinhvi #a...,londenkhoimo longacbep vudinhvi a,original sound - beheobu0102,Bé heo bự🐷,True,True,True
7619038721542786312,https://www.tiktok.com/@MS4wLjABAAAAdsuFcOjPrzsw0ZdV9dJ926Ho7pioc9om6tM3vxIND75ZEKCwBhVwUDIH5q4iKVvo/video/7619038721542786312,2026-03-20,1,Fri,12,2851,6,1,2,1,0.35,Mì trộn indomie vẫn ngon nha#mitron #mitronindomie #mi #indomie #micay,mitron mitronindomie mi indomie micay,original sound - asmrhieak,🔊🥧👩,True,True,False
7619034201479826695,https://www.tiktok.com/@MS4wLjABAAAAdsuFcOjPrzsw0ZdV9dJ926Ho7pioc9om6tM3vxIND75ZEKCwBhVwUDIH5q4iKVvo/video/7619034201479826695,2026-03-20,1,Fri,22,45100,76,1,46,14,0.3,Bánh tráng ngon#banhtrang#anvat#banhtrangphomai#doanvat #banhtrangtru...,banhtrang anvat banhtrangphomai doanvat banhtrangtru,original sound - antitrangkhanzone1,Anti Trang Khàn zone,True,True,True
7619021949322284306,https://www.tiktok.com/@MS4wLjABAAAAdsuFcOjPrzsw0ZdV9dJ926Ho7pioc9om6tM3vxIND75ZEKCwBhVwUDIH5q4iKVvo/video/7619021949322284306,2026-03-20,0,Fri,20,4126,8,0,8,0,0.39,Combo 1kí xúc xích ăn liền quá hời rồi#xucxich #xucxichanlien #anvat#...,xucxich xucxichanlien anvat,original sound - beheobu0102,Bé heo bự🐷,True,True,True
7619004728600546578,https://www.tiktok.com/@MS4wLjABAAAAdsuFcOjPrzsw0ZdV9dJ926Ho7pioc9om6tM3vxIND75ZEKCwBhVwUDIH5q4iKVvo/video/7619004728600546578,2026-03-19,23,Thu,18,32600,36,1,13,12,0.19,Ăn cay mà nó đã nó ngon #quecay#quecaykimchi #anvat#doanvat#anvattuoi...,quecay quecaykimchi anvat doanvat anvattuoi,original sound - beheobu0102,Bé heo bự🐷,True,True,True
7618992446575267090,https://www.tiktok.com/@MS4wLjABAAAAdsuFcOjPrzsw0ZdV9dJ926Ho7pioc9om6tM3vxIND75ZEKCwBhVwUDIH5q4iKVvo/video/7618992446575267090,2026-03-19,22,Thu,21,987,5,0,6,1,1.22,Bánh pía sầu riêng ít ngọt #banhpia #banhpiachay #banhpiasoctrang #an...,banhpia banhpiachay banhpiasoctrang an,Meow number 16 - The kitten's nose,AtilaKw,False,True,True
7618669118299868423,https://www.tiktok.com/@MS4wLjABAAAAdsuFcOjPrzsw0ZdV9dJ926Ho7pioc9om6tM3vxIND75ZEKCwBhVwUDIH5q4iKVvo/video/7618669118299868423,2026-03-19,1,Thu,20,51700,45,1,26,7,0.15,Ôi ngon thíiiiii #quecay #quecayhangdai #anvat#anvattuoitho#doanvat,quecay quecayhangdai anvat anvattuoitho doanvat,original sound - antitrangkhanzone1,Anti Trang Khàn zone,True,True,True
7618657838101204242,https://www.tiktok.com/@MS4wLjABAAAAdsuFcOjPrzsw0ZdV9dJ926Ho7pioc9om6tM3vxIND75ZEKCwBhVwUDIH5q4iKVvo/video/7618657838101204242,2026-03-19,1,Thu,23,2545,4,0,3,1,0.31,Nem chua cối ngôn chuẩn gốc xứ Thanh #nemchua#nemchuacoi #nemchuathan...,nemchua nemchuacoi nemchuathan,original sound - antitrangkhanzone1,Anti Trang Khàn zone,True,True,True
7617918007708273938,https://www.tiktok.com/@MS4wLjABAAAAdsuFcOjPrzsw0ZdV9dJ926Ho7pioc9om6tM3vxIND75ZEKCwBhVwUDIH5q4iKVvo/video/7617918007708273938,2026-03-17,1,Tue,14,58600,46,0,29,9,0.14,Ui combo 2 gói là hời zị#banhtrang #banhtrangphomai #anvat#doanvat#ba...,banhtrang banhtrangphomai anvat doanvat ba,original sound - cateverywhere03,Nhà mèo,True,True,True
7617899303100566791,https://www.tiktok.com/@MS4wLjABAAAAdsuFcOjPrzsw0ZdV9dJ926Ho7pioc9om6tM3vxIND75ZEKCwBhVwUDIH5q4iKVvo/video/7617899303100566791,2026-03-17,0,Tue,30,7012,14,0,12,7,0.47,Combo bánh tráng phơi sương siu hời ý #banhtrangphoisuong #banhtrang#...,banhtrangphoisuong banhtrang,original sound - beheobu0102,Bé heo bự🐷,True,True,True
7617836290884537608,https://www.tiktok.com/@MS4wLjABAAAAdsuFcOjPrzsw0ZdV9dJ926Ho7pioc9om6tM3vxIND75ZEKCwBhVwUDIH5q4iKVvo/video/7617836290884537608,2026-03-16,19,Mon,17,287700,2627,14,414,354,1.18,Xúc xích phô mai #xucxichphomai #xucxich #anvat#mavin #ngon,xucxichphomai xucxich anvat mavin ngon,B U B B L E G U M,୨ rae. 🪽,True,True,False
7617530799436336391,https://www.tiktok.com/@MS4wLjABAAAAdsuFcOjPrzsw0ZdV9dJ926Ho7pioc9om6tM3vxIND75ZEKCwBhVwUDIH5q4iKVvo/video/7617530799436336391,2026-03-16,0,Mon,14,388100,580,8,523,66,0.3,Ôi chu choa má ưi nó ngon ăn cuốn #anvat#quecay #quecayhangdai #doanv...,anvat quecay quecayhangdai doanv,original sound - cateverywhere03,Nhà mèo,True,True,True
7617522168192175378,https://www.tiktok.com/@MS4wLjABAAAAdsuFcOjPrzsw0ZdV9dJ926Ho7pioc9om6tM3vxIND75ZEKCwBhVwUDIH5q4iKVvo/video/7617522168192175378,2026-03-15,23,Sun,19,1333,6,0,4,0,0.75,Măng chua cay ăn dai giòn sần sật cuốn cực #mangchuacay #mangcaytuxuy...,mangchuacay mangcaytuxuy,original sound - antitrangkhanzone1,Anti Trang Khàn zone,True,True,True
7617173363416419592,https://www.tiktok.com/@MS4wLjABAAAAdsuFcOjPrzsw0ZdV9dJ926Ho7pioc9om6tM3vxIND75ZEKCwBhVwUDIH5q4iKVvo/video/7617173363416419592,2026-03-15,1,Sun,20,5801,9,0,8,3,0.34,Nui chiên giòn rụm #nuichien #nuichiengion #anvat#doanvat #nui,nuichien nuichiengion anvat doanvat nui,original sound - doyan.makan7,ASMR🔥,True,True,True
7617157880210345224,https://www.tiktok.com/@MS4wLjABAAAAdsuFcOjPrzsw0ZdV9dJ926Ho7pioc9om6tM3vxIND75ZEKCwBhVwUDIH5q4iKVvo/video/7617157880210345224,2026-03-15,0,Sun,21,58000,105,2,33,14,0.27,Lẹ lẹ nha #banhtrang#anvat#banhtrangtrungnghia #banhtrangphomai #banh...,banhtrang anvat banhtrangtrungnghia banhtrangphomai banh,original sound - beheobu0102,Bé heo bự🐷,True,True,True
7616818154345467154,https://www.tiktok.com/@MS4wLjABAAAAdsuFcOjPrzsw0ZdV9dJ926Ho7pioc9om6tM3vxIND75ZEKCwBhVwUDIH5q4iKVvo/video/7616818154345467154,2026-03-14,2,Sat,15,1620,13,1,6,3,1.42,Ngon bá cháy #lapxuong #lapxuongtuoi #lapxuongmavin #anvat#lapxuongnu...,lapxuong lapxuongtuoi lapxuongmavin anvat lapxuongnu,original sound - du.mamy,đọu,True,True,False
7616793129961704722,https://www.tiktok.com/@MS4wLjABAAAAdsuFcOjPrzsw0ZdV9dJ926Ho7pioc9om6tM3vxIND75ZEKCwBhVwUDIH5q4iKVvo/video/7616793129961704722,2026-03-14,0,Sat,22,27700,69,1,14,14,0.35,Sườn mềm tẩm ướp vừa ăn nên thử nha #suonlongacbep #suonlongacbeptayb...,suonlongacbep suonlongacbeptayb,Meow number 16 - The kitten's nose,AtilaKw,False,True,True
7616777107628100872,https://www.tiktok.com/@MS4wLjABAAAAdsuFcOjPrzsw0ZdV9dJ926Ho7pioc9om6tM3vxIND75ZEKCwBhVwUDIH5q4iKVvo/video/7616777107628100872,2026-03-13,23,Fri,17,1872,8,1,5,3,0.91,Snack cay cay #snack #anvat#doanvat#anvattuoitho #quecay,snack anvat doanvat anvattuoitho quecay,original sound - antitrangkhanzone1,Anti Trang Khàn zone,True,True,True
7616764333107776786,https://www.tiktok.com/@MS4wLjABAAAAdsuFcOjPrzsw0ZdV9dJ926Ho7pioc9om6tM3vxIND75ZEKCwBhVwUDIH5q4iKVvo/video/7616764333107776786,2026-03-13,22,Fri,22,7024,33,2,6,3,0.63,Lạp xưởng tươi Mavin nhiều nạc ăn ngon ko bị ngấy #lapxuong #lapxuong...,lapxuong lapxuong,original sound - antitrangkhanzone1,Anti Trang Khàn zone,True,True,False
7616432082599873799,https://www.tiktok.com/@MS4wLjABAAAAdsuFcOjPrzsw0ZdV9dJ926Ho7pioc9om6tM3vxIND75ZEKCwBhVwUDIH5q4iKVvo/video/7616432082599873799,2026-03-13,1,Fri,19,169400,245,4,281,54,0.34,Ôi mấy con vợ ơi nó ngon#quecay#quecayhangdai #anvat#anvattuoitho #do...,quecay quecayhangdai anvat anvattuoitho do,original sound - callmeabitsh,Đăng gì Flop đó :),True,True,True
7615692871852674312,https://www.tiktok.com/@MS4wLjABAAAAdsuFcOjPrzsw0ZdV9dJ926Ho7pioc9om6tM3vxIND75ZEKCwBhVwUDIH5q4iKVvo/video/7615692871852674312,2026-03-11,1,Wed,21,2386,7,1,4,3,0.63,Kẹo dẻo ăn thế này mới đã #keodeo #chipchip #keodeotraicay #anvat#keo,keodeo chipchip keodeotraicay anvat keo,original sound - bbrniy,⠀ 🥗🥪⠀𝓂ℯ𝒿𝒾ִ𓈒 🏖🥪 ୨୧ 𓈒,True,True,True
7615676614734613767,https://www.tiktok.com/@MS4wLjABAAAAdsuFcOjPrzsw0ZdV9dJ926Ho7pioc9om6tM3vxIND75ZEKCwBhVwUDIH5q4iKVvo/video/7615676614734613767,2026-03-11,0,Wed,18,3023,4,0,8,0,0.4,Snack khoai tây lắc phô mai #snackkhoaitaylacphomai #snack#khoaitayla...,snackkhoaitaylacphomai snack khoaitayla,original sound - doyan.makan7,ASMR🔥,True,True,True
7615333455450180871,https://www.tiktok.com/@MS4wLjABAAAAdsuFcOjPrzsw0ZdV9dJ926Ho7pioc9om6tM3vxIND75ZEKCwBhVwUDIH5q4iKVvo/video/7615333455450180871,2026-03-10,2,Tue,19,39800,27,1,17,5,0.13,#quecay#anvat#doanvat#quecayhangdai#anvattuoitho,quecay anvat doanvat quecayhangdai anvattuoitho,original sound - bbrniy,⠀ 🥗🥪⠀𝓂ℯ𝒿𝒾ִ𓈒 🏖🥪 ୨୧ 𓈒,True,True,True
7615322344722156808,https://www.tiktok.com/@MS4wLjABAAAAdsuFcOjPrzsw0ZdV9dJ926Ho7pioc9om6tM3vxIND75ZEKCwBhVwUDIH5q4iKVvo/video/7615322344722156808,2026-03-10,1,Tue,21,5868,9,0,4,4,0.29,Ý bánh tráng này ngon nè #banhtrang#tiembanhtrangcute #anvat#banhtran...,banhtrang tiembanhtrangcute anvat banhtran,original sound - antitrangkhanzone1,Anti Trang Khàn zone,True,True,True
7615306833460432146,https://www.tiktok.com/@MS4wLjABAAAAdsuFcOjPrzsw0ZdV9dJ926Ho7pioc9om6tM3vxIND75ZEKCwBhVwUDIH5q4iKVvo/video/7615306833460432146,2026-03-10,0,Tue,15,614200,2666,35,522,299,0.57,Nem chua gốc Thanh Hoá mãi đỉnh #nemchuathanhhoa #nemchuacoi #nemchua...,nemchuathanhhoa nemchuacoi nemchua,original sound - beheobu0102,Bé heo bự🐷,True,True,True
7615297800061979922,https://www.tiktok.com/@MS4wLjABAAAAdsuFcOjPrzsw0ZdV9dJ926Ho7pioc9om6tM3vxIND75ZEKCwBhVwUDIH5q4iKVvo/video/7615297800061979922,2026-03-09,23,Mon,16,1090,13,0,13,2,2.57,Tăm cay bà Tuyết#tamcay #tamcaybatuyet #anvatbatuyet #ancungbatuyet #...,tamcay tamcaybatuyet anvatbatuyet ancungbatuyet,Meow number 16 - The kitten's nose,AtilaKw,False,True,False
7615284683642801416,https://www.tiktok.com/@MS4wLjABAAAAdsuFcOjPrzsw0ZdV9dJ926Ho7pioc9om6tM3vxIND75ZEKCwBhVwUDIH5q4iKVvo/video/7615284683642801416,2026-03-09,22,Mon,17,4495,17,1,7,4,0.65,Kẹo dẻo kim cương ăn lạ mà ngon phết đấy #keodeo#keodeotraicay#keodeo...,keodeo keodeotraicay keodeo,original sound - heinaa._.mukbang,🥡𝙃𝙚𝙞𝙣𝙖૮ ˶ᵔ ᵕ ᵔ˶ ა🧁,True,True,True
7614970816832359687,https://www.tiktok.com/@MS4wLjABAAAAdsuFcOjPrzsw0ZdV9dJ926Ho7pioc9om6tM3vxIND75ZEKCwBhVwUDIH5q4iKVvo/video/7614970816832359687,2026-03-09,2,Mon,13,775800,1405,23,508,250,0.28,Bánh trang này ăn là ngon nha🤤#banhtrang #banhtrangtron #banhtrangpho...,banhtrang banhtrangtron banhtrangpho,original sound - cateverywhere03,Nhà mèo,True,True,True
7614933337005640968,https://www.tiktok.com/@MS4wLjABAAAAdsuFcOjPrzsw0ZdV9dJ926Ho7pioc9om6tM3vxIND75ZEKCwBhVwUDIH5q4iKVvo/video/7614933337005640968,2026-03-09,0,Mon,19,7100000,12300,210,7447,2046,0.31,Que cay ngon ăn là nghiền á #quecay#anvat#anvattuoitho #doanvat #quec...,quecay anvat anvattuoitho doanvat quec,original sound - antitrangkhanzone1,Anti Trang Khàn zone,True,True,True
7614919537980443922,https://www.tiktok.com/@MS4wLjABAAAAdsuFcOjPrzsw0ZdV9dJ926Ho7pioc9om6tM3vxIND75ZEKCwBhVwUDIH5q4iKVvo/video/7614919537980443922,2026-03-08,23,Sun,21,2392,2,0,3,0,0.21,Combo vô đối #combovodoi #ancungbatuyet #anvat#anvatbatuyet #doanvat,combovodoi ancungbatuyet anvat anvatbatuyet doanvat,original sound - antitrangkhanzone1,Anti Trang Khàn zone,True,True,True
7614631185632759047,https://www.tiktok.com/@MS4wLjABAAAAdsuFcOjPrzsw0ZdV9dJ926Ho7pioc9om6tM3vxIND75ZEKCwBhVwUDIH5q4iKVvo/video/7614631185632759047,2026-03-08,4,Sun,14,57100,49,0,24,12,0.15,Snack giòn giòn 10 gói #snack#snackmuc #anvat#doanvat#bimbim,snack snackmuc anvat doanvat bimbim,original sound - doyan.makan7,ASMR🔥,True,True,True
7614625393236004114,https://www.tiktok.com/@MS4wLjABAAAAdsuFcOjPrzsw0ZdV9dJ926Ho7pioc9om6tM3vxIND75ZEKCwBhVwUDIH5q4iKVvo/video/7614625393236004114,2026-03-08,4,Sun,17,87900,223,2,55,39,0.36,Ôi ngon mà hời nha #banhtrang #anvat#doanvat #banhtrangtron #banhtran...,banhtrang anvat doanvat banhtrangtron banhtran,original sound - antitrangkhanzone1,Anti Trang Khàn zone,True,True,True
7614602817784843538,https://www.tiktok.com/@MS4wLjABAAAAdsuFcOjPrzsw0ZdV9dJ926Ho7pioc9om6tM3vxIND75ZEKCwBhVwUDIH5q4iKVvo/video/7614602817784843538,2026-03-08,2,Sun,15,557,3,0,4,0,1.26,Ôi ngon nha #snackmucnuong #snackmuc #snack#anvat#doanvat,snackmucnuong snackmuc snack anvat doanvat,original sound - doyan.makan7,ASMR🔥,True,True,False
7614580363280518408,https://www.tiktok.com/@MS4wLjABAAAAdsuFcOjPrzsw0ZdV9dJ926Ho7pioc9om6tM3vxIND75ZEKCwBhVwUDIH5q4iKVvo/video/7614580363280518408,2026-03-08,1,Sun,21,477,1,0,2,0,0.63,Bánh tráng muối sặc nhà cô mai vẫn ngon như ngày nào #banhtrangmuoisa...,banhtrangmuoisa,Meow number 16 - The kitten's nose,AtilaKw,False,True,True
7614548906654862610,https://www.tiktok.com/@MS4wLjABAAAAdsuFcOjPrzsw0ZdV9dJ926Ho7pioc9om6tM3vxIND75ZEKCwBhVwUDIH5q4iKVvo/video/7614548906654862610,2026-03-07,23,Sat,17,19000,58,2,14,4,0.41,Kẹo dẻo chíp chíp want want #keodeo #keochipchip #keo #anvat#wantwant,keodeo keochipchip keo anvat wantwant,Meow number 16 - The kitten's nose,AtilaKw,False,True,True
7614222392990158098,https://www.tiktok.com/@MS4wLjABAAAAdsuFcOjPrzsw0ZdV9dJ926Ho7pioc9om6tM3vxIND75ZEKCwBhVwUDIH5q4iKVvo/video/7614222392990158098,2026-03-07,2,Sat,18,32200,25,0,10,5,0.12,Que cay này ăn hoài không chán luôn#quecay#anvat#anvattuoitho #quecay...,quecay anvat anvattuoitho quecay,original sound - antitrangkhanzone1,Anti Trang Khàn zone,True,True,True
7614217545649786119,https://www.tiktok.com/@MS4wLjABAAAAdsuFcOjPrzsw0ZdV9dJ926Ho7pioc9om6tM3vxIND75ZEKCwBhVwUDIH5q4iKVvo/video/7614217545649786119,2026-03-07,1,Sat,25,396400,799,6,157,121,0.27,Bánh tráng combo 2 bịch 500g mà hạt dẻ lắm ý#banhtrang#banhtrangtron#...,banhtrang banhtrangtron,original sound - antitrangkhanzone1,Anti Trang Khàn zone,True,True,True
7614210553510235410,https://www.tiktok.com/@MS4wLjABAAAAdsuFcOjPrzsw0ZdV9dJ926Ho7pioc9om6tM3vxIND75ZEKCwBhVwUDIH5q4iKVvo/video/7614210553510235410,2026-03-07,1,Sat,18,2171,3,0,2,2,0.32,Bò miếng cay cay Hằng Đại #bomienghangdai #anvat#quecay#anvattuoitho ...,bomienghangdai anvat quecay anvattuoitho,original sound - antitrangkhanzone1,Anti Trang Khàn zone,True,False,True
7614188136280722696,https://www.tiktok.com/@MS4wLjABAAAAdsuFcOjPrzsw0ZdV9dJ926Ho7pioc9om6tM3vxIND75ZEKCwBhVwUDIH5q4iKVvo/video/7614188136280722696,2026-03-06,23,Fri,18,877,2,0,2,0,0.46,Bánh tráng bò cay tứ xuyên #banhtrang #banhtrangbocaytetuxuyen #banht...,banhtrang banhtrangbocaytetuxuyen banht,original sound - antitrangkhanzone1,Anti Trang Khàn zone,True,True,True
7613842569260240146,https://www.tiktok.com/@MS4wLjABAAAAdsuFcOjPrzsw0ZdV9dJ926Ho7pioc9om6tM3vxIND75ZEKCwBhVwUDIH5q4iKVvo/video/7613842569260240146,2026-03-06,1,Fri,14,1000000,3092,34,871,535,0.45,Bánh tráng ngon mà nhiều ê hề #banhtrang#banhtrangtron#anvat#banhtran...,banhtrang banhtrangtron anvat banhtran,original sound - beheobu0102,Bé heo bự🐷,True,True,True
7613832315164167432,https://www.tiktok.com/@MS4wLjABAAAAdsuFcOjPrzsw0ZdV9dJ926Ho7pioc9om6tM3vxIND75ZEKCwBhVwUDIH5q4iKVvo/video/7613832315164167432,2026-03-06,0,Fri,18,1300000,1776,18,988,289,0.24,Que cay thần long to dài ngon ngon#quecay #anvat#quecayhangdai #anvat...,quecay anvat quecayhangdai anvat,original sound - antitrangkhanzone1,Anti Trang Khàn zone,True,True,True
7613818126278380818,https://www.tiktok.com/@MS4wLjABAAAAdsuFcOjPrzsw0ZdV9dJ926Ho7pioc9om6tM3vxIND75ZEKCwBhVwUDIH5q4iKVvo/video/7613818126278380818,2026-03-06,0,Fri,19,24700,93,1,14,15,0.5,Nem chua ngon#nemchua #nemchuacoi #nemchuathanhhoa #nemchuangon#anvat,nemchua nemchuacoi nemchuathanhhoa nemchuangon anvat,Meow number 16 - The kitten's nose,AtilaKw,False,True,True
7613804927055383815,https://www.tiktok.com/@MS4wLjABAAAAdsuFcOjPrzsw0ZdV9dJ926Ho7pioc9om6tM3vxIND75ZEKCwBhVwUDIH5q4iKVvo/video/7613804927055383815,2026-03-05,23,Thu,27,290,1,0,0,1,0.69,Trà sữa ít calo uống thả ga #trasuaitcalo #trasua #trasuahutian #anva...,trasuaitcalo trasua trasuahutian anva,Meow number 16 - The kitten's nose,AtilaKw,False,True,False
7613461217650167048,https://www.tiktok.com/@MS4wLjABAAAAdsuFcOjPrzsw0ZdV9dJ926Ho7pioc9om6tM3vxIND75ZEKCwBhVwUDIH5q4iKVvo/video/7613461217650167048,2026-03-05,0,Thu,13,143200,185,1,78,37,0.21,Ôi nó ngon mà nó mê #banhtrang #banhtrangtrungnghia #banhtrangphomai ...,banhtrang banhtrangtrungnghia banhtrangphomai,original sound - quangquanhaccthu6,Quàng Quanh,True,True,True
7613455370681404680,https://www.tiktok.com/@MS4wLjABAAAAdsuFcOjPrzsw0ZdV9dJ926Ho7pioc9om6tM3vxIND75ZEKCwBhVwUDIH5q4iKVvo/video/7613455370681404680,2026-03-05,0,Thu,30,36900,77,0,32,8,0.32,Mì trộn indomie chân ái luôn á#mitron #mitronindomie #mi#micay #anvat,mitron mitronindomie mi micay anvat,original sound - du.mamy,đọu,True,True,True
7613077296836070674,https://www.tiktok.com/@MS4wLjABAAAAdsuFcOjPrzsw0ZdV9dJ926Ho7pioc9om6tM3vxIND75ZEKCwBhVwUDIH5q4iKVvo/video/7613077296836070674,2026-03-04,0,Wed,15,106700,134,5,19,32,0.18,Nó cay mà ta nói ăn nó cuốn #banhtrangxikesieucay #banhtrang #banhtra...,banhtrangxikesieucay banhtrang banhtra,original sound - quangquanhaccthu6,Quàng Quanh,True,True,True
7613065661329231112,https://www.tiktok.com/@MS4wLjABAAAAdsuFcOjPrzsw0ZdV9dJ926Ho7pioc9om6tM3vxIND75ZEKCwBhVwUDIH5q4iKVvo/video/7613065661329231112,2026-03-03,23,Tue,21,9000000,25200,198,4403,4378,0.38,Bánh tráng Trung Nghĩa #banhtrang #banhtrangphomai #banhtrangtrungngh...,banhtrang banhtrangphomai banhtrangtrungngh,Meow number 16 - The kitten's nose,AtilaKw,False,True,True
7612343883971792136,https://www.tiktok.com/@MS4wLjABAAAAdsuFcOjPrzsw0ZdV9dJ926Ho7pioc9om6tM3vxIND75ZEKCwBhVwUDIH5q4iKVvo/video/7612343883971792136,2026-03-02,0,Mon,13,7722,16,0,6,2,0.31,Tăm cay bà Tuyết #tamcaybatuyet #anvat#ancungbatuyet #tamcay #anvatba...,tamcaybatuyet anvat ancungbatuyet tamcay anvatba,original sound - beheobu0102,Bé heo bự🐷,True,True,True
7611607199902600456,https://www.tiktok.com/@MS4wLjABAAAAdsuFcOjPrzsw0ZdV9dJ926Ho7pioc9om6tM3vxIND75ZEKCwBhVwUDIH5q4iKVvo/video/7611607199902600456,2026-02-28,1,Sat,11,12500,7,0,1,1,0.07,Íiiiiiiii #quecay #anvat#anvattuoitho #ngon #caycay,quecay anvat anvattuoitho ngon caycay,Sound cute dễ thương s1tg,˚₊‧꒰🥛𝚋𝚘𝚗𝚒𝚝𝚘𝚌𝚊🥬♡‧₊˚,True,True,True
7611587133618359560,https://www.tiktok.com/@MS4wLjABAAAAdsuFcOjPrzsw0ZdV9dJ926Ho7pioc9om6tM3vxIND75ZEKCwBhVwUDIH5q4iKVvo/video/7611587133618359560,2026-02-27,23,Fri,14,12700,35,0,3,7,0.35,Chảy nước miếng nha #changabatuyet #ancungbatuyet #anvat#changa #anva...,changabatuyet ancungbatuyet anvat changa anva,Sound cute dễ thương s1tg,˚₊‧꒰🥛𝚋𝚘𝚗𝚒𝚝𝚘𝚌𝚊🥬♡‧₊˚,True,True,True
7610846735484701970,https://www.tiktok.com/@MS4wLjABAAAAdsuFcOjPrzsw0ZdV9dJ926Ho7pioc9om6tM3vxIND75ZEKCwBhVwUDIH5q4iKVvo/video/7610846735484701970,2026-02-25,23,Wed,13,51900,92,2,20,23,0.26,Các con vợ thử đi ngon lắm #banhtran #banhtrangtron #banhtrangphomai ...,banhtran banhtrangtron banhtrangphomai,original sound - beheobu0102,Bé heo bự🐷,True,True,True
7610480698696158482,https://www.tiktok.com/@MS4wLjABAAAAdsuFcOjPrzsw0ZdV9dJ926Ho7pioc9om6tM3vxIND75ZEKCwBhVwUDIH5q4iKVvo/video/7610480698696158482,2026-02-25,0,Wed,21,21700,25,0,8,2,0.16,Bánh tráng ủ bơ #banhtrang #banhtrangubo #banhtrangphoisuong #anvat#t...,banhtrang banhtrangubo banhtrangphoisuong anvat t,original sound - conambong21,Cô Năm Bống,True,True,True
7608985652683705607,https://www.tiktok.com/@MS4wLjABAAAAdsuFcOjPrzsw0ZdV9dJ926Ho7pioc9om6tM3vxIND75ZEKCwBhVwUDIH5q4iKVvo/video/7608985652683705607,2026-02-20,23,Fri,14,20800,37,0,15,3,0.26,Que cay cay ngon ngon#quecay #anvat#hangdai#quecayhangdai #caycay,quecay anvat hangdai quecayhangdai caycay,original sound - conambong21,Cô Năm Bống,True,True,True
7607494869052837138,https://www.tiktok.com/@MS4wLjABAAAAdsuFcOjPrzsw0ZdV9dJ926Ho7pioc9om6tM3vxIND75ZEKCwBhVwUDIH5q4iKVvo/video/7607494869052837138,2026-02-16,23,Mon,16,8337,18,1,7,3,0.35,Chắc là không ngon đâu 🤤🤤🤤mới chỉ ăn hêts 5gói thôi mờ #quecay #queca...,quecay queca,original sound - quangquanhaccthu6,Quàng Quanh,True,True,True
7607486684497743122,https://www.tiktok.com/@MS4wLjABAAAAdsuFcOjPrzsw0ZdV9dJ926Ho7pioc9om6tM3vxIND75ZEKCwBhVwUDIH5q4iKVvo/video/7607486684497743122,2026-02-16,22,Mon,18,3022,11,1,3,3,0.6,Combo vô đối nhận lì xì tết 2026#combovodoi #anvat#ancungbatuyet #cha...,combovodoi anvat ancungbatuyet cha,original sound - batuyethanhvi,Ăn Cùng Bà Tuyết,True,True,True
7606777060815670546,https://www.tiktok.com/@MS4wLjABAAAAdsuFcOjPrzsw0ZdV9dJ926Ho7pioc9om6tM3vxIND75ZEKCwBhVwUDIH5q4iKVvo/video/7606777060815670546,2026-02-15,0,Sun,21,46000,29,0,6,7,0.09,Ngon#quecay #anvat #anvattuoitho #quecayhangdai #ngon,quecay anvat anvattuoitho quecayhangdai ngon,original sound - conambong21,Cô Năm Bống,True,True,True
7606768606466067719,https://www.tiktok.com/@MS4wLjABAAAAdsuFcOjPrzsw0ZdV9dJ926Ho7pioc9om6tM3vxIND75ZEKCwBhVwUDIH5q4iKVvo/video/7606768606466067719,2026-02-15,0,Sun,20,33600,37,1,18,3,0.18,Bánh tráng miss 9 vị ăn nghiền nha #banhtrang #banhtrangmissvi #banht...,banhtrang banhtrangmissvi banht,original sound - nini.analog,𐙚 ₊ ⊹ prandini,True,True,True
7604938236368129287,https://www.tiktok.com/@MS4wLjABAAAAdsuFcOjPrzsw0ZdV9dJ926Ho7pioc9om6tM3vxIND75ZEKCwBhVwUDIH5q4iKVvo/video/7604938236368129287,2026-02-10,1,Tue,20,545,5,0,2,1,1.47,Socola nhân kem ăn đã #keosocola#socola#socolanimstanchay #anvat#keo,keosocola socola socolanimstanchay anvat keo,Meow number 16 - The kitten's nose,AtilaKw,False,True,False
7604551921155755271,https://www.tiktok.com/@MS4wLjABAAAAdsuFcOjPrzsw0ZdV9dJ926Ho7pioc9om6tM3vxIND75ZEKCwBhVwUDIH5q4iKVvo/video/7604551921155755271,2026-02-09,0,Mon,11,4713,13,0,2,3,0.38,Mì trộn này mê #mitrongacayphomai #mitron #micay #mi #ngon,mitrongacayphomai mitron micay mi ngon,Meow number 16 - The kitten's nose,AtilaKw,False,True,True
7604176410286083346,https://www.tiktok.com/@MS4wLjABAAAAdsuFcOjPrzsw0ZdV9dJ926Ho7pioc9om6tM3vxIND75ZEKCwBhVwUDIH5q4iKVvo/video/7604176410286083346,2026-02-08,0,Sun,20,3662,13,0,6,3,0.6,Mì trộn gà quay phô mai #mitron #mitrongacayphomai #mi #ngon#micay,mitron mitrongacayphomai mi ngon micay,original sound - otp_yew_ta,ᴅʏɴ | Rosé 🍜,True,True,True
7603438904166845704,https://www.tiktok.com/@MS4wLjABAAAAdsuFcOjPrzsw0ZdV9dJ926Ho7pioc9om6tM3vxIND75ZEKCwBhVwUDIH5q4iKVvo/video/7603438904166845704,2026-02-06,0,Fri,18,3482,9,1,3,2,0.43,Bí đỏ sấy giòn tan ăn thơm bùi ngon#bidosaygion #bidosay #anvat#ancha...,bidosaygion bidosay anvat ancha,original sound - doyan.makan7,ASMR🔥,True,True,True
7603422154029288711,https://www.tiktok.com/@MS4wLjABAAAAdsuFcOjPrzsw0ZdV9dJ926Ho7pioc9om6tM3vxIND75ZEKCwBhVwUDIH5q4iKVvo/video/7603422154029288711,2026-02-05,23,Thu,19,13800,15,1,3,2,0.15,Ăn vặt bà Tuyết #ancungbatuyet #changa#changabatuyet#samtetbaovui#anv...,ancungbatuyet changa changabatuyet samtetbaovui anv,original sound - batuyethanhvi,Ăn Cùng Bà Tuyết,True,True,True
7602321963788291336,https://www.tiktok.com/@MS4wLjABAAAAdsuFcOjPrzsw0ZdV9dJ926Ho7pioc9om6tM3vxIND75ZEKCwBhVwUDIH5q4iKVvo/video/7602321963788291336,2026-02-03,0,Tue,27,5540,7,0,2,0,0.16,Cloris snack mực nướng #snackmucnuong #snack#clorissnack #anvat#samte...,snackmucnuong snack clorissnack anvat samte,original sound - doyan.makan7,ASMR🔥,True,True,True
7602313700766207250,https://www.tiktok.com/@MS4wLjABAAAAdsuFcOjPrzsw0ZdV9dJ926Ho7pioc9om6tM3vxIND75ZEKCwBhVwUDIH5q4iKVvo/video/7602313700766207250,2026-02-02,23,Mon,22,2095,8,0,3,3,0.67,Chân gà bà Tuyết ngon khỏi bàn #changa#changabatuyet #ancungbatuyet#a...,changa changabatuyet ancungbatuyet a,original sound - otp_yew_ta,ᴅʏɴ | Rosé 🍜,True,True,True
7602145465513053447,https://www.tiktok.com/@MS4wLjABAAAAdsuFcOjPrzsw0ZdV9dJ926Ho7pioc9om6tM3vxIND75ZEKCwBhVwUDIH5q4iKVvo/video/7602145465513053447,2026-02-02,13,Mon,15,31400,97,1,34,10,0.45,Ngon #quecay #quecayhangdai #anvat #ngon#caycay,quecay quecayhangdai anvat ngon caycay,original sound - cateverywhere03,Nhà mèo,True,True,True
7602130876390034696,https://www.tiktok.com/@MS4wLjABAAAAdsuFcOjPrzsw0ZdV9dJ926Ho7pioc9om6tM3vxIND75ZEKCwBhVwUDIH5q4iKVvo/video/7602130876390034696,2026-02-02,12,Mon,17,1944,9,2,1,3,0.77,Nấm sấy #namsaygion#namsay#anvat#nam#namhuongsay,namsaygion namsay anvat nam namhuongsay,original sound - doyan.makan7,ASMR🔥,True,True,True
7602118822480334098,https://www.tiktok.com/@MS4wLjABAAAAdsuFcOjPrzsw0ZdV9dJ926Ho7pioc9om6tM3vxIND75ZEKCwBhVwUDIH5q4iKVvo/video/7602118822480334098,2026-02-02,11,Mon,15,112900,165,1,40,13,0.19,Snack mực nướng #snackmucnuong #snack#anvat#bimbim#ngon,snackmucnuong snack anvat bimbim ngon,original sound - doyan.makan7,ASMR🔥,True,True,True
7601845899995761938,https://www.tiktok.com/@MS4wLjABAAAAdsuFcOjPrzsw0ZdV9dJ926Ho7pioc9om6tM3vxIND75ZEKCwBhVwUDIH5q4iKVvo/video/7601845899995761938,2026-02-01,17,Sun,23,40800,88,0,23,19,0.32,Đồ ăn vặt bà Tuyết nay đã có bảo hiểm nha #anvatbatuyet#baohiem#pviba...,anvatbatuyet baohiem pviba,original sound - otp_yew_ta,ᴅʏɴ | Rosé 🍜,True,True,True
7601567548642970888,https://www.tiktok.com/@MS4wLjABAAAAdsuFcOjPrzsw0ZdV9dJ926Ho7pioc9om6tM3vxIND75ZEKCwBhVwUDIH5q4iKVvo/video/7601567548642970888,2026-01-31,23,Sat,19,1090,11,1,5,1,1.65,Socola mix vị #keosocola #socola #keotet #banhkeotet #socolangon,keosocola socola keotet banhkeotet socolangon,original sound - lethikhanhhuyen2004,Lê Thị Khánh Huyền,True,True,False
7601343273151532296,https://www.tiktok.com/@MS4wLjABAAAAdsuFcOjPrzsw0ZdV9dJ926Ho7pioc9om6tM3vxIND75ZEKCwBhVwUDIH5q4iKVvo/video/7601343273151532296,2026-01-31,9,Sat,23,23500,29,0,5,5,0.17,Kẹo socola này mua về ăn tết là ngon luôn 🤤#keosocola #socola #keotet...,keosocola socola keotet,original sound - lethikhanhhuyen2004,Lê Thị Khánh Huyền,True,True,True
7601336765319810322,https://www.tiktok.com/@MS4wLjABAAAAdsuFcOjPrzsw0ZdV9dJ926Ho7pioc9om6tM3vxIND75ZEKCwBhVwUDIH5q4iKVvo/video/7601336765319810322,2026-01-31,8,Sat,20,1324,12,0,1,1,1.06,Ê ngôn nha mấy ní #banhtrangtayninh #banhtrang#anvat#banhtrangtron #b...,banhtrangtayninh banhtrang anvat banhtrangtron b,original sound - cateverywhere03,Nhà mèo,True,True,False
7601244453377985799,https://www.tiktok.com/@MS4wLjABAAAAdsuFcOjPrzsw0ZdV9dJ926Ho7pioc9om6tM3vxIND75ZEKCwBhVwUDIH5q4iKVvo/video/7601244453377985799,2026-01-31,2,Sat,20,31200,58,0,21,3,0.26,Ngon ngon#quecayvuongthanlong #quecay#quecayhangdai #anvat#anvattuoitho,quecayvuongthanlong quecay quecayhangdai anvat anvattuoitho,original sound - cateverywhere03,Nhà mèo,True,True,True
7601226433762970898,https://www.tiktok.com/@MS4wLjABAAAAdsuFcOjPrzsw0ZdV9dJ926Ho7pioc9om6tM3vxIND75ZEKCwBhVwUDIH5q4iKVvo/video/7601226433762970898,2026-01-31,1,Sat,13,8706,13,0,4,1,0.21,Tăm cay bà Tuyết vẫn mãi là chân ái #tamcaybatuyet #tamcay #ancungbat...,tamcaybatuyet tamcay ancungbat,original sound - cateverywhere03,Nhà mèo,True,True,True
7601213209244208391,https://www.tiktok.com/@MS4wLjABAAAAdsuFcOjPrzsw0ZdV9dJ926Ho7pioc9om6tM3vxIND75ZEKCwBhVwUDIH5q4iKVvo/video/7601213209244208391,2026-01-31,0,Sat,23,1496,8,0,1,3,0.8,Dâu tây sấy giòn rụm #daytay #dautaysaygion #hoaquasay #anvat#tet,daytay dautaysaygion hoaquasay anvat tet,original sound - doyan.makan7,ASMR🔥,True,True,True
7601205364905741576,https://www.tiktok.com/@MS4wLjABAAAAdsuFcOjPrzsw0ZdV9dJ926Ho7pioc9om6tM3vxIND75ZEKCwBhVwUDIH5q4iKVvo/video/7601205364905741576,2026-01-31,0,Sat,13,7372,7,0,2,1,0.14,Que cay #quecayhangdai #quecay #anvat#anvattuoitho #tet,quecayhangdai quecay anvat anvattuoitho tet,original sound - cateverywhere03,Nhà mèo,True,True,True
7601194733611830536,https://www.tiktok.com/@MS4wLjABAAAAdsuFcOjPrzsw0ZdV9dJ926Ho7pioc9om6tM3vxIND75ZEKCwBhVwUDIH5q4iKVvo/video/7601194733611830536,2026-01-30,23,Fri,25,804,7,0,0,0,0.87,Kẹo socola nhân thạch trái cây #keosocola #keotet #socola #banhkeotet...,keosocola keotet socola banhkeotet,original sound - lethikhanhhuyen2004,Lê Thị Khánh Huyền,True,True,True
7601180516070608146,https://www.tiktok.com/@MS4wLjABAAAAdsuFcOjPrzsw0ZdV9dJ926Ho7pioc9om6tM3vxIND75ZEKCwBhVwUDIH5q4iKVvo/video/7601180516070608146,2026-01-30,22,Fri,22,2174,9,0,4,1,0.64,Kẹo dẻo panda pẻn ngon điên 🤤#keodeo #keodeopandapen #anvat#chipchip ...,keodeo keodeopandapen anvat chipchip,original sound - beheobu0102,Bé heo bự🐷,True,True,True
7600982558402366738,https://www.tiktok.com/@MS4wLjABAAAAdsuFcOjPrzsw0ZdV9dJ926Ho7pioc9om6tM3vxIND75ZEKCwBhVwUDIH5q4iKVvo/video/7600982558402366738,2026-01-30,9,Fri,11,1933,4,1,2,0,0.36,#snack#anvat#snackgionngon #ngon#Tet,snack anvat snackgionngon ngon Tet,original sound - doyan.makan7,ASMR🔥,True,True,True
7600454313122598162,https://www.tiktok.com/@MS4wLjABAAAAdsuFcOjPrzsw0ZdV9dJ926Ho7pioc9om6tM3vxIND75ZEKCwBhVwUDIH5q4iKVvo/video/7600454313122598162,2026-01-28,23,Wed,16,211300,428,4,113,92,0.3,Snack kim chi#anvat#anvattuoitho#snackkimchi#snack #ngon,anvat anvattuoitho snackkimchi snack ngon,original sound - cateverywhere03,Nhà mèo,True,True,True
7600122182303255815,https://www.tiktok.com/@MS4wLjABAAAAdsuFcOjPrzsw0ZdV9dJ926Ho7pioc9om6tM3vxIND75ZEKCwBhVwUDIH5q4iKVvo/video/7600122182303255815,2026-01-28,2,Wed,14,1754,4,1,0,1,0.34,Ngon mà gion tan ý #namsaygion #namhuongsaygion #anvat#namsaythanghoa...,namsaygion namhuongsaygion anvat namsaythanghoa,original sound - doyan.makan7,ASMR🔥,True,True,True
7600089507173534983,https://www.tiktok.com/@MS4wLjABAAAAdsuFcOjPrzsw0ZdV9dJ926Ho7pioc9om6tM3vxIND75ZEKCwBhVwUDIH5q4iKVvo/video/7600089507173534983,2026-01-28,0,Wed,16,39000,69,0,47,5,0.31,,,original sound - cateverywhere03,Nhà mèo,True,True,True
7599851257926388999,https://www.tiktok.com/@MS4wLjABAAAAdsuFcOjPrzsw0ZdV9dJ926Ho7pioc9om6tM3vxIND75ZEKCwBhVwUDIH5q4iKVvo/video/7599851257926388999,2026-01-27,8,Tue,15,1001,3,0,1,0,0.4,Nấm hương sấy giòn #namhuongsaygion #namhuong #namsaygion #anvat#anchay,namhuongsaygion namhuong namsaygion anvat anchay,original sound - doyan.makan7,ASMR🔥,True,True,True
7599837151114579218,https://www.tiktok.com/@MS4wLjABAAAAdsuFcOjPrzsw0ZdV9dJ926Ho7pioc9om6tM3vxIND75ZEKCwBhVwUDIH5q4iKVvo/video/7599837151114579218,2026-01-27,7,Tue,20,5588,18,0,6,1,0.45,Bánh ngon nhiều vị mua về ăn Tết là bá cháy #banhkeotet #banhxopsuach...,banhkeotet banhxopsuach,original sound - lethikhanhhuyen2004,Lê Thị Khánh Huyền,True,True,False
7599828180223921415,https://www.tiktok.com/@MS4wLjABAAAAdsuFcOjPrzsw0ZdV9dJ926Ho7pioc9om6tM3vxIND75ZEKCwBhVwUDIH5q4iKVvo/video/7599828180223921415,2026-01-27,7,Tue,11,107400,194,2,116,33,0.32,Mlem#anvat#quecay #quecayhangdai #caycay#ngon,anvat quecay quecayhangdai caycay ngon,original sound - cateverywhere03,Nhà mèo,True,True,True
7599823773054848263,https://www.tiktok.com/@MS4wLjABAAAAdsuFcOjPrzsw0ZdV9dJ926Ho7pioc9om6tM3vxIND75ZEKCwBhVwUDIH5q4iKVvo/video/7599823773054848263,2026-01-27,6,Tue,20,42000,49,1,25,1,0.18,Kẹo Tết ngon #keosocola#keosocolasua #banhkeotet #socola #tet,keosocola keosocolasua banhkeotet socola tet,original sound - lethikhanhhuyen2004,Lê Thị Khánh Huyền,True,True,True
7599820943174683922,https://www.tiktok.com/@MS4wLjABAAAAdsuFcOjPrzsw0ZdV9dJ926Ho7pioc9om6tM3vxIND75ZEKCwBhVwUDIH5q4iKVvo/video/7599820943174683922,2026-01-27,6,Tue,33,601,3,0,2,0,0.83,Bát canh chua ngon mà nhanh gọn lẹ #canhchuaanlien #canhchua#canhchua...,canhchuaanlien canhchua canhchua,original sound - beheobu0102,Bé heo bự🐷,True,True,False
7599730212871441671,https://www.tiktok.com/@MS4wLjABAAAAdsuFcOjPrzsw0ZdV9dJ926Ho7pioc9om6tM3vxIND75ZEKCwBhVwUDIH5q4iKVvo/video/7599730212871441671,2026-01-27,0,Tue,15,11600,23,0,2,3,0.24,Nấm hỗn hợp sấy giòn tan #namsaygion #namhuongsaygion #anvat#anchay #...,namsaygion namhuongsaygion anvat anchay,nhạc nền - Bé heo bự🐷,Bé heo bự🐷,False,True,True
7599721210804456711,https://www.tiktok.com/@MS4wLjABAAAAdsuFcOjPrzsw0ZdV9dJ926Ho7pioc9om6tM3vxIND75ZEKCwBhVwUDIH5q4iKVvo/video/7599721210804456711,2026-01-27,0,Tue,10,22900,49,0,18,3,0.31,Đạm vị ăn giòn giòn ý #quecay#quecayhangdai #anvat #anvattuoitho #cay...,quecay quecayhangdai anvat anvattuoitho cay,original sound - beheobu0102,Bé heo bự🐷,True,True,True
7599713804137614599,https://www.tiktok.com/@MS4wLjABAAAAdsuFcOjPrzsw0ZdV9dJ926Ho7pioc9om6tM3vxIND75ZEKCwBhVwUDIH5q4iKVvo/video/7599713804137614599,2026-01-26,23,Mon,16,28200,501,5,63,61,2.23,Socola chocomini #socola #keosocola #anvat#keo #banhkeotet,socola keosocola anvat keo banhkeotet,original sound - beheobu0102,Bé heo bự🐷,True,True,False
7598498575798095111,https://www.tiktok.com/@MS4wLjABAAAAdsuFcOjPrzsw0ZdV9dJ926Ho7pioc9om6tM3vxIND75ZEKCwBhVwUDIH5q4iKVvo/video/7598498575798095111,2026-01-23,17,Fri,13,1974,9,0,3,1,0.66,Khoai tây lắc phô mai #anvat#khoaitaylacphomai #snack #snackphomai,anvat khoaitaylacphomai snack snackphomai,original sound - doyan.makan7,ASMR🔥,True,True,True
7598492628518276359,https://www.tiktok.com/@MS4wLjABAAAAdsuFcOjPrzsw0ZdV9dJ926Ho7pioc9om6tM3vxIND75ZEKCwBhVwUDIH5q4iKVvo/video/7598492628518276359,2026-01-23,16,Fri,19,1524,8,0,1,1,0.66,Kẹo này ăn ngon mà được nhiều mua ăn tết là ngon luôn##keosuaxoaitaod...,keosuaxoaitaod,original sound - lethikhanhhuyen2004,Lê Thị Khánh Huyền,True,True,True
7598483802117393672,https://www.tiktok.com/@MS4wLjABAAAAdsuFcOjPrzsw0ZdV9dJ926Ho7pioc9om6tM3vxIND75ZEKCwBhVwUDIH5q4iKVvo/video/7598483802117393672,2026-01-23,16,Fri,10,11200,13,1,8,3,0.22,Đậm vị ngon nha#quecay#quecayhangdai #anvat#anvattuoitho #caycay,quecay quecayhangdai anvat anvattuoitho caycay,original sound - cateverywhere03,Nhà mèo,True,True,True
7598232757067697415,https://www.tiktok.com/@MS4wLjABAAAAdsuFcOjPrzsw0ZdV9dJ926Ho7pioc9om6tM3vxIND75ZEKCwBhVwUDIH5q4iKVvo/video/7598232757067697415,2026-01-23,0,Fri,17,288200,483,4,52,74,0.21,Nấm hỗn hợp sấy giòn #namsaygion #namhonhop #namhuongsaygion #anvat#d...,namsaygion namhonhop namhuongsaygion anvat d,original sound - doyan.makan7,ASMR🔥,True,True,True
7598227386613681416,https://www.tiktok.com/@MS4wLjABAAAAdsuFcOjPrzsw0ZdV9dJ926Ho7pioc9om6tM3vxIND75ZEKCwBhVwUDIH5q4iKVvo/video/7598227386613681416,2026-01-22,23,Thu,27,1893,6,1,7,2,0.85,Kẹo hạnh phúc làm sẵn #keohanhphuc #keogonuts#anvat#banhkeotet #tet,keohanhphuc keogonuts anvat banhkeotet tet,original sound - beheobu0102,Bé heo bự🐷,True,True,True
7598211017201536274,https://www.tiktok.com/@MS4wLjABAAAAdsuFcOjPrzsw0ZdV9dJ926Ho7pioc9om6tM3vxIND75ZEKCwBhVwUDIH5q4iKVvo/video/7598211017201536274,2026-01-22,22,Thu,17,193000,7113,33,1018,1111,4.81,Socola chocomini ngon nha#socola #keosocola #choco #banhkeotet #keo,socola keosocola choco banhkeotet keo,original sound - beheobu0102,Bé heo bự🐷,True,True,False
7598198934334459154,https://www.tiktok.com/@MS4wLjABAAAAdsuFcOjPrzsw0ZdV9dJ926Ho7pioc9om6tM3vxIND75ZEKCwBhVwUDIH5q4iKVvo/video/7598198934334459154,2026-01-22,21,Thu,22,3792,10,1,6,3,0.53,Hồng này ngon mua làm quà tết là ngon luôn#hongtreogio #hongsaydeo #a...,hongtreogio hongsaydeo a,original sound - beheobu0102,Bé heo bự🐷,True,True,True
7597872296677723400,https://www.tiktok.com/@MS4wLjABAAAAdsuFcOjPrzsw0ZdV9dJ926Ho7pioc9om6tM3vxIND75ZEKCwBhVwUDIH5q4iKVvo/video/7597872296677723400,2026-01-22,0,Thu,15,17000,26,0,7,4,0.22,Que cay #quecay #quecayhangdai #anvat#anvattuoitho #ancungtiktok,quecay quecayhangdai anvat anvattuoitho ancungtiktok,original sound - antitrangkhanzone1,Anti Trang Khàn zone,True,True,True
7597853272413719815,https://www.tiktok.com/@MS4wLjABAAAAdsuFcOjPrzsw0ZdV9dJ926Ho7pioc9om6tM3vxIND75ZEKCwBhVwUDIH5q4iKVvo/video/7597853272413719815,2026-01-21,23,Wed,23,986,3,0,2,0,0.51,Ruốc ngon #ruoctomthit #haiongchufood #ruoctom #ruoc #ngon,ruoctomthit haiongchufood ruoctom ruoc ngon,original sound - beheobu0102,Bé heo bự🐷,True,True,True
7597832734169402632,https://www.tiktok.com/@MS4wLjABAAAAdsuFcOjPrzsw0ZdV9dJ926Ho7pioc9om6tM3vxIND75ZEKCwBhVwUDIH5q4iKVvo/video/7597832734169402632,2026-01-21,22,Wed,28,1232,8,0,1,0,0.73,Sườn ngon đậm vị #suonlongacbep #amthuctaybac #anvat#thitlongacbep #ngon,suonlongacbep amthuctaybac anvat thitlongacbep ngon,original sound - hnng_capcutvatet,Mẫu Capcut Tết,True,True,False
7597826871492889863,https://www.tiktok.com/@MS4wLjABAAAAdsuFcOjPrzsw0ZdV9dJ926Ho7pioc9om6tM3vxIND75ZEKCwBhVwUDIH5q4iKVvo/video/7597826871492889863,2026-01-21,21,Wed,15,840,5,0,4,1,1.19,Túi 13-14 chân ngon chắc thịt#canhvitomsot #anvat#anvatnoidiatrung #n...,canhvitomsot anvat anvatnoidiatrung n,thuyền không bến đợi l linda x mỏ hỗn,This is Mỏ Hỗn,True,True,True
7597596396417453319,https://www.tiktok.com/@MS4wLjABAAAAdsuFcOjPrzsw0ZdV9dJ926Ho7pioc9om6tM3vxIND75ZEKCwBhVwUDIH5q4iKVvo/video/7597596396417453319,2026-01-21,6,Wed,15,96100,107,1,93,21,0.23,Có thể là ăn ko chán luôn á#quecay #quecayhangdai #anvat#ngon#anvattu...,quecay quecayhangdai anvat ngon anvattu,original sound - cateverywhere03,Nhà mèo,True,True,True
7597595527282298120,https://www.tiktok.com/@MS4wLjABAAAAdsuFcOjPrzsw0ZdV9dJ926Ho7pioc9om6tM3vxIND75ZEKCwBhVwUDIH5q4iKVvo/video/7597595527282298120,2026-01-21,6,Wed,21,2058,3,1,3,3,0.49,Bánh sữa xoài táo đỏ ăn lạ mà ngon ý#banhsuaxoaitaodo #anvat#banhkeot...,banhsuaxoaitaodo anvat banhkeot,original sound - beheobu0102,Bé heo bự🐷,True,True,True
7597593865528347911,https://www.tiktok.com/@MS4wLjABAAAAdsuFcOjPrzsw0ZdV9dJ926Ho7pioc9om6tM3vxIND75ZEKCwBhVwUDIH5q4iKVvo/video/7597593865528347911,2026-01-21,6,Wed,18,11100,9,0,0,3,0.11,Có lì xì săn ngay săn ngay#anvatbatuyet #ancungbatuyet #anvat#combovo...,anvatbatuyet ancungbatuyet anvat combovo,original sound - beheobu0102,Bé heo bự🐷,True,True,True
7597148650015378706,https://www.tiktok.com/@MS4wLjABAAAAdsuFcOjPrzsw0ZdV9dJ926Ho7pioc9om6tM3vxIND75ZEKCwBhVwUDIH5q4iKVvo/video/7597148650015378706,2026-01-20,1,Tue,9,722100,1913,26,989,199,0.43,🤤#anvat#ngon#anvattuoitho #quecay #2026,anvat ngon anvattuoitho quecay 2026,original sound - cateverywhere03,Nhà mèo,True,True,True
7597136000418139399,https://www.tiktok.com/@MS4wLjABAAAAdsuFcOjPrzsw0ZdV9dJ926Ho7pioc9om6tM3vxIND75ZEKCwBhVwUDIH5q4iKVvo/video/7597136000418139399,2026-01-20,1,Tue,23,1565,5,0,5,1,0.7,Nấm hay hoa quả sấy đều có nha#namấmygion#namhuongsaygion #anvat#hoaq...,namấmygion namhuongsaygion anvat hoaq,original sound - beheobu0102,Bé heo bự🐷,True,True,True
7597119392350096648,https://www.tiktok.com/@MS4wLjABAAAAdsuFcOjPrzsw0ZdV9dJ926Ho7pioc9om6tM3vxIND75ZEKCwBhVwUDIH5q4iKVvo/video/7597119392350096648,2026-01-20,0,Tue,15,4307,3,0,3,1,0.16,Ăn cứ phải gọi là cuốn #quecay #quecayhangdai #anvat #anvattuoitho #c...,quecay quecayhangdai anvat anvattuoitho c,original sound - cateverywhere03,Nhà mèo,True,True,True
7597113011047779602,https://www.tiktok.com/@MS4wLjABAAAAdsuFcOjPrzsw0ZdV9dJ926Ho7pioc9om6tM3vxIND75ZEKCwBhVwUDIH5q4iKVvo/video/7597113011047779602,2026-01-19,23,Mon,21,7858,11,1,2,2,0.2,Bánh gạo phô mai săn liền vài combo về ăn tết nha#banhgao #banhgaopho...,banhgao banhgaopho,original sound - gioquatethn98,Giỏ Quà Tết Trang Miu,True,True,True
7596812993296452871,https://www.tiktok.com/@MS4wLjABAAAAdsuFcOjPrzsw0ZdV9dJ926Ho7pioc9om6tM3vxIND75ZEKCwBhVwUDIH5q4iKVvo/video/7596812993296452871,2026-01-19,4,Mon,26,729800,1998,15,240,318,0.35,Combo vô đối nhận về ê hề đồ ăn vặt luôn á #ancungbatuyet #anvatbatuy...,ancungbatuyet anvatbatuy,original sound - venhadontet49,Về Nhà đón Tết 🧧,True,True,True
7596697301922467090,https://www.tiktok.com/@MS4wLjABAAAAdsuFcOjPrzsw0ZdV9dJ926Ho7pioc9om6tM3vxIND75ZEKCwBhVwUDIH5q4iKVvo/video/7596697301922467090,2026-01-18,20,Sun,14,1181,13,0,6,1,1.69,Kẹo socola tết ngon nè #socola #keosocola #anvat#banhkeotet #tet,socola keosocola anvat banhkeotet tet,original sound - lethikhanhhuyen2004,Lê Thị Khánh Huyền,True,True,False
7596391126433565970,https://www.tiktok.com/@MS4wLjABAAAAdsuFcOjPrzsw0ZdV9dJ926Ho7pioc9om6tM3vxIND75ZEKCwBhVwUDIH5q4iKVvo/video/7596391126433565970,2026-01-18,0,Sun,14,601900,2403,26,756,334,0.58,Que cay tuổi thơ của tui á ngon thíii #anvat#quecay #quecayhangdai #h...,anvat quecay quecayhangdai h,original sound - antitrangkhanzone1,Anti Trang Khàn zone,True,True,True
7596376821717896455,https://www.tiktok.com/@MS4wLjABAAAAdsuFcOjPrzsw0ZdV9dJ926Ho7pioc9om6tM3vxIND75ZEKCwBhVwUDIH5q4iKVvo/video/7596376821717896455,2026-01-18,0,Sun,18,1220,6,1,6,0,1.07,Mận chua chua ngọt ngọt #mansaydeo #mansay #anvat#omai #banhkeotet,mansaydeo mansay anvat omai banhkeotet,original sound - hnng_capcutvatet,Mẫu Capcut Tết,True,True,True
7596362714167971080,https://www.tiktok.com/@MS4wLjABAAAAdsuFcOjPrzsw0ZdV9dJ926Ho7pioc9om6tM3vxIND75ZEKCwBhVwUDIH5q4iKVvo/video/7596362714167971080,2026-01-17,23,Sat,23,1379,2,0,4,1,0.51,Nem chua ngon mà săn được combo hạt dẻ nữa#nemchua #nemchualaivung #a...,nemchua nemchualaivung a,original sound - annahuynh_09,annahuynh_09,True,True,True
7596008187686325522,https://www.tiktok.com/@MS4wLjABAAAAdsuFcOjPrzsw0ZdV9dJ926Ho7pioc9om6tM3vxIND75ZEKCwBhVwUDIH5q4iKVvo/video/7596008187686325522,2026-01-17,0,Sat,19,1406,4,0,3,2,0.64,Nấm hương sấy giòn giòn #namhuongsaygion #namhuong #anvat#namsaygion ...,namhuongsaygion namhuong anvat namsaygion,original sound - beheobu0102,Bé heo bự🐷,True,True,True
7595995834622151944,https://www.tiktok.com/@MS4wLjABAAAAdsuFcOjPrzsw0ZdV9dJ926Ho7pioc9om6tM3vxIND75ZEKCwBhVwUDIH5q4iKVvo/video/7595995834622151944,2026-01-16,23,Fri,30,98800,377,2,45,48,0.48,Sườn ăn mềm nhiều thịt ngon nha #suonlongacbep #suonnon #amthuctaybac...,suonlongacbep suonnon amthuctaybac,original sound - beheobu0102,Bé heo bự🐷,True,True,True
7595639351355215122,https://www.tiktok.com/@MS4wLjABAAAAdsuFcOjPrzsw0ZdV9dJ926Ho7pioc9om6tM3vxIND75ZEKCwBhVwUDIH5q4iKVvo/video/7595639351355215122,2026-01-16,0,Fri,20,2263,4,2,5,1,0.53,Combo tết lại càng hời #thanhgaolut #anvat#banhgaolut #tikmart #banhk...,thanhgaolut anvat banhgaolut tikmart banhk,original sound - nhacxuantet,𝙉𝙝𝒂̣𝙘 𝙓𝙪𝐚̂𝙣 𝙏𝒆̂́𝙩,True,True,True
7595626569687633160,https://www.tiktok.com/@MS4wLjABAAAAdsuFcOjPrzsw0ZdV9dJ926Ho7pioc9om6tM3vxIND75ZEKCwBhVwUDIH5q4iKVvo/video/7595626569687633160,2026-01-15,23,Thu,18,80500,910,9,209,174,1.62,Sắm bánh kẹo tết gì chưa các người đẹp #banhkeotet #socola #anvat#tet...,banhkeotet socola anvat tet,original sound - beheobu0102,Bé heo bự🐷,True,True,False
7595256825239358728,https://www.tiktok.com/@MS4wLjABAAAAdsuFcOjPrzsw0ZdV9dJ926Ho7pioc9om6tM3vxIND75ZEKCwBhVwUDIH5q4iKVvo/video/7595256825239358728,2026-01-14,23,Wed,13,1095,3,0,2,0,0.46,Ăn chung với cơm nóng ngon nha#thittrungmamtep#haiongchufood #comnha ...,thittrungmamtep haiongchufood comnha,original sound - vietizenvibes,VIETIZEN VIBES,True,True,True
7594521844179307794,https://www.tiktok.com/@MS4wLjABAAAAdsuFcOjPrzsw0ZdV9dJ926Ho7pioc9om6tM3vxIND75ZEKCwBhVwUDIH5q4iKVvo/video/7594521844179307794,2026-01-13,0,Tue,13,5447,13,0,2,2,0.31,Combo đồ ăn vặt bà Tuyết đc nhiều mà ngon#changa #anvat#ancungbatuyet...,changa anvat ancungbatuyet,original sound - thonhonho0,🐰Thỏsayhi🥀✨,True,True,True
7594511140621749522,https://www.tiktok.com/@MS4wLjABAAAAdsuFcOjPrzsw0ZdV9dJ926Ho7pioc9om6tM3vxIND75ZEKCwBhVwUDIH5q4iKVvo/video/7594511140621749522,2026-01-12,23,Mon,13,1754,4,0,1,3,0.46,Chấm hoa quả chua chua nó hợp mà nó ngon nha#muoisacnhuyen #muoisac #...,muoisacnhuyen muoisac,original sound - antitrangkhanzone1,Anti Trang Khàn zone,True,True,True
7594147387854310664,https://www.tiktok.com/@MS4wLjABAAAAdsuFcOjPrzsw0ZdV9dJ926Ho7pioc9om6tM3vxIND75ZEKCwBhVwUDIH5q4iKVvo/video/7594147387854310664,2026-01-11,23,Sun,13,10100,30,1,13,8,0.51,Sữa chua sấy #suachuasay #suachuasaythanghoa #anvat#nhon#banhkeotet,suachuasay suachuasaythanghoa anvat nhon banhkeotet,original sound - antitrangkhanzone1,Anti Trang Khàn zone,True,True,True
7593817876264537352,https://www.tiktok.com/@MS4wLjABAAAAdsuFcOjPrzsw0ZdV9dJ926Ho7pioc9om6tM3vxIND75ZEKCwBhVwUDIH5q4iKVvo/video/7593817876264537352,2026-01-11,2,Sun,10,9466,18,0,9,6,0.35,Ngon thíii #anvat #quecay #quecayhangdai #anvattuoitho #tet,anvat quecay quecayhangdai anvattuoitho tet,original sound - phd_meme01,thế nào lại mạnhⓚ,True,True,True
7593795602794810632,https://www.tiktok.com/@MS4wLjABAAAAdsuFcOjPrzsw0ZdV9dJ926Ho7pioc9om6tM3vxIND75ZEKCwBhVwUDIH5q4iKVvo/video/7593795602794810632,2026-01-11,1,Sun,11,1784,14,5,7,6,1.79,Giòn giòn#dautaysaygion #xoaisaygion #anvat#banhkeotet #tet,dautaysaygion xoaisaygion anvat banhkeotet tet,original sound - doyan.makan7,ASMR🔥,True,True,True
7593788792935402760,https://www.tiktok.com/@MS4wLjABAAAAdsuFcOjPrzsw0ZdV9dJ926Ho7pioc9om6tM3vxIND75ZEKCwBhVwUDIH5q4iKVvo/video/7593788792935402760,2026-01-11,0,Sun,13,4281,10,1,32,5,1.12,Xoài sấy dẻo nhà mẹ rô ăn là nghiền ý#xoaisaydeo #xoaisaydeomero #anv...,xoaisaydeo xoaisaydeomero anv,original sound - antitrangkhanzone1,Anti Trang Khàn zone,True,True,True
7593774752355880200,https://www.tiktok.com/@MS4wLjABAAAAdsuFcOjPrzsw0ZdV9dJ926Ho7pioc9om6tM3vxIND75ZEKCwBhVwUDIH5q4iKVvo/video/7593774752355880200,2026-01-10,23,Sat,18,2289,6,0,6,1,0.57,Mơ sữa xí muội không hạt#mosuaximuoi #omai#omaichuangot #anvat#tet,mosuaximuoi omai omaichuangot anvat tet,original sound - antitrangkhanzone1,Anti Trang Khàn zone,True,True,True
7593758317122571527,https://www.tiktok.com/@MS4wLjABAAAAdsuFcOjPrzsw0ZdV9dJ926Ho7pioc9om6tM3vxIND75ZEKCwBhVwUDIH5q4iKVvo/video/7593758317122571527,2026-01-10,22,Sat,20,669,3,2,0,0,0.75,Thịt trưng mắm tép món này ngon mà hao cơm lắm nè#thitchungmamtep #ha...,thitchungmamtep ha,Mai này em sẽ nấu cơm,Lele nè,True,True,True
7593420068646571272,https://www.tiktok.com/@MS4wLjABAAAAdsuFcOjPrzsw0ZdV9dJ926Ho7pioc9om6tM3vxIND75ZEKCwBhVwUDIH5q4iKVvo/video/7593420068646571272,2026-01-10,0,Sat,11,79300,100,1,62,23,0.23,#quecay #quecayhangdai #anvat#anvattuoitho #ngon,quecay quecayhangdai anvat anvattuoitho ngon,original sound - beheobu0102,Bé heo bự🐷,True,True,True
7593413483832823047,https://www.tiktok.com/@MS4wLjABAAAAdsuFcOjPrzsw0ZdV9dJ926Ho7pioc9om6tM3vxIND75ZEKCwBhVwUDIH5q4iKVvo/video/7593413483832823047,2026-01-10,0,Sat,13,34600,30,1,17,4,0.15,Bỏng ngô #bongngo#bongngomy #anvat#tet#2026,bongngo bongngomy anvat tet 2026,original sound - canquetsaigon0201,Dính Food 2,True,True,True
7593406199853288722,https://www.tiktok.com/@MS4wLjABAAAAdsuFcOjPrzsw0ZdV9dJ926Ho7pioc9om6tM3vxIND75ZEKCwBhVwUDIH5q4iKVvo/video/7593406199853288722,2026-01-09,23,Fri,14,1644,44,35,7,4,5.47,Nui chiên giòn #nuichiengion #nuichienmamtoi #anvat#snack#Tet,nuichiengion nuichienmamtoi anvat snack Tet,original sound - antitrangkhanzone1,Anti Trang Khàn zone,True,True,True
7593400066799439122,https://www.tiktok.com/@MS4wLjABAAAAdsuFcOjPrzsw0ZdV9dJ926Ho7pioc9om6tM3vxIND75ZEKCwBhVwUDIH5q4iKVvo/video/7593400066799439122,2026-01-09,23,Fri,16,9764,18,0,5,4,0.28,Combo tri ân nhà bà Tuyết ngon mà hời#changabatuyet #changa #ancungba...,changabatuyet changa ancungba,original sound - caimienganvat,CÁI MIỆNG ĂN VẶT,True,True,True
7593036092224392466,https://www.tiktok.com/@MS4wLjABAAAAdsuFcOjPrzsw0ZdV9dJ926Ho7pioc9om6tM3vxIND75ZEKCwBhVwUDIH5q4iKVvo/video/7593036092224392466,2026-01-08,23,Thu,18,4863,19,2,5,3,0.6,Hoa quả sấy giòn nhà LuLa #dautaysaygion #xoaisaygion #anvat#hoaquasa...,dautaysaygion xoaisaygion anvat hoaquasa,original sound - doyan.makan7,ASMR🔥,True,True,True
7593018907401866504,https://www.tiktok.com/@MS4wLjABAAAAdsuFcOjPrzsw0ZdV9dJ926Ho7pioc9om6tM3vxIND75ZEKCwBhVwUDIH5q4iKVvo/video/7593018907401866504,2026-01-08,22,Thu,17,2214,3,1,4,2,0.45,Snack mì gói viên giòn ngon#snack#snackmigoivien #anvat#ngon#anvattuo...,snack snackmigoivien anvat ngon anvattuo,original sound - beheobu0102,Bé heo bự🐷,True,True,True
7592998413038259463,https://www.tiktok.com/@MS4wLjABAAAAdsuFcOjPrzsw0ZdV9dJ926Ho7pioc9om6tM3vxIND75ZEKCwBhVwUDIH5q4iKVvo/video/7592998413038259463,2026-01-08,21,Thu,15,1727,7,1,4,2,0.81,Chảy nước miếng #khobo #haianhemfood #anvat#khobosoi #tet,khobo haianhemfood anvat khobosoi tet,original sound - canquetsaigon0201,Dính Food 2,True,True,True
7592686485128613127,https://www.tiktok.com/@MS4wLjABAAAAdsuFcOjPrzsw0ZdV9dJ926Ho7pioc9om6tM3vxIND75ZEKCwBhVwUDIH5q4iKVvo/video/7592686485128613127,2026-01-08,1,Thu,12,2267,2,0,1,1,0.18,Que cay siu siu ngon á hehe#quecay #quecayhangdai #anvat#anvattuoitho...,quecay quecayhangdai anvat anvattuoitho,original sound - annahuynh_09,annahuynh_09,True,True,True
7592678941240937736,https://www.tiktok.com/@MS4wLjABAAAAdsuFcOjPrzsw0ZdV9dJ926Ho7pioc9om6tM3vxIND75ZEKCwBhVwUDIH5q4iKVvo/video/7592678941240937736,2026-01-08,0,Thu,22,910,4,1,2,1,0.88,Xoài sấy giòn nè ngon nha #xoaisaygion #xoaisay #xoaisaygionlula #anv...,xoaisaygion xoaisay xoaisaygionlula anv,original sound - doyan.makan7,ASMR🔥,True,True,True
7592670577249340680,https://www.tiktok.com/@MS4wLjABAAAAdsuFcOjPrzsw0ZdV9dJ926Ho7pioc9om6tM3vxIND75ZEKCwBhVwUDIH5q4iKVvo/video/7592670577249340680,2026-01-08,0,Thu,13,4136,9,0,11,1,0.51,Ô mai táo chua ngọt tuổi thơ#omaitao #omai#anvat#anvattuoitho #ngon,omaitao omai anvat anvattuoitho ngon,original sound - antitrangkhanzone1,Anti Trang Khàn zone,True,False,False
7592532683742399751,https://www.tiktok.com/@MS4wLjABAAAAdsuFcOjPrzsw0ZdV9dJ926Ho7pioc9om6tM3vxIND75ZEKCwBhVwUDIH5q4iKVvo/video/7592532683742399751,2026-01-07,15,Wed,13,3059,8,0,4,3,0.49,Mlem mlem #quecay #quecayhangdai #anvat#anvattuoitho #caycay,quecay quecayhangdai anvat anvattuoitho caycay,original sound - antitrangkhanzone1,Anti Trang Khàn zone,True,True,True
7592145133244615944,https://www.tiktok.com/@MS4wLjABAAAAdsuFcOjPrzsw0ZdV9dJ926Ho7pioc9om6tM3vxIND75ZEKCwBhVwUDIH5q4iKVvo/video/7592145133244615944,2026-01-06,14,Tue,19,1520,10,1,7,1,1.25,Kẹo trái cây ngon nè #keotraicay #keo #anvat#tet #2026,keotraicay keo anvat tet 2026,original sound - lethikhanhhuyen2004,Lê Thị Khánh Huyền,True,True,False
7591924662624374024,https://www.tiktok.com/@MS4wLjABAAAAdsuFcOjPrzsw0ZdV9dJ926Ho7pioc9om6tM3vxIND75ZEKCwBhVwUDIH5q4iKVvo/video/7591924662624374024,2026-01-06,0,Tue,15,2878,11,1,8,1,0.73,Bò miếng hằng đại chính hãng nè #bomienghangdai #anvat#anvattuoitho #...,bomienghangdai anvat anvattuoitho,original sound - antitrangkhanzone1,Anti Trang Khàn zone,True,True,True
7591911498079833351,https://www.tiktok.com/@MS4wLjABAAAAdsuFcOjPrzsw0ZdV9dJ926Ho7pioc9om6tM3vxIND75ZEKCwBhVwUDIH5q4iKVvo/video/7591911498079833351,2026-01-05,23,Mon,24,5964,19,0,14,4,0.62,Chân gà bà Tuyết dead hời nha#changabatuyet #ancungbatuyet #changarut...,changabatuyet ancungbatuyet changarut,original sound - antitrangkhanzone1,Anti Trang Khàn zone,True,True,True
7591782544769617160,https://www.tiktok.com/@MS4wLjABAAAAdsuFcOjPrzsw0ZdV9dJ926Ho7pioc9om6tM3vxIND75ZEKCwBhVwUDIH5q4iKVvo/video/7591782544769617160,2026-01-05,14,Mon,24,842,6,1,5,0,1.43,Kẹo xoài bóc vỏ ăn là nghiền #keoxoai#keoxoaibocvo#banhkeodailong#anv...,keoxoai keoxoaibocvo banhkeodailong anv,original sound - beheobu0102,Bé heo bự🐷,True,True,False
7591763193144380680,https://www.tiktok.com/@MS4wLjABAAAAdsuFcOjPrzsw0ZdV9dJ926Ho7pioc9om6tM3vxIND75ZEKCwBhVwUDIH5q4iKVvo/video/7591763193144380680,2026-01-05,13,Mon,28,4702,17,0,14,1,0.68,Thịt lợn gác bếp ngon chuẩn vị tây bắc#thitlongacbep#thitlongacbeptay...,thitlongacbep thitlongacbeptay,original sound - nemonhac_07,Nemo,True,True,True
7591563909870390546,https://www.tiktok.com/@MS4wLjABAAAAdsuFcOjPrzsw0ZdV9dJ926Ho7pioc9om6tM3vxIND75ZEKCwBhVwUDIH5q4iKVvo/video/7591563909870390546,2026-01-05,0,Mon,14,217300,642,12,365,94,0.51,Que cay ngon nè #quecay #quecayhangdai #anvat#anvattuoitho #caycay,quecay quecayhangdai anvat anvattuoitho caycay,original sound - canquetsaigon0201,Dính Food 2,True,True,True
7591550611510791432,https://www.tiktok.com/@MS4wLjABAAAAdsuFcOjPrzsw0ZdV9dJ926Ho7pioc9om6tM3vxIND75ZEKCwBhVwUDIH5q4iKVvo/video/7591550611510791432,2026-01-04,23,Sun,22,1858,15,2,3,2,1.18,Bánh mochi da tuyết #banhmochidatuyet #banhmochi#mochi#anvat#tet,banhmochidatuyet banhmochi mochi anvat tet,original sound - vietizenvibes,VIETIZEN VIBES,True,True,True
7591528299516497170,https://www.tiktok.com/@MS4wLjABAAAAdsuFcOjPrzsw0ZdV9dJ926Ho7pioc9om6tM3vxIND75ZEKCwBhVwUDIH5q4iKVvo/video/7591528299516497170,2026-01-04,22,Sun,18,5847,18,0,6,7,0.53,Ô mai đào hồng xí muội ngon nè #daohongximuoi #omaidaohong #omai#anva...,daohongximuoi omaidaohong omai anva,original sound - tet2026_40,Lil winter $,True,True,True
7591341679555169543,https://www.tiktok.com/@MS4wLjABAAAAdsuFcOjPrzsw0ZdV9dJ926Ho7pioc9om6tM3vxIND75ZEKCwBhVwUDIH5q4iKVvo/video/7591341679555169543,2026-01-04,10,Sun,28,3823,13,2,19,2,0.94,Bánh mochi Đại Long #banhmochi#banhkeodailong #anvat#mochi#tet,banhmochi banhkeodailong anvat mochi tet,original sound - hhmusic06,HH Music 🎧🎶,True,True,True
7591174570623782162,https://www.tiktok.com/@MS4wLjABAAAAdsuFcOjPrzsw0ZdV9dJ926Ho7pioc9om6tM3vxIND75ZEKCwBhVwUDIH5q4iKVvo/video/7591174570623782162,2026-01-03,23,Sat,15,2400000,7443,61,3712,1264,0.52,Que cay Hằng Đại siu siu dài nè #caycay #quecayhangdai #quecay#anvat#...,caycay quecayhangdai quecay anvat,original sound - antitrangkhanzone1,Anti Trang Khàn zone,True,True,True
7590812748452302087,https://www.tiktok.com/@MS4wLjABAAAAdsuFcOjPrzsw0ZdV9dJ926Ho7pioc9om6tM3vxIND75ZEKCwBhVwUDIH5q4iKVvo/video/7590812748452302087,2026-01-03,0,Sat,16,2485,14,1,4,1,0.8,Kẹo xoài muối ớt #keoxoaimuoiot #keoxoai #anvat#banhkeotet #tet,keoxoaimuoiot keoxoai anvat banhkeotet tet,original sound - lethikhanhhuyen2004,Lê Thị Khánh Huyền,True,True,True
7590807060833373447,https://www.tiktok.com/@MS4wLjABAAAAdsuFcOjPrzsw0ZdV9dJ926Ho7pioc9om6tM3vxIND75ZEKCwBhVwUDIH5q4iKVvo/video/7590807060833373447,2026-01-02,23,Fri,16,1599,1,1,0,2,0.25,Giòn tan #topmorimmamtoi #topmo #anvat #ngon #topmorim,topmorimmamtoi topmo anvat ngon topmorim,original sound - antitrangkhanzone1,Anti Trang Khàn zone,True,True,True
7589679358999022866,https://www.tiktok.com/@MS4wLjABAAAAdsuFcOjPrzsw0ZdV9dJ926Ho7pioc9om6tM3vxIND75ZEKCwBhVwUDIH5q4iKVvo/video/7589679358999022866,2025-12-30,22,Tue,10,1268,9,1,8,1,1.5,Tăm cay bà Tuyết #tamcaybatuyet #anvat#ancungbatuyet #anvatbatuyet #t...,tamcaybatuyet anvat ancungbatuyet anvatbatuyet t,original sound - antitrangkhanzone1,Anti Trang Khàn zone,True,True,False
7589673584595881224,https://www.tiktok.com/@MS4wLjABAAAAdsuFcOjPrzsw0ZdV9dJ926Ho7pioc9om6tM3vxIND75ZEKCwBhVwUDIH5q4iKVvo/video/7589673584595881224,2025-12-30,22,Tue,16,22900,50,0,13,11,0.32,Bánh tráng ngon hạt rẻ nữa #banhtrang #banhtrangtron #anvat#tiembanht...,banhtrang banhtrangtron anvat tiembanht,B U B B L E G U M,୨ rae. 🪽,True,True,True
7589118611395218695,https://www.tiktok.com/@MS4wLjABAAAAdsuFcOjPrzsw0ZdV9dJ926Ho7pioc9om6tM3vxIND75ZEKCwBhVwUDIH5q4iKVvo/video/7589118611395218695,2025-12-29,10,Mon,10,903,4,0,4,0,0.89,Kẹo dẻo#keodeo #keodeochipchip #keo #anvat#candy,keodeo keodeochipchip keo anvat candy,original sound - antitrangkhanzone1,Anti Trang Khàn zone,True,True,True
7589083560531823880,https://www.tiktok.com/@MS4wLjABAAAAdsuFcOjPrzsw0ZdV9dJ926Ho7pioc9om6tM3vxIND75ZEKCwBhVwUDIH5q4iKVvo/video/7589083560531823880,2025-12-29,8,Mon,10,535,3,2,8,0,2.43,Kẹo dẻo chíp chíp siu hời ý #keodeo #keodeochipchip #anvat#keo #candy,keodeo keodeochipchip anvat keo candy,original sound - canquetsaigon0201,Dính Food 2,True,True,True
7588961635725741319,https://www.tiktok.com/@MS4wLjABAAAAdsuFcOjPrzsw0ZdV9dJ926Ho7pioc9om6tM3vxIND75ZEKCwBhVwUDIH5q4iKVvo/video/7588961635725741319,2025-12-29,0,Mon,17,26800,71,1,15,7,0.35,Ngon ngon#bomieng #caycay #anvat#anvattuoitho #caycayhangdai,bomieng caycay anvat anvattuoitho caycayhangdai,original sound - itsciezaa,Angel Cieza,True,True,True
7588953834894986514,https://www.tiktok.com/@MS4wLjABAAAAdsuFcOjPrzsw0ZdV9dJ926Ho7pioc9om6tM3vxIND75ZEKCwBhVwUDIH5q4iKVvo/video/7588953834894986514,2025-12-28,23,Sun,25,1634,7,0,1,3,0.67,Cá trắm gác bếp ăn lạ lạ mà ngon#catram #catramgacbep #dungtoctaybac ...,catram catramgacbep dungtoctaybac,original sound - antitrangkhanzone1,Anti Trang Khàn zone,True,True,True
7588702223626997000,https://www.tiktok.com/@MS4wLjABAAAAdsuFcOjPrzsw0ZdV9dJ926Ho7pioc9om6tM3vxIND75ZEKCwBhVwUDIH5q4iKVvo/video/7588702223626997000,2025-12-28,7,Sun,15,1939,13,4,6,2,1.29,Giòn tan luôn á #xoaisay #xoaisaygion #anvat#xoaisaythanghoa #ancungt...,xoaisay xoaisaygion anvat xoaisaythanghoa ancungt,original sound - antitrangkhanzone1,Anti Trang Khàn zone,True,True,True
7588595973010574600,https://www.tiktok.com/@MS4wLjABAAAAdsuFcOjPrzsw0ZdV9dJ926Ho7pioc9om6tM3vxIND75ZEKCwBhVwUDIH5q4iKVvo/video/7588595973010574600,2025-12-28,0,Sun,12,375000,3982,8,216,452,1.24,Xoài sấy dẻo muối ớt #xoaisaydeo #xoaisay #anvat#xoai #ngon,xoaisaydeo xoaisay anvat xoai ngon,original sound - lilikween_106,Henry👻,True,True,True
7588583017208237330,https://www.tiktok.com/@MS4wLjABAAAAdsuFcOjPrzsw0ZdV9dJ926Ho7pioc9om6tM3vxIND75ZEKCwBhVwUDIH5q4iKVvo/video/7588583017208237330,2025-12-27,23,Sat,30,2959,12,0,20,2,1.15,Thịt trâu gác bếp chuẩn vị tây bắc #dungtoctaybac #dacsannuirung#amth...,dungtoctaybac dacsannuirung amth,original sound - lethikhanhhuyen2004,Lê Thị Khánh Huyền,True,True,True
7588541474099301650,https://www.tiktok.com/@MS4wLjABAAAAdsuFcOjPrzsw0ZdV9dJ926Ho7pioc9om6tM3vxIND75ZEKCwBhVwUDIH5q4iKVvo/video/7588541474099301650,2025-12-27,21,Sat,15,470,4,1,3,1,1.91,Me ngào đường chua chua ngọt ngọt #mengaoduong #me#mechua #anvat#omai,mengaoduong me mechua anvat omai,original sound - antitrangkhanzone1,Anti Trang Khàn zone,True,True,False
7588199759098187015,https://www.tiktok.com/@MS4wLjABAAAAdsuFcOjPrzsw0ZdV9dJ926Ho7pioc9om6tM3vxIND75ZEKCwBhVwUDIH5q4iKVvo/video/7588199759098187015,2025-12-26,23,Fri,23,572,4,0,3,0,1.22,Rong biển trộn cơm ngon mà được nhiều lắm nha #rongbien #rongbientron...,rongbien rongbientron,original sound - u.phng.toca,🧺✨️Đậu phộng toca🥜🫧,True,True,False
7587822163156290824,https://www.tiktok.com/@MS4wLjABAAAAdsuFcOjPrzsw0ZdV9dJ926Ho7pioc9om6tM3vxIND75ZEKCwBhVwUDIH5q4iKVvo/video/7587822163156290824,2025-12-25,22,Thu,20,22400,70,1,27,6,0.46,Combo tri ân hời chưa từng có #changa #changabatuyet #ancungbatuyet#a...,changa changabatuyet ancungbatuyet a,original sound - beheobu0102,Bé heo bự🐷,True,True,True
7587652775115427090,https://www.tiktok.com/@MS4wLjABAAAAdsuFcOjPrzsw0ZdV9dJ926Ho7pioc9om6tM3vxIND75ZEKCwBhVwUDIH5q4iKVvo/video/7587652775115427090,2025-12-25,11,Thu,19,139900,545,4,108,86,0.53,Bánh tráng nè ngon ý #banhtrang#banhtrangphomai #banhtrangtron #tiemb...,banhtrang banhtrangphomai banhtrangtron tiemb,original sound - beheobu0102,Bé heo bự🐷,True,True,True
7587476990043639058,https://www.tiktok.com/@MS4wLjABAAAAdsuFcOjPrzsw0ZdV9dJ926Ho7pioc9om6tM3vxIND75ZEKCwBhVwUDIH5q4iKVvo/video/7587476990043639058,2025-12-25,0,Thu,13,1127,10,0,4,3,1.51,Phô mai #botphomai #botphomaitornado #phomai #anvat#ancungtiktok,botphomai botphomaitornado phomai anvat ancungtiktok,original sound - itsciezaa,Angel Cieza,True,True,False
7587471944946076936,https://www.tiktok.com/@MS4wLjABAAAAdsuFcOjPrzsw0ZdV9dJ926Ho7pioc9om6tM3vxIND75ZEKCwBhVwUDIH5q4iKVvo/video/7587471944946076936,2025-12-25,0,Thu,21,11800,18,0,4,4,0.22,Cay cay Hằng Đại #anvat#anvattuoitho #bomienghangdai #hangdai #ngon,anvat anvattuoitho bomienghangdai hangdai ngon,original sound - nhamnhamjt,Một chiếc bụng đói,True,True,True
7587112210334321938,https://www.tiktok.com/@MS4wLjABAAAAdsuFcOjPrzsw0ZdV9dJ926Ho7pioc9om6tM3vxIND75ZEKCwBhVwUDIH5q4iKVvo/video/7587112210334321938,2025-12-24,0,Wed,18,4032,27,0,5,7,0.97,Bột phô mai ăn gì cũng ngon#botphomai #botphomaitornado #ngon#phomai#...,botphomai botphomaitornado ngon phomai,original sound - asmrhieak,🔊🥧👩,True,True,True
7587099788684840199,https://www.tiktok.com/@MS4wLjABAAAAdsuFcOjPrzsw0ZdV9dJ926Ho7pioc9om6tM3vxIND75ZEKCwBhVwUDIH5q4iKVvo/video/7587099788684840199,2025-12-24,0,Wed,15,412700,1680,48,272,296,0.56,Ngon mà hạt rẻ là lụm liền #banhtrang #banhtrangmiss#banhtrangtron #b...,banhtrang banhtrangmiss banhtrangtron b,original sound - beheobu0102,Bé heo bự🐷,True,True,True
7587093291942939911,https://www.tiktok.com/@MS4wLjABAAAAdsuFcOjPrzsw0ZdV9dJ926Ho7pioc9om6tM3vxIND75ZEKCwBhVwUDIH5q4iKVvo/video/7587093291942939911,2025-12-23,23,Tue,24,250,4,0,1,3,3.2,Bánh tráng phơi sương ngon bá cháy #banhtrang#banhtrangphoisuong #anv...,banhtrang banhtrangphoisuong anv,original sound - antitrangkhanzone1,Anti Trang Khàn zone,True,True,False
7586995371688168711,https://www.tiktok.com/@MS4wLjABAAAAdsuFcOjPrzsw0ZdV9dJ926Ho7pioc9om6tM3vxIND75ZEKCwBhVwUDIH5q4iKVvo/video/7586995371688168711,2025-12-23,17,Tue,14,3160,3,0,7,1,0.35,Ê ngon#comchaymohanh #comchay #anvat #anvatcomai #ngon,comchaymohanh comchay anvat anvatcomai ngon,original sound - doyan.makan7,ASMR🔥,True,True,True
7586732763911294215,https://www.tiktok.com/@MS4wLjABAAAAdsuFcOjPrzsw0ZdV9dJ926Ho7pioc9om6tM3vxIND75ZEKCwBhVwUDIH5q4iKVvo/video/7586732763911294215,2025-12-23,0,Tue,18,1144,2,0,3,0,0.44,Xoài sấy giòn giòn thơm thơm siu ngon#xoaisaygion #xoaisaygionlula #a...,xoaisaygion xoaisaygionlula a,original sound - antitrangkhanzone1,Anti Trang Khàn zone,True,True,True
7586721259275259154,https://www.tiktok.com/@MS4wLjABAAAAdsuFcOjPrzsw0ZdV9dJ926Ho7pioc9om6tM3vxIND75ZEKCwBhVwUDIH5q4iKVvo/video/7586721259275259154,2025-12-22,23,Mon,27,1602,3,2,7,0,0.75,Bò sợi ngon lắm nha #khobo #khobosoi #anvat#haianhemfood #samtet,khobo khobosoi anvat haianhemfood samtet,original sound - vietizenvibes,VIETIZEN VIBES,True,True,True
7586692748749655314,https://www.tiktok.com/@MS4wLjABAAAAdsuFcOjPrzsw0ZdV9dJ926Ho7pioc9om6tM3vxIND75ZEKCwBhVwUDIH5q4iKVvo/video/7586692748749655314,2025-12-22,21,Mon,23,1361,3,0,3,3,0.66,Bánh choco Phạm Nguyên #banhchoco #banh #banhkeotet #banhphamnguyen #...,banhchoco banh banhkeotet banhphamnguyen,original sound - tranhaibangg,Hải Băng (海邦),True,True,False
7586361438772514066,https://www.tiktok.com/@MS4wLjABAAAAdsuFcOjPrzsw0ZdV9dJ926Ho7pioc9om6tM3vxIND75ZEKCwBhVwUDIH5q4iKVvo/video/7586361438772514066,2025-12-22,0,Mon,18,6275,27,1,6,3,0.59,Kẹo dẻo bọc cốm giòn rụm#keodeo #keodeoboccom #anvat#keo#keotraicay,keodeo keodeoboccom anvat keo keotraicay,original sound - luongthingocha,𝐍𝐠𝐚̂𝐧 𝐇𝐚̀ 🍌,True,True,True
7585993620763856136,https://www.tiktok.com/@MS4wLjABAAAAdsuFcOjPrzsw0ZdV9dJ926Ho7pioc9om6tM3vxIND75ZEKCwBhVwUDIH5q4iKVvo/video/7585993620763856136,2025-12-21,0,Sun,18,9514,14,0,5,3,0.23,X2 sốt luôn đó #banhtrangubo #banhtrang#banhtrangtron #anvat #tiemban...,banhtrangubo banhtrang banhtrangtron anvat tiemban,original sound - luongthingocha,𝐍𝐠𝐚̂𝐧 𝐇𝐚̀ 🍌,True,True,True
7585987007365565703,https://www.tiktok.com/@MS4wLjABAAAAdsuFcOjPrzsw0ZdV9dJ926Ho7pioc9om6tM3vxIND75ZEKCwBhVwUDIH5q4iKVvo/video/7585987007365565703,2025-12-21,0,Sun,24,1019,7,1,0,1,0.88,Cơm cháy giòn rụm #comchay #comchaychabong #comchayninhbinh #anvat#an...,comchay comchaychabong comchayninhbinh anvat an,original sound - u.phng.toca,🧺✨️Đậu phộng toca🥜🫧,True,True,True
7585954761380252936,https://www.tiktok.com/@MS4wLjABAAAAdsuFcOjPrzsw0ZdV9dJ926Ho7pioc9om6tM3vxIND75ZEKCwBhVwUDIH5q4iKVvo/video/7585954761380252936,2025-12-20,21,Sat,20,6440,17,0,23,4,0.68,Xoài sấy giòn LuLa ăn giòn mà ngon #xoaisaygion #xoaisaythanghoa #xoa...,xoaisaygion xoaisaythanghoa xoa,original sound - beheobu0102,Bé heo bự🐷,True,True,True
7585942483209587975,https://www.tiktok.com/@MS4wLjABAAAAdsuFcOjPrzsw0ZdV9dJ926Ho7pioc9om6tM3vxIND75ZEKCwBhVwUDIH5q4iKVvo/video/7585942483209587975,2025-12-20,21,Sat,16,3522,13,0,1,1,0.43,Tắc rim mật ong #tacrimmatong #tacchuangot #anvat#muttet#omai,tacrimmatong tacchuangot anvat muttet omai,original sound - vietizenvibes,VIETIZEN VIBES,True,True,True
7585912659468455176,https://www.tiktok.com/@MS4wLjABAAAAdsuFcOjPrzsw0ZdV9dJ926Ho7pioc9om6tM3vxIND75ZEKCwBhVwUDIH5q4iKVvo/video/7585912659468455176,2025-12-20,19,Sat,19,22100,29,0,6,3,0.17,Combo tri ân x2 sốt #banhtrangubo #banhtrang#anvat#tiembanhtrangcute ...,banhtrangubo banhtrang anvat tiembanhtrangcute,original sound - beheobu0102,Bé heo bự🐷,True,True,True
7585745259422928136,https://www.tiktok.com/@MS4wLjABAAAAdsuFcOjPrzsw0ZdV9dJ926Ho7pioc9om6tM3vxIND75ZEKCwBhVwUDIH5q4iKVvo/video/7585745259422928136,2025-12-20,8,Sat,24,3566,7,0,2,2,0.31,Bánh sữa chua 8 vị #banhsuachua#banh#anvat#suachua#ancungtiktok,banhsuachua banh anvat suachua ancungtiktok,original sound - lethikhanhhuyen2004,Lê Thị Khánh Huyền,True,True,True
7585599153414147335,https://www.tiktok.com/@MS4wLjABAAAAdsuFcOjPrzsw0ZdV9dJ926Ho7pioc9om6tM3vxIND75ZEKCwBhVwUDIH5q4iKVvo/video/7585599153414147335,2025-12-19,22,Fri,21,1373,6,0,3,1,0.73,Bánh tráng miss 9 vị #banhtrang#tiemnhapula #banhtrangmiss#anvat#banh...,banhtrang tiemnhapula banhtrangmiss anvat banh,original sound - lethikhanhhuyen2004,Lê Thị Khánh Huyền,True,True,False
7585556322679147794,https://www.tiktok.com/@MS4wLjABAAAAdsuFcOjPrzsw0ZdV9dJ926Ho7pioc9om6tM3vxIND75ZEKCwBhVwUDIH5q4iKVvo/video/7585556322679147794,2025-12-19,20,Fri,20,4249,10,0,8,3,0.49,Snack bỏng ngô ngon như ngoài rạp #anvat#snackbongngo #tiemnhapula #b...,anvat snackbongngo tiemnhapula b,original sound - galaxycinema_official,Galaxy Cinema,True,True,True
7585254207062576392,https://www.tiktok.com/@MS4wLjABAAAAdsuFcOjPrzsw0ZdV9dJ926Ho7pioc9om6tM3vxIND75ZEKCwBhVwUDIH5q4iKVvo/video/7585254207062576392,2025-12-19,0,Fri,16,1349,2,0,3,1,0.44,Cóc dẻo rim xá xị#cocdeorimxaxi #cocdeo #cocchua#huongbeofood #anvat,cocdeorimxaxi cocdeo cocchua huongbeofood anvat,original sound - antitrangkhanzone1,Anti Trang Khàn zone,True,True,True
7585243960117890311,https://www.tiktok.com/@MS4wLjABAAAAdsuFcOjPrzsw0ZdV9dJ926Ho7pioc9om6tM3vxIND75ZEKCwBhVwUDIH5q4iKVvo/video/7585243960117890311,2025-12-19,0,Fri,20,1053,4,0,3,0,0.66,Đậu phộng vị rong biển #dauphong #dauphongvirongbien#wantwant #anvat ...,dauphong dauphongvirongbien wantwant anvat,original sound - tetnguyendan2027_dinhmui,🌸𝐓ế𝐭 𝟐𝟎𝟐𝟕🌸,True,True,True
7585233756777106695,https://www.tiktok.com/@MS4wLjABAAAAdsuFcOjPrzsw0ZdV9dJ926Ho7pioc9om6tM3vxIND75ZEKCwBhVwUDIH5q4iKVvo/video/7585233756777106695,2025-12-18,23,Thu,26,1390,2,1,2,0,0.36,Thanh năng lượng tiện lợi #thanhnangluong #nangluong #anvat#ancungtik...,thanhnangluong nangluong anvat ancungtik,c u t e s o. u n d,ׂ◌⃘  ׅ ׂ c͠ɑtִׄhɑִׄrinִׄē ִ𔘓ׄ,True,True,True
7584882814814866706,https://www.tiktok.com/@MS4wLjABAAAAdsuFcOjPrzsw0ZdV9dJ926Ho7pioc9om6tM3vxIND75ZEKCwBhVwUDIH5q4iKVvo/video/7584882814814866706,2025-12-18,0,Thu,13,1299,8,0,1,1,0.77,Thịt sấy khô #thitsay #anvat#nhau#monnhau#ancungtiktok,thitsay anvat nhau monnhau ancungtiktok,original sound - canquetsaigon0201,Dính Food 2,True,True,True
7584876428018060552,https://www.tiktok.com/@MS4wLjABAAAAdsuFcOjPrzsw0ZdV9dJ926Ho7pioc9om6tM3vxIND75ZEKCwBhVwUDIH5q4iKVvo/video/7584876428018060552,2025-12-18,0,Thu,6,4239,12,1,3,4,0.47,Kẹo hương trái cây chua ngọt #keo #candy #anvat#anvattuoitho #keotrai...,keo candy anvat anvattuoitho keotrai,original sound - lilikween_106,Henry👻,True,True,True
7584434993837903111,https://www.tiktok.com/@MS4wLjABAAAAdsuFcOjPrzsw0ZdV9dJ926Ho7pioc9om6tM3vxIND75ZEKCwBhVwUDIH5q4iKVvo/video/7584434993837903111,2025-12-16,19,Tue,23,672,3,0,1,2,0.89,Ây ta nói cay mà ăn cuốn ấy #muoitayninh #muoisac #muoi #anvat#muoicham,muoitayninh muoisac muoi anvat muoicham,original sound - antitrangkhanzone1,Anti Trang Khàn zone,True,True,False
7584134841558502674,https://www.tiktok.com/@MS4wLjABAAAAdsuFcOjPrzsw0ZdV9dJ926Ho7pioc9om6tM3vxIND75ZEKCwBhVwUDIH5q4iKVvo/video/7584134841558502674,2025-12-16,0,Tue,15,783,3,0,2,1,0.77,Dễ uống mà tốt cho sức khoẻ #raumadauxanh #nuocraumadauxanh#ngonvalan...,raumadauxanh nuocraumadauxanh ngonvalan,original sound - vietizenvibes,VIETIZEN VIBES,True,True,True
7583759627163012360,https://www.tiktok.com/@MS4wLjABAAAAdsuFcOjPrzsw0ZdV9dJ926Ho7pioc9om6tM3vxIND75ZEKCwBhVwUDIH5q4iKVvo/video/7583759627163012360,2025-12-15,0,Mon,15,1797,3,0,3,1,0.39,Cơm cháy mỡ hành giòn rụm#comchay #comchaymohanh #anvatcomai #anvat#a...,comchay comchaymohanh anvatcomai anvat a,original sound - doyan.makan7,ASMR🔥,True,True,True
7583741657632312583,https://www.tiktok.com/@MS4wLjABAAAAdsuFcOjPrzsw0ZdV9dJ926Ho7pioc9om6tM3vxIND75ZEKCwBhVwUDIH5q4iKVvo/video/7583741657632312583,2025-12-14,22,Sun,21,1338,3,0,0,0,0.22,Cơm cháy chà bông mini #comchay #comchaychabong #anvat#comchaymamhanh...,comchay comchaychabong anvat comchaymamhanh,,,False,True,True
7583390719545511186,https://www.tiktok.com/@MS4wLjABAAAAdsuFcOjPrzsw0ZdV9dJ926Ho7pioc9om6tM3vxIND75ZEKCwBhVwUDIH5q4iKVvo/video/7583390719545511186,2025-12-14,0,Sun,14,1690,5,0,2,1,0.47,Heo Quế Thanh #heoquethanh #bepchefhai #khoheo#anvat#monnhau,heoquethanh bepchefhai khoheo anvat monnhau,original sound - luongthingocha,𝐍𝐠𝐚̂𝐧 𝐇𝐚̀ 🍌,True,True,True
7583380982150040839,https://www.tiktok.com/@MS4wLjABAAAAdsuFcOjPrzsw0ZdV9dJ926Ho7pioc9om6tM3vxIND75ZEKCwBhVwUDIH5q4iKVvo/video/7583380982150040839,2025-12-13,23,Sat,19,845,9,0,5,4,2.13,Kẹo thơm miệng không đường tiện lợi mà hạt rẻ nha #keothommieng #keon...,keothommieng keon,오사하면 달려감,euoxwe,True,True,True
7583022229118668050,https://www.tiktok.com/@MS4wLjABAAAAdsuFcOjPrzsw0ZdV9dJ926Ho7pioc9om6tM3vxIND75ZEKCwBhVwUDIH5q4iKVvo/video/7583022229118668050,2025-12-13,0,Sat,29,1842,11,0,9,3,1.25,Mực cán tẩm vị chuẩn Nha Trang ngon lắm nha#muccantamgiavi #muccan #7...,muccantamgiavi muccan 7,original sound - beheobu0102,Bé heo bự🐷,True,True,True
7583004412709244168,https://www.tiktok.com/@MS4wLjABAAAAdsuFcOjPrzsw0ZdV9dJ926Ho7pioc9om6tM3vxIND75ZEKCwBhVwUDIH5q4iKVvo/video/7583004412709244168,2025-12-12,23,Fri,24,3884,20,1,36,7,1.65,Bánh mochi kem lạnh #banhmochi #banhmochikemlanh #banhkeotet #anvat#b...,banhmochi banhmochikemlanh banhkeotet anvat b,original sound - lethikhanhhuyen2004,Lê Thị Khánh Huyền,True,True,True
7582964283936427272,https://www.tiktok.com/@MS4wLjABAAAAdsuFcOjPrzsw0ZdV9dJ926Ho7pioc9om6tM3vxIND75ZEKCwBhVwUDIH5q4iKVvo/video/7582964283936427272,2025-12-12,20,Fri,32,18400,30,0,6,6,0.23,Heo Quế Thanh ngon nha#heoquethanh#chefhai #anvat#ancungtiktok #bepch...,heoquethanh chefhai anvat ancungtiktok bepch,original sound - antitrangkhanzone1,Anti Trang Khàn zone,True,True,True
7582302295736765714,https://www.tiktok.com/@MS4wLjABAAAAdsuFcOjPrzsw0ZdV9dJ926Ho7pioc9om6tM3vxIND75ZEKCwBhVwUDIH5q4iKVvo/video/7582302295736765714,2025-12-11,1,Thu,11,21700,73,0,9,4,0.4,#anvat#anvatnoidiatrung #anvattuoitho #ngon#ancungtiktok,anvat anvatnoidiatrung anvattuoitho ngon ancungtiktok,original sound - antitrangkhanzone1,Anti Trang Khàn zone,True,True,True
7582294094282575122,https://www.tiktok.com/@MS4wLjABAAAAdsuFcOjPrzsw0ZdV9dJ926Ho7pioc9om6tM3vxIND75ZEKCwBhVwUDIH5q4iKVvo/video/7582294094282575122,2025-12-11,1,Thu,16,20700,46,0,5,6,0.28,Săn lẹ số lượng có hạn nha #anvat #anvatnoidiatrung #anvattuoitho #qu...,anvat anvatnoidiatrung anvattuoitho qu,original sound - luongthingocha,𝐍𝐠𝐚̂𝐧 𝐇𝐚̀ 🍌,True,True,True
7581547473441803538,https://www.tiktok.com/@MS4wLjABAAAAdsuFcOjPrzsw0ZdV9dJ926Ho7pioc9om6tM3vxIND75ZEKCwBhVwUDIH5q4iKVvo/video/7581547473441803538,2025-12-09,0,Tue,12,7223,15,0,5,0,0.28,Chua chua ngọt ngọt ngon xỉu #chumruot #cocdeo #anvat#omai #ancungtik...,chumruot cocdeo anvat omai ancungtik,original sound - antitrangkhanzone1,Anti Trang Khàn zone,True,True,True
7581535151000145170,https://www.tiktok.com/@MS4wLjABAAAAdsuFcOjPrzsw0ZdV9dJ926Ho7pioc9om6tM3vxIND75ZEKCwBhVwUDIH5q4iKVvo/video/7581535151000145170,2025-12-09,0,Tue,19,386200,3450,21,212,285,1.03,Ngon#bobia #bobiangot #bopia #anvat#anvattuoitho,bobia bobiangot bopia anvat anvattuoitho,original sound - beheobu0102,Bé heo bự🐷,True,True,True
7581460662342241543,https://www.tiktok.com/@MS4wLjABAAAAdsuFcOjPrzsw0ZdV9dJ926Ho7pioc9om6tM3vxIND75ZEKCwBhVwUDIH5q4iKVvo/video/7581460662342241543,2025-12-08,19,Mon,27,681,6,0,3,1,1.47,Chân gà bà Tuyết vẫn là chân ái #changa #changabatuyet #anvatbatuyet ...,changa changabatuyet anvatbatuyet,original sound - nini.analog,𐙚 ₊ ⊹ prandini,True,True,True
7581458525562490130,https://www.tiktok.com/@MS4wLjABAAAAdsuFcOjPrzsw0ZdV9dJ926Ho7pioc9om6tM3vxIND75ZEKCwBhVwUDIH5q4iKVvo/video/7581458525562490130,2025-12-08,19,Mon,25,267,5,0,0,2,2.62,Bình giữ nhiệt 1000ml#binhgiunhiet #binhgiunhietcute #binhnuoc #binhn...,binhgiunhiet binhgiunhietcute binhnuoc binhn,오사하면 달려감,euoxwe,True,True,False
7581313985136348424,https://www.tiktok.com/@MS4wLjABAAAAdsuFcOjPrzsw0ZdV9dJ926Ho7pioc9om6tM3vxIND75ZEKCwBhVwUDIH5q4iKVvo/video/7581313985136348424,2025-12-08,9,Mon,14,27000,47,3,9,4,0.23,Cơm cháy chà bông #comchay#comchaychabong #anvat#comchayninhbinh #anc...,comchay comchaychabong anvat comchayninhbinh anc,original sound - nhamnhamjt,Một chiếc bụng đói,True,True,True
7581169075271830792,https://www.tiktok.com/@MS4wLjABAAAAdsuFcOjPrzsw0ZdV9dJ926Ho7pioc9om6tM3vxIND75ZEKCwBhVwUDIH5q4iKVvo/video/7581169075271830792,2025-12-08,0,Mon,15,1758,11,0,1,2,0.8,Combo 5000g snack #snack#snackphomai#anvat#bimbim#ancungtiktok,snack snackphomai anvat bimbim ancungtiktok,original sound - luongthingocha,𝐍𝐠𝐚̂𝐧 𝐇𝐚̀ 🍌,True,True,True
7581159560619003154,https://www.tiktok.com/@MS4wLjABAAAAdsuFcOjPrzsw0ZdV9dJ926Ho7pioc9om6tM3vxIND75ZEKCwBhVwUDIH5q4iKVvo/video/7581159560619003154,2025-12-07,23,Sun,21,2451,12,2,5,3,0.9,Kẹo dừa nhân sữa #keoduanhansua #keodua#keo#candy #anvat,keoduanhansua keodua keo candy anvat,original sound - u.phng.toca,🧺✨️Đậu phộng toca🥜🫧,True,True,True
7581151354089901319,https://www.tiktok.com/@MS4wLjABAAAAdsuFcOjPrzsw0ZdV9dJ926Ho7pioc9om6tM3vxIND75ZEKCwBhVwUDIH5q4iKVvo/video/7581151354089901319,2025-12-07,23,Sun,20,42200,253,4,16,23,0.7,Sét đầy đủ mà hạt rẻ ý nhon xỉu #bobia #bobiangot#anvat#anvattuoitho ...,bobia bobiangot anvat anvattuoitho,original sound - beheobu0102,Bé heo bự🐷,True,True,True
7581104274919247112,https://www.tiktok.com/@MS4wLjABAAAAdsuFcOjPrzsw0ZdV9dJ926Ho7pioc9om6tM3vxIND75ZEKCwBhVwUDIH5q4iKVvo/video/7581104274919247112,2025-12-07,20,Sun,12,511500,1389,14,275,171,0.36,Săn lẹ nha số lượng có hạn #anvat#anvatnoidiatrung #anvattuoitho #anc...,anvat anvatnoidiatrung anvattuoitho anc,original sound - antitrangkhanzone1,Anti Trang Khàn zone,True,True,True
7581091621446356231,https://www.tiktok.com/@MS4wLjABAAAAdsuFcOjPrzsw0ZdV9dJ926Ho7pioc9om6tM3vxIND75ZEKCwBhVwUDIH5q4iKVvo/video/7581091621446356231,2025-12-07,19,Sun,13,881,6,0,2,2,1.14,Nem chua cối chuẩn gốc Thanh Hoá #nemchua#nemchuacoi #nemchuathanhhoa...,nemchua nemchuacoi nemchuathanhhoa,original sound - antitrangkhanzone1,Anti Trang Khàn zone,True,True,True
7580798836906560775,https://www.tiktok.com/@MS4wLjABAAAAdsuFcOjPrzsw0ZdV9dJ926Ho7pioc9om6tM3vxIND75ZEKCwBhVwUDIH5q4iKVvo/video/7580798836906560775,2025-12-07,0,Sun,14,435,4,0,0,0,0.92,Bánh tráng cô Mai lúc nào cũng ngon ý #banhtrang#banhtrangcomai #anva...,banhtrang banhtrangcomai anva,original sound - antitrangkhanzone1,Anti Trang Khàn zone,True,True,True
7580788940605623570,https://www.tiktok.com/@MS4wLjABAAAAdsuFcOjPrzsw0ZdV9dJ926Ho7pioc9om6tM3vxIND75ZEKCwBhVwUDIH5q4iKVvo/video/7580788940605623570,2025-12-06,23,Sat,13,4197,9,0,3,2,0.33,Giòn giòn#snack #bimbim#snackgiontan #anvat#ancungtiktok,snack bimbim snackgiontan anvat ancungtiktok,original sound - beheobu0102,Bé heo bự🐷,True,True,True
7580765733324442888,https://www.tiktok.com/@MS4wLjABAAAAdsuFcOjPrzsw0ZdV9dJ926Ho7pioc9om6tM3vxIND75ZEKCwBhVwUDIH5q4iKVvo/video/7580765733324442888,2025-12-06,22,Sat,14,31900,78,2,23,17,0.38,Ô mai táo tuổi thơ #omai #omaitaotim #anvat#anvattuoitho #ancungtiktok,omai omaitaotim anvat anvattuoitho ancungtiktok,original sound - beheobu0102,Bé heo bự🐷,True,True,False
7580718379443440903,https://www.tiktok.com/@MS4wLjABAAAAdsuFcOjPrzsw0ZdV9dJ926Ho7pioc9om6tM3vxIND75ZEKCwBhVwUDIH5q4iKVvo/video/7580718379443440903,2025-12-06,19,Sat,16,846500,3150,16,409,305,0.46,Combo này ngon nè #anvat#anvatnoidiatrung #caycay #anvattuoitho #ancu...,anvat anvatnoidiatrung caycay anvattuoitho ancu,original sound - beheobu0102,Bé heo bự🐷,True,True,True
7580677926451039495,https://www.tiktok.com/@MS4wLjABAAAAdsuFcOjPrzsw0ZdV9dJ926Ho7pioc9om6tM3vxIND75ZEKCwBhVwUDIH5q4iKVvo/video/7580677926451039495,2025-12-06,16,Sat,19,1300000,4993,28,670,593,0.48,Cơm cháy đặc sản Ninh Bình #comchay #comchaychabong#comchaygaolut #an...,comchay comchaychabong comchaygaolut an,original sound - lilymukbangidols,Lilly🥧🧃,True,True,True
7580632477090270471,https://www.tiktok.com/@MS4wLjABAAAAdsuFcOjPrzsw0ZdV9dJ926Ho7pioc9om6tM3vxIND75ZEKCwBhVwUDIH5q4iKVvo/video/7580632477090270471,2025-12-06,13,Sat,13,337900,1329,24,413,260,0.6,Vẫn ngon như ngày nào #omaitaotim #omai #omaichuangot #anvat#anvattuo...,omaitaotim omai omaichuangot anvat anvattuo,original sound - antitrangkhanzone1,Anti Trang Khàn zone,True,True,False
7580431835797212424,https://www.tiktok.com/@MS4wLjABAAAAdsuFcOjPrzsw0ZdV9dJ926Ho7pioc9om6tM3vxIND75ZEKCwBhVwUDIH5q4iKVvo/video/7580431835797212424,2025-12-06,0,Sat,20,2539,10,0,2,1,0.51,Bánh nhãn #banhnhan #banhnhanhaihau #banh#anvat#ancungtiktok,banhnhan banhnhanhaihau banh anvat ancungtiktok,original sound - beheobu0102,Bé heo bự🐷,True,True,True
7580422518935178514,https://www.tiktok.com/@MS4wLjABAAAAdsuFcOjPrzsw0ZdV9dJ926Ho7pioc9om6tM3vxIND75ZEKCwBhVwUDIH5q4iKVvo/video/7580422518935178514,2025-12-06,0,Sat,16,24000,110,0,24,18,0.63,Snack ngon#snack #anvat#bimbim#ngon,snack anvat bimbim ngon,original sound - doyan.makan7,ASMR🔥,True,True,True
7580417345324076296,https://www.tiktok.com/@MS4wLjABAAAAdsuFcOjPrzsw0ZdV9dJ926Ho7pioc9om6tM3vxIND75ZEKCwBhVwUDIH5q4iKVvo/video/7580417345324076296,2025-12-05,23,Fri,17,824,8,0,4,3,1.82,Chân gà Cung Đình to giòn sần sật#changa #changacungdinh #changaheyyo...,changa changacungdinh changaheyyo,original sound - canquetsaigon0201,Dính Food 2,True,True,True
7580406393656708370,https://www.tiktok.com/@MS4wLjABAAAAdsuFcOjPrzsw0ZdV9dJ926Ho7pioc9om6tM3vxIND75ZEKCwBhVwUDIH5q4iKVvo/video/7580406393656708370,2025-12-05,23,Fri,14,200,3,0,2,0,2.5,Ô mai mix vị đang hạt rẻ lum ngay nha#omai #omaimixvi #anvat#keo #canday,omai omaimixvi anvat keo canday,original sound - beheobu0102,Bé heo bự🐷,True,True,False
7580174442035203335,https://www.tiktok.com/@MS4wLjABAAAAdsuFcOjPrzsw0ZdV9dJ926Ho7pioc9om6tM3vxIND75ZEKCwBhVwUDIH5q4iKVvo/video/7580174442035203335,2025-12-05,8,Fri,12,6671,21,2,8,1,0.48,Combo 2 chiếc nem chua cối #nemchua #nemchuacoi #nemchuathanhhoa #anv...,nemchua nemchuacoi nemchuathanhhoa anv,original sound - antitrangkhanzone1,Anti Trang Khàn zone,True,True,True
7580050278334909704,https://www.tiktok.com/@MS4wLjABAAAAdsuFcOjPrzsw0ZdV9dJ926Ho7pioc9om6tM3vxIND75ZEKCwBhVwUDIH5q4iKVvo/video/7580050278334909704,2025-12-05,0,Fri,15,799000,1358,29,402,280,0.26,Tăm cay bà Tuyết ngon nhức nách #tamcay#tamcaybatuyet #ancungbatuyet ...,tamcay tamcaybatuyet ancungbatuyet,original sound - doyan.makan7,ASMR🔥,True,True,True
7580039655899303186,https://www.tiktok.com/@MS4wLjABAAAAdsuFcOjPrzsw0ZdV9dJ926Ho7pioc9om6tM3vxIND75ZEKCwBhVwUDIH5q4iKVvo/video/7580039655899303186,2025-12-04,23,Thu,22,7088,15,0,5,6,0.37,Nem chuẩn vị truyền thống đã to dài lại còn ngon🤭#nemchua #nemchuacoi...,nemchua nemchuacoi,original sound - luongthingocha,𝐍𝐠𝐚̂𝐧 𝐇𝐚̀ 🍌,True,True,True
7580028006161468690,https://www.tiktok.com/@MS4wLjABAAAAdsuFcOjPrzsw0ZdV9dJ926Ho7pioc9om6tM3vxIND75ZEKCwBhVwUDIH5q4iKVvo/video/7580028006161468690,2025-12-04,22,Thu,20,186,0,0,0,0,0.0,Bánh phồng tôm có tôm thiệt nha #banhphongtom #banhphongtomcamau #pho...,banhphongtom banhphongtomcamau pho,original sound - beheobu0102,Bé heo bự🐷,True,True,True
7579689716551814408,https://www.tiktok.com/@MS4wLjABAAAAdsuFcOjPrzsw0ZdV9dJ926Ho7pioc9om6tM3vxIND75ZEKCwBhVwUDIH5q4iKVvo/video/7579689716551814408,2025-12-04,0,Thu,13,675,5,0,4,0,1.33,Chua chua ngọt ngọt ăn cuốn lắm ý #keodeo #keodeotraicay #keocauvong ...,keodeo keodeotraicay keocauvong,original sound - antitrangkhanzone1,Anti Trang Khàn zone,True,True,False
7579674886398840072,https://www.tiktok.com/@MS4wLjABAAAAdsuFcOjPrzsw0ZdV9dJ926Ho7pioc9om6tM3vxIND75ZEKCwBhVwUDIH5q4iKVvo/video/7579674886398840072,2025-12-03,23,Wed,10,4371,8,0,9,4,0.48,Khô dừa sấy giòn giòn #khodua#mutdua #duabentre #anvat#ancungtiktok,khodua mutdua duabentre anvat ancungtiktok,original sound - doyan.makan7,ASMR🔥,True,True,False
7579671588061056274,https://www.tiktok.com/@MS4wLjABAAAAdsuFcOjPrzsw0ZdV9dJ926Ho7pioc9om6tM3vxIND75ZEKCwBhVwUDIH5q4iKVvo/video/7579671588061056274,2025-12-03,23,Wed,21,691300,3447,46,1151,416,0.73,Nem chua cối Thanh Hoá #nemchua #nemchuathanhhoa #nemcoi #monnhau #nhau,nemchua nemchuathanhhoa nemcoi monnhau nhau,original sound - beheobu0102,Bé heo bự🐷,True,True,True
7579502178117684498,https://www.tiktok.com/@MS4wLjABAAAAdsuFcOjPrzsw0ZdV9dJ926Ho7pioc9om6tM3vxIND75ZEKCwBhVwUDIH5q4iKVvo/video/7579502178117684498,2025-12-03,12,Wed,20,3914,4,1,5,2,0.31,Xoài ngon mà chất lượng #xoaisaydeo #xoaisaymuoiot #xoaimero #anvat#x...,xoaisaydeo xoaisaymuoiot xoaimero anvat x,original sound - beheobu0102,Bé heo bự🐷,True,True,True
7579261044355288328,https://www.tiktok.com/@MS4wLjABAAAAdsuFcOjPrzsw0ZdV9dJ926Ho7pioc9om6tM3vxIND75ZEKCwBhVwUDIH5q4iKVvo/video/7579261044355288328,2025-12-02,21,Tue,19,2441,3,0,3,4,0.41,Combo vô đối cơ hội nhận vàng #ancungbatuyet #anvatbatuyet #anvat#sna...,ancungbatuyet anvatbatuyet anvat sna,original sound - batuyethanhvi,Ăn Cùng Bà Tuyết,True,True,True
7579098645958544648,https://www.tiktok.com/@MS4wLjABAAAAdsuFcOjPrzsw0ZdV9dJ926Ho7pioc9om6tM3vxIND75ZEKCwBhVwUDIH5q4iKVvo/video/7579098645958544648,2025-12-02,10,Tue,16,1916,5,1,4,0,0.52,Giòn tan #khoaitaylacphomai #snack #bimbim#anvat#snackphomai,khoaitaylacphomai snack bimbim anvat snackphomai,original sound - kemyeuoi._.moc,Kem cà lem,True,True,True
7579092265717566728,https://www.tiktok.com/@MS4wLjABAAAAdsuFcOjPrzsw0ZdV9dJ926Ho7pioc9om6tM3vxIND75ZEKCwBhVwUDIH5q4iKVvo/video/7579092265717566728,2025-12-02,10,Tue,12,2297,6,0,1,2,0.39,Snack khoai tây lắc phô mai #snack #bimbim#snackphomai #anvat#ancungt...,snack bimbim snackphomai anvat ancungt,original sound - antitrangkhanzone1,Anti Trang Khàn zone,True,True,True
7578929699431271687,https://www.tiktok.com/@MS4wLjABAAAAdsuFcOjPrzsw0ZdV9dJ926Ho7pioc9om6tM3vxIND75ZEKCwBhVwUDIH5q4iKVvo/video/7578929699431271687,2025-12-01,23,Mon,12,2787,9,0,9,1,0.68,#snack#bimbim#anvat#anvattuoitho #ngon,snack bimbim anvat anvattuoitho ngon,original sound - canquetsaigon0201,Dính Food 2,True,True,False
7578914207085743367,https://www.tiktok.com/@MS4wLjABAAAAdsuFcOjPrzsw0ZdV9dJ926Ho7pioc9om6tM3vxIND75ZEKCwBhVwUDIH5q4iKVvo/video/7578914207085743367,2025-12-01,22,Mon,18,5213,17,0,4,5,0.5,Combo vô đối cơ hội nhận 1 chỉ vàng trong tháng nè 🤭#anvat#ancungbatu...,anvat ancungbatu,original sound - wonminjix,vivi,True,True,True
7578904710246141191,https://www.tiktok.com/@MS4wLjABAAAAdsuFcOjPrzsw0ZdV9dJ926Ho7pioc9om6tM3vxIND75ZEKCwBhVwUDIH5q4iKVvo/video/7578904710246141191,2025-12-01,22,Mon,18,340,2,0,2,0,1.18,Bánh tránh nhà cô mai ngon đỉnh #banhtrang #anvatcomai #banhtrangcoma...,banhtrang anvatcomai banhtrangcoma,original sound - luongthingocha,𝐍𝐠𝐚̂𝐧 𝐇𝐚̀ 🍌,True,True,True
7578706687020780807,https://www.tiktok.com/@MS4wLjABAAAAdsuFcOjPrzsw0ZdV9dJ926Ho7pioc9om6tM3vxIND75ZEKCwBhVwUDIH5q4iKVvo/video/7578706687020780807,2025-12-01,9,Mon,26,306,4,0,7,2,4.25,Sanck cuộn rong biển ăn ngon mà cuốn ý #snack#snackcuonrongbien #anva...,snack snackcuonrongbien anva,original sound - u.phng.toca,🧺✨️Đậu phộng toca🥜🫧,True,True,False
7578200287144316167,https://www.tiktok.com/@MS4wLjABAAAAdsuFcOjPrzsw0ZdV9dJ926Ho7pioc9om6tM3vxIND75ZEKCwBhVwUDIH5q4iKVvo/video/7578200287144316167,2025-11-30,0,Sun,9,4813,15,0,14,2,0.64,Ăn chân gà ngon là phải nhanh tay #changa#changanhattam#changaheyyo#a...,changa changanhattam changaheyyo a,original sound - beheobu0102,Bé heo bự🐷,True,True,True
7577830875048447239,https://www.tiktok.com/@MS4wLjABAAAAdsuFcOjPrzsw0ZdV9dJ926Ho7pioc9om6tM3vxIND75ZEKCwBhVwUDIH5q4iKVvo/video/7577830875048447239,2025-11-29,0,Sat,12,6364,12,0,2,2,0.25,#banhtrang #banhtrangphomai #tiembanhtrangcute #anvat#ngon,banhtrang banhtrangphomai tiembanhtrangcute anvat ngon,original sound - conambong21,Cô Năm Bống,True,True,True
7577818834376150279,https://www.tiktok.com/@MS4wLjABAAAAdsuFcOjPrzsw0ZdV9dJ926Ho7pioc9om6tM3vxIND75ZEKCwBhVwUDIH5q4iKVvo/video/7577818834376150279,2025-11-28,23,Fri,40,11900,41,0,12,5,0.49,Trà sữa otea vừa tiện vừa nhanh🧋#trasua #trasuaotea#otea #trasuatienl...,trasua trasuaotea otea trasuatienl,original sound - gummycute59,𓇼 🎧 ✧. * ꒰ GUMMY ꒱ ˚ ༘♡ 🎼,True,True,True
7577409306467847432,https://www.tiktok.com/@MS4wLjABAAAAdsuFcOjPrzsw0ZdV9dJ926Ho7pioc9om6tM3vxIND75ZEKCwBhVwUDIH5q4iKVvo/video/7577409306467847432,2025-11-27,21,Thu,38,217,8,6,1,1,7.37,Làm thịt nướng ngon đơn giản tại nha #sotthitnuong #thitnuong #sotuop...,sotthitnuong thitnuong sotuop,original sound - u.phng.toca,🧺✨️Đậu phộng toca🥜🫧,True,True,True
7576992361075477768,https://www.tiktok.com/@MS4wLjABAAAAdsuFcOjPrzsw0ZdV9dJ926Ho7pioc9om6tM3vxIND75ZEKCwBhVwUDIH5q4iKVvo/video/7576992361075477768,2025-11-26,18,Wed,22,545,7,0,5,3,2.75,Dễ chiên mà ăn lại ngon ý #banhphongchienando #banhphong #banhando #a...,banhphongchienando banhphong banhando a,c u t e s o. u n d,ׂ◌⃘  ׅ ׂ c͠ɑtִׄhɑִׄrinִׄē ִ𔘓ׄ,True,True,False
7576967996594310408,https://www.tiktok.com/@MS4wLjABAAAAdsuFcOjPrzsw0ZdV9dJ926Ho7pioc9om6tM3vxIND75ZEKCwBhVwUDIH5q4iKVvo/video/7576967996594310408,2025-11-26,16,Wed,8,1001,6,0,8,3,1.7,Lạp xưởng ngon tại nhà #lapxuong #lapxuongnuongda #anvat#ngon#ancungt...,lapxuong lapxuongnuongda anvat ngon ancungt,original sound - lilikween_106,Henry👻,True,True,False
7576924145561144594,https://www.tiktok.com/@MS4wLjABAAAAdsuFcOjPrzsw0ZdV9dJ926Ho7pioc9om6tM3vxIND75ZEKCwBhVwUDIH5q4iKVvo/video/7576924145561144594,2025-11-26,13,Wed,12,3242,2,0,5,0,0.22,Càng ăn càng cuốn ý #omaimegung #omaime #omai#anvat#anvattuoitho,omaimegung omaime omai anvat anvattuoitho,original sound - conambong21,Cô Năm Bống,True,True,True
7576915913467858184,https://www.tiktok.com/@MS4wLjABAAAAdsuFcOjPrzsw0ZdV9dJ926Ho7pioc9om6tM3vxIND75ZEKCwBhVwUDIH5q4iKVvo/video/7576915913467858184,2025-11-26,13,Wed,20,828,3,0,4,3,1.21,Có thêm phô mai là ngon liền #botphomai #botphomaitornado #anvat#ancu...,botphomai botphomaitornado anvat ancu,original sound - beheobu0102,Bé heo bự🐷,True,True,False
7576912716741250322,https://www.tiktok.com/@MS4wLjABAAAAdsuFcOjPrzsw0ZdV9dJ926Ho7pioc9om6tM3vxIND75ZEKCwBhVwUDIH5q4iKVvo/video/7576912716741250322,2025-11-26,13,Wed,9,1402,3,1,5,3,0.86,Phô mai ê hề ăn ngon xỉu 🤭#mitronvigacayphomai #mitron #mitronabc #mi...,mitronvigacayphomai mitron mitronabc mi,c u t e s o. u n d,ׂ◌⃘  ׅ ׂ c͠ɑtִׄhɑִׄrinִׄē ִ𔘓ׄ,True,True,False
7576908696031218952,https://www.tiktok.com/@MS4wLjABAAAAdsuFcOjPrzsw0ZdV9dJ926Ho7pioc9om6tM3vxIND75ZEKCwBhVwUDIH5q4iKVvo/video/7576908696031218952,2025-11-26,12,Wed,22,971,3,0,3,1,0.72,Bánh phồng sữa ăn vẫn cứ là ngon#banhphongsua #banhsua #banh#anvat#an...,banhphongsua banhsua banh anvat an,original sound - antitrangkhanzone1,Anti Trang Khàn zone,True,True,False
7576827393562742034,https://www.tiktok.com/@MS4wLjABAAAAdsuFcOjPrzsw0ZdV9dJ926Ho7pioc9om6tM3vxIND75ZEKCwBhVwUDIH5q4iKVvo/video/7576827393562742034,2025-11-26,7,Wed,20,2725,12,1,3,1,0.62,Combo tri ân tặng ê hề #changa #changabatuyet #ancungbatuyet #anvat#a...,changa changabatuyet ancungbatuyet anvat a,original sound - batuyethanhvi,Ăn Cùng Bà Tuyết,True,True,True
7576824989727378696,https://www.tiktok.com/@MS4wLjABAAAAdsuFcOjPrzsw0ZdV9dJ926Ho7pioc9om6tM3vxIND75ZEKCwBhVwUDIH5q4iKVvo/video/7576824989727378696,2025-11-26,7,Wed,23,15400,45,3,17,9,0.48,Lạnh lạnh thế này ăn thì ngon nhờ #lapxuong #lapxuongnuongda #javataf...,lapxuong lapxuongnuongda javataf,original sound - beheobu0102,Bé heo bự🐷,True,True,True
7576708824891919624,https://www.tiktok.com/@MS4wLjABAAAAdsuFcOjPrzsw0ZdV9dJ926Ho7pioc9om6tM3vxIND75ZEKCwBhVwUDIH5q4iKVvo/video/7576708824891919624,2025-11-25,23,Tue,17,19400,27,0,14,4,0.23,#snackhangdai #snack #caycay #anvat#anvattuoitho,snackhangdai snack caycay anvat anvattuoitho,original sound - canquetsaigon0201,Dính Food 2,True,True,True
7576696864246910215,https://www.tiktok.com/@MS4wLjABAAAAdsuFcOjPrzsw0ZdV9dJ926Ho7pioc9om6tM3vxIND75ZEKCwBhVwUDIH5q4iKVvo/video/7576696864246910215,2025-11-25,23,Tue,17,3411,3,0,2,2,0.21,Ê chua mà ngon 😋#omai #omaimegung #anvat#anvattuoitho #ancungtiktok,omai omaimegung anvat anvattuoitho ancungtiktok,c u t e s o. u n d,ׂ◌⃘  ׅ ׂ c͠ɑtִׄhɑִׄrinִׄē ִ𔘓ׄ,True,True,True
7576663190407302407,https://www.tiktok.com/@MS4wLjABAAAAdsuFcOjPrzsw0ZdV9dJ926Ho7pioc9om6tM3vxIND75ZEKCwBhVwUDIH5q4iKVvo/video/7576663190407302407,2025-11-25,21,Tue,18,36200,148,0,26,33,0.57,Combo 3 bánh xốp quá trời hời rồi #banhxop #banhxophuunghi #banhhuung...,banhxop banhxophuunghi banhhuung,original sound - beheobu0102,Bé heo bự🐷,True,True,True
7576654005456211218,https://www.tiktok.com/@MS4wLjABAAAAdsuFcOjPrzsw0ZdV9dJ926Ho7pioc9om6tM3vxIND75ZEKCwBhVwUDIH5q4iKVvo/video/7576654005456211218,2025-11-25,20,Tue,21,1133,3,0,4,1,0.71,Viên ngậm gừng -chanh muối vào mùa đông này nên có nha #vienngamgungc...,vienngamgungc,original sound - beheobu0102,Bé heo bự🐷,True,True,True
7575924105208220946,https://www.tiktok.com/@MS4wLjABAAAAdsuFcOjPrzsw0ZdV9dJ926Ho7pioc9om6tM3vxIND75ZEKCwBhVwUDIH5q4iKVvo/video/7575924105208220946,2025-11-23,21,Sun,19,1540,3,0,0,2,0.32,Em cốc xinh #coc #cocuongnuoc #cocthuytinh #cocthuytinhdecor,coc cocuongnuoc cocthuytinh cocthuytinhdecor,original sound - wonminjix,vivi,True,True,True
7575601966856899847,https://www.tiktok.com/@MS4wLjABAAAAdsuFcOjPrzsw0ZdV9dJ926Ho7pioc9om6tM3vxIND75ZEKCwBhVwUDIH5q4iKVvo/video/7575601966856899847,2025-11-23,0,Sun,7,1192,10,1,8,4,1.93,Mứt dừa sấy giòn#mutdua #mutduasaygion #duabentre #anvat#ancungtiktok,mutdua mutduasaygion duabentre anvat ancungtiktok,original sound - canquetsaigon0201,Dính Food 2,True,True,False
7575595975130107143,https://www.tiktok.com/@MS4wLjABAAAAdsuFcOjPrzsw0ZdV9dJ926Ho7pioc9om6tM3vxIND75ZEKCwBhVwUDIH5q4iKVvo/video/7575595975130107143,2025-11-23,0,Sun,20,1947,13,1,3,1,0.92,Bim bim tuổi thơ bịch 20 gói #bimbim#snack #anvat #anvattuoitho #ancu...,bimbim snack anvat anvattuoitho ancu,c u t e s o. u n d,ׂ◌⃘  ׅ ׂ c͠ɑtִׄhɑִׄrinִׄē ִ𔘓ׄ,True,True,False
7575582735629028616,https://www.tiktok.com/@MS4wLjABAAAAdsuFcOjPrzsw0ZdV9dJ926Ho7pioc9om6tM3vxIND75ZEKCwBhVwUDIH5q4iKVvo/video/7575582735629028616,2025-11-22,23,Sat,17,8900,50,0,9,10,0.78,Giòn thơm ngon lắm nha #mutduasaygion #mutdua #anvat#duabentre #ancun...,mutduasaygion mutdua anvat duabentre ancun,original sound - beheobu0102,Bé heo bự🐷,True,True,False
7575573250395180295,https://www.tiktok.com/@MS4wLjABAAAAdsuFcOjPrzsw0ZdV9dJ926Ho7pioc9om6tM3vxIND75ZEKCwBhVwUDIH5q4iKVvo/video/7575573250395180295,2025-11-22,22,Sat,19,456,2,0,0,0,0.44,Đúng là thùng bánh tráng nhiều lắm luôn ý#banhtrang#banhtrangtoibocay...,banhtrang banhtrangtoibocay,original sound - beheobu0102,Bé heo bự🐷,True,True,True
7574412439299624200,https://www.tiktok.com/@MS4wLjABAAAAdsuFcOjPrzsw0ZdV9dJ926Ho7pioc9om6tM3vxIND75ZEKCwBhVwUDIH5q4iKVvo/video/7574412439299624200,2025-11-19,19,Wed,23,1840,12,2,2,3,1.03,Có thêm bột phô mai ăn gì cũng ngon ý 😋#botphomai #botphomaitornado #...,botphomai botphomaitornado,original sound - beheobu0102,Bé heo bự🐷,True,True,True
7574247666398285063,https://www.tiktok.com/@MS4wLjABAAAAdsuFcOjPrzsw0ZdV9dJ926Ho7pioc9om6tM3vxIND75ZEKCwBhVwUDIH5q4iKVvo/video/7574247666398285063,2025-11-19,8,Wed,17,4538,15,1,4,1,0.46,#ancungbatuyet #changa #changabatuyet #anvat#ngon,ancungbatuyet changa changabatuyet anvat ngon,original sound - luongthingocha,𝐍𝐠𝐚̂𝐧 𝐇𝐚̀ 🍌,True,True,True
7574244102410276103,https://www.tiktok.com/@MS4wLjABAAAAdsuFcOjPrzsw0ZdV9dJ926Ho7pioc9om6tM3vxIND75ZEKCwBhVwUDIH5q4iKVvo/video/7574244102410276103,2025-11-19,8,Wed,11,11000,29,0,7,7,0.39,Ngon 😋#banhtrang#banhtrangtron #banhtrangphomai #anvat#ngon,banhtrang banhtrangtron banhtrangphomai anvat ngon,original sound - beheobu0102,Bé heo bự🐷,True,True,True
7574243532328684808,https://www.tiktok.com/@MS4wLjABAAAAdsuFcOjPrzsw0ZdV9dJ926Ho7pioc9om6tM3vxIND75ZEKCwBhVwUDIH5q4iKVvo/video/7574243532328684808,2025-11-19,8,Wed,15,38500,197,10,39,21,0.69,Chân to trắng nõn nà ý 🤭#changa #changanhattam #changaheyyo #anvat#ngon,changa changanhattam changaheyyo anvat ngon,c u t e s o. u n d,ׂ◌⃘  ׅ ׂ c͠ɑtִׄhɑִׄrinִׄē ִ𔘓ׄ,True,True,True
7574107244493589767,https://www.tiktok.com/@MS4wLjABAAAAdsuFcOjPrzsw0ZdV9dJ926Ho7pioc9om6tM3vxIND75ZEKCwBhVwUDIH5q4iKVvo/video/7574107244493589767,2025-11-18,23,Tue,10,469,6,2,5,1,2.99,Giòn tan 😋#ngonepsaygion #ngonepsay #anvat#nhau #ngon,ngonepsaygion ngonepsay anvat nhau ngon,original sound - nguyxje,Ninh chó điên,True,True,False
7574096374107573512,https://www.tiktok.com/@MS4wLjABAAAAdsuFcOjPrzsw0ZdV9dJ926Ho7pioc9om6tM3vxIND75ZEKCwBhVwUDIH5q4iKVvo/video/7574096374107573512,2025-11-18,23,Tue,19,5577,13,0,1,3,0.3,Bánh nhãn giòn giòn 😋#banhnhan #banhnhannamdinh #banh #anvat #ngon,banhnhan banhnhannamdinh banh anvat ngon,original sound - u.phng.toca,🧺✨️Đậu phộng toca🥜🫧,True,True,True
7574070692946119943,https://www.tiktok.com/@MS4wLjABAAAAdsuFcOjPrzsw0ZdV9dJ926Ho7pioc9om6tM3vxIND75ZEKCwBhVwUDIH5q4iKVvo/video/7574070692946119943,2025-11-18,21,Tue,9,14600,48,2,11,4,0.45,Nhức nách 😋#banhtrang #banhtrangphomai#banhtrangtron #anvat#ngon,banhtrang banhtrangphomai banhtrangtron anvat ngon,original sound - canquetsaigon0201,Dính Food 2,True,True,True
7574056411018153224,https://www.tiktok.com/@MS4wLjABAAAAdsuFcOjPrzsw0ZdV9dJ926Ho7pioc9om6tM3vxIND75ZEKCwBhVwUDIH5q4iKVvo/video/7574056411018153224,2025-11-18,20,Tue,17,281,4,1,2,1,2.85,Bánh xốp kem phô mai ngon😋#banh #baãnhopphomai#banhngot #anvat#ngon,banh baãnhopphomai banhngot anvat ngon,original sound - beheobu0102,Bé heo bự🐷,True,True,False
7574044053457751314,https://www.tiktok.com/@MS4wLjABAAAAdsuFcOjPrzsw0ZdV9dJ926Ho7pioc9om6tM3vxIND75ZEKCwBhVwUDIH5q4iKVvo/video/7574044053457751314,2025-11-18,19,Tue,23,6154,17,1,7,2,0.44,Combo hời mà quà tặng ê hề 😋#changa #changabatuyet #ancungbatuyet #an...,changa changabatuyet ancungbatuyet an,original sound - luongthingocha,𝐍𝐠𝐚̂𝐧 𝐇𝐚̀ 🍌,True,True,True
7573751165444197650,https://www.tiktok.com/@MS4wLjABAAAAdsuFcOjPrzsw0ZdV9dJ926Ho7pioc9om6tM3vxIND75ZEKCwBhVwUDIH5q4iKVvo/video/7573751165444197650,2025-11-18,0,Tue,20,1170,8,1,2,1,1.03,Snack khoai nưa giòn sần sật ăn cuốn 😋#snack #snackkhoainua #anvat#ng...,snack snackkhoainua anvat ng,original sound - beheobu0102,Bé heo bự🐷,True,True,False
7573738406082088200,https://www.tiktok.com/@MS4wLjABAAAAdsuFcOjPrzsw0ZdV9dJ926Ho7pioc9om6tM3vxIND75ZEKCwBhVwUDIH5q4iKVvo/video/7573738406082088200,2025-11-17,23,Mon,15,91800,266,9,42,21,0.37,Bánh tráng ngon năm bờ oăn 😋#banhtrang #banhtrangphomai #banhtrangtro...,banhtrang banhtrangphomai banhtrangtro,original sound - antitrangkhanzone1,Anti Trang Khàn zone,True,True,True
7573700372129205511,https://www.tiktok.com/@MS4wLjABAAAAdsuFcOjPrzsw0ZdV9dJ926Ho7pioc9om6tM3vxIND75ZEKCwBhVwUDIH5q4iKVvo/video/7573700372129205511,2025-11-17,21,Mon,32,170,2,1,0,0,1.76,Chẻo cá giã tay ngon ăn cuốn cơm lắm ý 😋#cheocagiatay #cheoca #ancung...,cheocagiatay cheoca ancung,B U B B L E G U M,୨ rae. 🪽,True,True,False
7572617366522105106,https://www.tiktok.com/@MS4wLjABAAAAdsuFcOjPrzsw0ZdV9dJ926Ho7pioc9om6tM3vxIND75ZEKCwBhVwUDIH5q4iKVvo/video/7572617366522105106,2025-11-14,23,Fri,10,13000,30,0,3,2,0.27,100g mà cỡ này đó 😋#banhtrang#banhtrangtron #banhtrangphomai#tiembanh...,banhtrang banhtrangtron banhtrangphomai tiembanh,original sound - nhamnhamjt,Một chiếc bụng đói,True,True,True
7572411378674273544,https://www.tiktok.com/@MS4wLjABAAAAdsuFcOjPrzsw0ZdV9dJ926Ho7pioc9om6tM3vxIND75ZEKCwBhVwUDIH5q4iKVvo/video/7572411378674273544,2025-11-14,10,Fri,23,1406,11,1,11,1,1.71,Rau má đậu xanh cozy 😋#raumadauxanh #ngonvalanh #cozy#nuocraumadauxan...,raumadauxanh ngonvalanh cozy nuocraumadauxan,original sound - u.phng.toca,🧺✨️Đậu phộng toca🥜🫧,True,True,True
7572243898219678994,https://www.tiktok.com/@MS4wLjABAAAAdsuFcOjPrzsw0ZdV9dJ926Ho7pioc9om6tM3vxIND75ZEKCwBhVwUDIH5q4iKVvo/video/7572243898219678994,2025-11-13,23,Thu,22,3822,13,0,6,2,0.55,Hành phi ăn gì cũng ngon ý 😋#hanhphi #hanhphikinhmon #hanhphicoly #ng...,hanhphi hanhphikinhmon hanhphicoly ng,B U B B L E G U M,୨ rae. 🪽,True,True,True
7572235960130293010,https://www.tiktok.com/@MS4wLjABAAAAdsuFcOjPrzsw0ZdV9dJ926Ho7pioc9om6tM3vxIND75ZEKCwBhVwUDIH5q4iKVvo/video/7572235960130293010,2025-11-13,22,Thu,21,39200,89,5,9,10,0.29,Tui con cưng 3 🐠 nè hehe #anvat#snack#bimbim#ngon#ancungtiktok,anvat snack bimbim ngon ancungtiktok,original sound - beheobu0102,Bé heo bự🐷,True,True,True
7571269303576628498,https://www.tiktok.com/@MS4wLjABAAAAdsuFcOjPrzsw0ZdV9dJ926Ho7pioc9om6tM3vxIND75ZEKCwBhVwUDIH5q4iKVvo/video/7571269303576628498,2025-11-11,8,Tue,23,1031,7,0,2,2,1.07,Vải thiều sấy ngon ngọt lắm nè 😋#vaithieusaykho #vaithieu #vaisaykho ...,vaithieusaykho vaithieu vaisaykho,original sound - lilymukbangidols,Lilly🥧🧃,True,True,True
7570517965343444231,https://www.tiktok.com/@MS4wLjABAAAAdsuFcOjPrzsw0ZdV9dJ926Ho7pioc9om6tM3vxIND75ZEKCwBhVwUDIH5q4iKVvo/video/7570517965343444231,2025-11-09,7,Sun,22,2706,27,1,7,6,1.52,Mì cay Jin ngon đấy 😋#micay #micayjin #mi #ngon#ancungtiktok,micay micayjin mi ngon ancungtiktok,original sound - beheobu0102,Bé heo bự🐷,True,True,False
7570511764912180487,https://www.tiktok.com/@MS4wLjABAAAAdsuFcOjPrzsw0ZdV9dJ926Ho7pioc9om6tM3vxIND75ZEKCwBhVwUDIH5q4iKVvo/video/7570511764912180487,2025-11-09,7,Sun,23,6380,37,1,9,6,0.83,Chân gà bà Tuyết mãi đỉnh😋#changa #changabatuyet #changarutxuong #anc...,changa changabatuyet changarutxuong anc,original sound - canquetsaigon0201,Dính Food 2,True,True,True
7570147426523303176,https://www.tiktok.com/@MS4wLjABAAAAdsuFcOjPrzsw0ZdV9dJ926Ho7pioc9om6tM3vxIND75ZEKCwBhVwUDIH5q4iKVvo/video/7570147426523303176,2025-11-08,7,Sat,19,50300,268,5,97,26,0.79,Phô mai sữa cũng ngon nè 😋#banhtrang #banhtrangtron #banhtrangphomai ...,banhtrang banhtrangtron banhtrangphomai,original sound - beheobu0102,Bé heo bự🐷,True,True,True
7569897251527494920,https://www.tiktok.com/@MS4wLjABAAAAdsuFcOjPrzsw0ZdV9dJ926Ho7pioc9om6tM3vxIND75ZEKCwBhVwUDIH5q4iKVvo/video/7569897251527494920,2025-11-07,15,Fri,22,2180,11,3,9,3,1.19,Ba rọi sốt mắm tỏi giòn tan 😋#baroi #baroimamtoi #anvat#ngon#annhienf...,baroi baroimamtoi anvat ngon annhienf,original sound - canquetsaigon0201,Dính Food 2,True,True,True
7569656130356448530,https://www.tiktok.com/@MS4wLjABAAAAdsuFcOjPrzsw0ZdV9dJ926Ho7pioc9om6tM3vxIND75ZEKCwBhVwUDIH5q4iKVvo/video/7569656130356448530,2025-11-06,23,Thu,24,1747,5,2,3,1,0.63,Bắp rang #baprang #baprangchaytoi #anvat#nhau#monnhau,baprang baprangchaytoi anvat nhau monnhau,original sound - kemyeuoi._.moc,Kem cà lem,True,True,True
7569291605337804050,https://www.tiktok.com/@MS4wLjABAAAAdsuFcOjPrzsw0ZdV9dJ926Ho7pioc9om6tM3vxIND75ZEKCwBhVwUDIH5q4iKVvo/video/7569291605337804050,2025-11-06,0,Thu,28,22400,66,1,12,10,0.4,Ui uôi nó ngon nhức nách 😋#banhtrang #banhtrangphoisuong #banhtrangub...,banhtrang banhtrangphoisuong banhtrangub,original sound - nhamnhamjt,Một chiếc bụng đói,True,True,True
7568550049022496018,https://www.tiktok.com/@MS4wLjABAAAAdsuFcOjPrzsw0ZdV9dJ926Ho7pioc9om6tM3vxIND75ZEKCwBhVwUDIH5q4iKVvo/video/7568550049022496018,2025-11-04,0,Tue,12,3981,7,0,2,1,0.25,Mùa 3 coi hay mà cười bể 😁#banhtrangmuoivotri #banhtrang #banhtrangtr...,banhtrangmuoivotri banhtrang banhtrangtr,original sound - canquetsaigon0201,Dính Food 2,True,True,True
7568538717950922002,https://www.tiktok.com/@MS4wLjABAAAAdsuFcOjPrzsw0ZdV9dJ926Ho7pioc9om6tM3vxIND75ZEKCwBhVwUDIH5q4iKVvo/video/7568538717950922002,2025-11-03,23,Mon,9,2396,6,1,2,2,0.46,May vì cái chảo còn nguyên vẹn 🥹#banhdaymatmia #banhday #ngon#banh #a...,banhdaymatmia banhday ngon banh a,original sound - doichosachnachchuathom,"Đói cho sạch, nách chưa thơm",True,True,True
7568534101507034376,https://www.tiktok.com/@MS4wLjABAAAAdsuFcOjPrzsw0ZdV9dJ926Ho7pioc9om6tM3vxIND75ZEKCwBhVwUDIH5q4iKVvo/video/7568534101507034376,2025-11-03,23,Mon,10,2697,15,0,3,0,0.67,Ngon chấn động đó nha 😋#banhtrangmuoivotri #banhtrang#banhtrangphoisu...,banhtrangmuoivotri banhtrang banhtrangphoisu,original sound - lilikween_106,Henry👻,True,True,True
7568170076029897992,https://www.tiktok.com/@MS4wLjABAAAAdsuFcOjPrzsw0ZdV9dJ926Ho7pioc9om6tM3vxIND75ZEKCwBhVwUDIH5q4iKVvo/video/7568170076029897992,2025-11-02,23,Sun,27,1747,12,1,3,2,1.03,Trà sữa tự pha tiện lợi mà hạt dẻ 😋#trasua #trasuatupha #otea #anvat ...,trasua trasuatupha otea anvat,original sound - lilymukbangidols,Lilly🥧🧃,True,True,True
7568160166038850823,https://www.tiktok.com/@MS4wLjABAAAAdsuFcOjPrzsw0ZdV9dJ926Ho7pioc9om6tM3vxIND75ZEKCwBhVwUDIH5q4iKVvo/video/7568160166038850823,2025-11-02,23,Sun,25,14500,40,1,22,4,0.46,Nước mắt nàng tiên cá 😋#hatno #nuocmatnangtienca #hatnoyenmach #dailo...,hatno nuocmatnangtienca hatnoyenmach dailo,lucky girl syndrome,⋆｡°✩,True,True,True
7568150046596730130,https://www.tiktok.com/@MS4wLjABAAAAdsuFcOjPrzsw0ZdV9dJ926Ho7pioc9om6tM3vxIND75ZEKCwBhVwUDIH5q4iKVvo/video/7568150046596730130,2025-11-02,22,Sun,19,926,5,0,2,0,0.76,Ngọt nhẹ ăn ngon nha 😋#banhday #banhdaymatmia #lathilanh #banhdaytruy...,banhday banhdaymatmia lathilanh banhdaytruy,original sound - beheobu0102,Bé heo bự🐷,True,True,True
7567807363483274514,https://www.tiktok.com/@MS4wLjABAAAAdsuFcOjPrzsw0ZdV9dJ926Ho7pioc9om6tM3vxIND75ZEKCwBhVwUDIH5q4iKVvo/video/7567807363483274514,2025-11-02,0,Sun,13,3433,7,0,2,1,0.29,#thitchay#anvat#thitchayxesoi #ngon#ancungtiktok,thitchay anvat thitchayxesoi ngon ancungtiktok,original sound - kemyeuoi._.moc,Kem cà lem,True,True,True
7567797985615154439,https://www.tiktok.com/@MS4wLjABAAAAdsuFcOjPrzsw0ZdV9dJ926Ho7pioc9om6tM3vxIND75ZEKCwBhVwUDIH5q4iKVvo/video/7567797985615154439,2025-11-01,23,Sat,28,1130,5,0,2,3,0.88,Bánh ngon 😋 #banh #banhngot #banhquaywaffle #anvat#ngon,banh banhngot banhquaywaffle anvat ngon,lucky girl syndrome,⋆｡°✩,True,True,True
7567787493727161618,https://www.tiktok.com/@MS4wLjABAAAAdsuFcOjPrzsw0ZdV9dJ926Ho7pioc9om6tM3vxIND75ZEKCwBhVwUDIH5q4iKVvo/video/7567787493727161618,2025-11-01,23,Sat,20,6089,24,1,5,3,0.54,Cay cay mà ngon nha 😋#banhtrangxikesieucay #banhtrang #banhtrangmuois...,banhtrangxikesieucay banhtrang banhtrangmuois,original sound - canquetsaigon0201,Dính Food 2,True,True,True
7567769145266212103,https://www.tiktok.com/@MS4wLjABAAAAdsuFcOjPrzsw0ZdV9dJ926Ho7pioc9om6tM3vxIND75ZEKCwBhVwUDIH5q4iKVvo/video/7567769145266212103,2025-11-01,21,Sat,18,5478,16,0,4,0,0.37,Bánh nhãn không có trái nhãn 😋#banhnhan #banhnhannamdinh #anvat#banhn...,banhnhan banhnhannamdinh anvat banhn,Titibok tibok,୨ .ᐟ ⨍𝚛ᥲ𝕟ᥴ౿ડ ⑅ 🩰 ଓ,True,True,True
7567762109505801480,https://www.tiktok.com/@MS4wLjABAAAAdsuFcOjPrzsw0ZdV9dJ926Ho7pioc9om6tM3vxIND75ZEKCwBhVwUDIH5q4iKVvo/video/7567762109505801480,2025-11-01,21,Sat,29,1000,8,1,0,2,1.1,Bánh dày cốm đặc sản Cao nguyên đá 😋#banhday #lathilanh #banhdaytruye...,banhday lathilanh banhdaytruye,original sound - nini.analog,𐙚 ₊ ⊹ prandini,True,True,True
7567733225074740498,https://www.tiktok.com/@MS4wLjABAAAAdsuFcOjPrzsw0ZdV9dJ926Ho7pioc9om6tM3vxIND75ZEKCwBhVwUDIH5q4iKVvo/video/7567733225074740498,2025-11-01,19,Sat,17,31600,135,4,6,11,0.49,Người trưởng thành là chọn hết 🤭#ngonepsaygion #ngonepsay #anvat#nhau...,ngonepsaygion ngonepsay anvat nhau,original sound - beheobu0102,Bé heo bự🐷,True,True,True
7567714465639124231,https://www.tiktok.com/@MS4wLjABAAAAdsuFcOjPrzsw0ZdV9dJ926Ho7pioc9om6tM3vxIND75ZEKCwBhVwUDIH5q4iKVvo/video/7567714465639124231,2025-11-01,18,Sat,28,2373,9,1,2,2,0.59,Thịt chay xé sợi ăn là mê 😋#thitchay #thitchayxesoi #anvat#anvatngon ...,thitchay thitchayxesoi anvat anvatngon,original sound - beheobu0102,Bé heo bự🐷,True,True,False
7567349017374526738,https://www.tiktok.com/@MS4wLjABAAAAdsuFcOjPrzsw0ZdV9dJ926Ho7pioc9om6tM3vxIND75ZEKCwBhVwUDIH5q4iKVvo/video/7567349017374526738,2025-10-31,18,Fri,22,1365,8,2,3,4,1.25,Thạch kem vị lạ lạ mà ngon xỉu 😋#thachkem #thach #dailong #anvat#ancu...,thachkem thach dailong anvat ancu,original sound - beheobu0102,Bé heo bự🐷,True,True,True
7567066192004025608,https://www.tiktok.com/@MS4wLjABAAAAdsuFcOjPrzsw0ZdV9dJ926Ho7pioc9om6tM3vxIND75ZEKCwBhVwUDIH5q4iKVvo/video/7567066192004025608,2025-10-31,0,Fri,18,7363,21,1,2,7,0.42,Ùi ui nó ngon nó mê 😋#banhtrang #banhtrangphomai #banhtrangtron #anva...,banhtrang banhtrangphomai banhtrangtron anva,,,False,True,True
7567054636281056519,https://www.tiktok.com/@MS4wLjABAAAAdsuFcOjPrzsw0ZdV9dJ926Ho7pioc9om6tM3vxIND75ZEKCwBhVwUDIH5q4iKVvo/video/7567054636281056519,2025-10-30,23,Thu,17,245000,970,26,152,58,0.49,Chân gà ngon nè 😋#changa #changanhattam #changaheyyo #anvat#ancungtik...,changa changanhattam changaheyyo anvat ancungtik,original sound - nini.analog,𐙚 ₊ ⊹ prandini,True,True,True
7565876042343206152,https://www.tiktok.com/@MS4wLjABAAAAdsuFcOjPrzsw0ZdV9dJ926Ho7pioc9om6tM3vxIND75ZEKCwBhVwUDIH5q4iKVvo/video/7565876042343206152,2025-10-27,19,Mon,25,8882,57,0,12,8,0.87,Combo vip nhiều mà ngon ý 😋#dautaysaygion #suachuasay #dautay #anvat#...,dautaysaygion suachuasay dautay anvat,original sound - u.phng.toca,🧺✨️Đậu phộng toca🥜🫧,True,True,True
7565846236192984327,https://www.tiktok.com/@MS4wLjABAAAAdsuFcOjPrzsw0ZdV9dJ926Ho7pioc9om6tM3vxIND75ZEKCwBhVwUDIH5q4iKVvo/video/7565846236192984327,2025-10-27,17,Mon,20,3754,35,2,7,2,1.23,Bánh quế choco 😋#banhque #banhquechoco #anvat#banh #ngon,banhque banhquechoco anvat banh ngon,Titibok tibok,୨ .ᐟ ⨍𝚛ᥲ𝕟ᥴ౿ડ ⑅ 🩰 ଓ,True,True,False
7565146163004083474,https://www.tiktok.com/@MS4wLjABAAAAdsuFcOjPrzsw0ZdV9dJ926Ho7pioc9om6tM3vxIND75ZEKCwBhVwUDIH5q4iKVvo/video/7565146163004083474,2025-10-25,20,Sat,11,889,6,1,2,0,1.01,Đậu phộng rong biển ăn cuốn lắm nha 😋#dauphong #dauphongrongbien #anv...,dauphong dauphongrongbien anv,original sound - lilikween_106,Henry👻,True,True,True
7565128806646811912,https://www.tiktok.com/@MS4wLjABAAAAdsuFcOjPrzsw0ZdV9dJ926Ho7pioc9om6tM3vxIND75ZEKCwBhVwUDIH5q4iKVvo/video/7565128806646811912,2025-10-25,19,Sat,24,2154,13,1,5,1,0.93,Xúc xích sụn ngô ngon ngon😋#xucxich#xucxichsunngo #anvat#ngon #ancung...,xucxich xucxichsunngo anvat ngon ancung,Titibok tibok,୨ .ᐟ ⨍𝚛ᥲ𝕟ᥴ౿ડ ⑅ 🩰 ଓ,True,True,True
7565117861195271431,https://www.tiktok.com/@MS4wLjABAAAAdsuFcOjPrzsw0ZdV9dJ926Ho7pioc9om6tM3vxIND75ZEKCwBhVwUDIH5q4iKVvo/video/7565117861195271431,2025-10-25,18,Sat,25,700400,2209,21,254,236,0.39,Bánh nhãn mix vị giòn tan 😋#banhnhan #banhnhannamdinh #banh#anvat#anc...,banhnhan banhnhannamdinh banh anvat anc,original sound - mesuadaily24,Chuyện nhà Sữa,True,True,True
7564829768806419719,https://www.tiktok.com/@MS4wLjABAAAAdsuFcOjPrzsw0ZdV9dJ926Ho7pioc9om6tM3vxIND75ZEKCwBhVwUDIH5q4iKVvo/video/7564829768806419719,2025-10-24,23,Fri,10,3682,19,1,3,1,0.65,Hướng dương bóc vỏ tẩm vị 😋#huongduong #hathuongduong #anvat#hat#tet,huongduong hathuongduong anvat hat tet,original sound - antitrangkhanzone1,Anti Trang Khàn zone,True,True,True
7564820827565231368,https://www.tiktok.com/@MS4wLjABAAAAdsuFcOjPrzsw0ZdV9dJ926Ho7pioc9om6tM3vxIND75ZEKCwBhVwUDIH5q4iKVvo/video/7564820827565231368,2025-10-24,23,Fri,22,11100,50,2,11,4,0.6,Tét thử nhân phẩm nhận trái gì nào 🤭#keo #keonhanpham#keotroll #anvat...,keo keonhanpham keotroll anvat,original sound - nini.analog,𐙚 ₊ ⊹ prandini,True,True,True
7564802574851886343,https://www.tiktok.com/@MS4wLjABAAAAdsuFcOjPrzsw0ZdV9dJ926Ho7pioc9om6tM3vxIND75ZEKCwBhVwUDIH5q4iKVvo/video/7564802574851886343,2025-10-24,21,Fri,35,5194,13,1,6,5,0.48,Nem chua ngon chuẩn vị truyền thống 😋#nemchua #nemchuathanhhoa #nhau#...,nemchua nemchuathanhhoa nhau,,,False,True,True
7564783440143469842,https://www.tiktok.com/@MS4wLjABAAAAdsuFcOjPrzsw0ZdV9dJ926Ho7pioc9om6tM3vxIND75ZEKCwBhVwUDIH5q4iKVvo/video/7564783440143469842,2025-10-24,20,Fri,9,23800,79,1,20,20,0.5,Trả lời @nhu y. Vị phô mai tôm nha mấy ní 😋#banhtrang#banhtrangtron#b...,banhtrang banhtrangtron b,original sound - lilikween_106,Henry👻,True,True,True
7564766987339959570,https://www.tiktok.com/@MS4wLjABAAAAdsuFcOjPrzsw0ZdV9dJ926Ho7pioc9om6tM3vxIND75ZEKCwBhVwUDIH5q4iKVvo/video/7564766987339959570,2025-10-24,19,Fri,31,12500,17,3,3,4,0.22,Khô bò mềm ẩm đậm vị ngon xỉu 😋#khobo #khoboden #khobomieng #anvat#nhau,khobo khoboden khobomieng anvat nhau,original sound - antitrangkhanzone1,Anti Trang Khàn zone,True,True,True
7564730829956517138,https://www.tiktok.com/@MS4wLjABAAAAdsuFcOjPrzsw0ZdV9dJ926Ho7pioc9om6tM3vxIND75ZEKCwBhVwUDIH5q4iKVvo/video/7564730829956517138,2025-10-24,17,Fri,37,14000,47,1,5,7,0.43,Bánh bột lọc ngon chuẩn vị Huế 😋#banhbotloc #banh #banhbotlochue #ngo...,banhbotloc banh banhbotlochue ngo,Titibok tibok,୨ .ᐟ ⨍𝚛ᥲ𝕟ᥴ౿ડ ⑅ 🩰 ଓ,True,True,True
7564460103311609096,https://www.tiktok.com/@MS4wLjABAAAAdsuFcOjPrzsw0ZdV9dJ926Ho7pioc9om6tM3vxIND75ZEKCwBhVwUDIH5q4iKVvo/video/7564460103311609096,2025-10-23,23,Thu,15,102400,308,7,102,27,0.43,Cơm cháy giòn rụm ngon ngon😋#comchay #comchaymohanh #anvat#nhau#ancun...,comchay comchaymohanh anvat nhau ancun,original sound - luongthingocha,𝐍𝐠𝐚̂𝐧 𝐇𝐚̀ 🍌,True,True,False
7564424109371723015,https://www.tiktok.com/@MS4wLjABAAAAdsuFcOjPrzsw0ZdV9dJ926Ho7pioc9om6tM3vxIND75ZEKCwBhVwUDIH5q4iKVvo/video/7564424109371723015,2025-10-23,21,Thu,8,2516,24,0,3,1,1.11,Mì trộn bị ngon ý 😋#mitron #micay #mi#phomai #ancungtiktok,mitron micay mi phomai ancungtiktok,original sound - lilikween_106,Henry👻,True,True,False
7564419163834322194,https://www.tiktok.com/@MS4wLjABAAAAdsuFcOjPrzsw0ZdV9dJ926Ho7pioc9om6tM3vxIND75ZEKCwBhVwUDIH5q4iKVvo/video/7564419163834322194,2025-10-23,21,Thu,14,4380,24,0,3,5,0.73,2 3 zô nào 🍻#dauphong #dauphongdaca #anvat#nhau#monnhau,dauphong dauphongdaca anvat nhau monnhau,original sound - antitrangkhanzone1,Anti Trang Khàn zone,True,True,True
7564359161312513287,https://www.tiktok.com/@MS4wLjABAAAAdsuFcOjPrzsw0ZdV9dJ926Ho7pioc9om6tM3vxIND75ZEKCwBhVwUDIH5q4iKVvo/video/7564359161312513287,2025-10-23,17,Thu,18,265000,1794,22,301,167,0.86,Mì trộn phô mai 😋#mitron #mitronphomai #mycay #ngon#ancungtiktok,mitron mitronphomai mycay ngon ancungtiktok,original sound - beheobu0102,Bé heo bự🐷,True,True,True
7564079863607430408,https://www.tiktok.com/@MS4wLjABAAAAdsuFcOjPrzsw0ZdV9dJ926Ho7pioc9om6tM3vxIND75ZEKCwBhVwUDIH5q4iKVvo/video/7564079863607430408,2025-10-22,23,Wed,11,5943,18,1,1,1,0.35,Ngon mà hơi tốn 😋#ngonepsaygion #anvat#ngonep #nhau#monnhau,ngonepsaygion anvat ngonep nhau monnhau,original sound - doyan.makan7,ASMR🔥,True,True,True
7564034271510269191,https://www.tiktok.com/@MS4wLjABAAAAdsuFcOjPrzsw0ZdV9dJ926Ho7pioc9om6tM3vxIND75ZEKCwBhVwUDIH5q4iKVvo/video/7564034271510269191,2025-10-22,20,Wed,14,3300000,11200,125,1680,1787,0.45,Bánh tráng ngon ngon 😋#banhtrang#tiembanhtrangcute #banhtrangtron#anv...,banhtrang tiembanhtrangcute banhtrangtron anv,original sound - antitrangkhanzone1,Anti Trang Khàn zone,True,True,True
7564007225136614674,https://www.tiktok.com/@MS4wLjABAAAAdsuFcOjPrzsw0ZdV9dJ926Ho7pioc9om6tM3vxIND75ZEKCwBhVwUDIH5q4iKVvo/video/7564007225136614674,2025-10-22,18,Wed,24,1184,8,1,3,3,1.27,Mê macha latte thì lụm nha 😋 #cozy#barista#matcha #botmatcha#matchala...,cozy barista matcha botmatcha matchala,Titibok tibok,୨ .ᐟ ⨍𝚛ᥲ𝕟ᥴ౿ડ ⑅ 🩰 ଓ,True,True,True
7563995223056059656,https://www.tiktok.com/@MS4wLjABAAAAdsuFcOjPrzsw0ZdV9dJ926Ho7pioc9om6tM3vxIND75ZEKCwBhVwUDIH5q4iKVvo/video/7563995223056059656,2025-10-22,17,Wed,18,11500,79,0,13,19,0.97,Socola hương vị ngọt ngào 😋#socola #socolajinon #anvat#ancungtiktok #...,socola socolajinon anvat ancungtiktok,,,False,True,True
7563897965685984519,https://www.tiktok.com/@MS4wLjABAAAAdsuFcOjPrzsw0ZdV9dJ926Ho7pioc9om6tM3vxIND75ZEKCwBhVwUDIH5q4iKVvo/video/7563897965685984519,2025-10-22,11,Wed,19,3444,26,4,12,7,1.42,Ý ngon nè 😋#banhxopnabati #banhngot #banh#anvat#ancungtiktok,banhxopnabati banhngot banh anvat ancungtiktok,Titibok tibok,୨ .ᐟ ⨍𝚛ᥲ𝕟ᥴ౿ડ ⑅ 🩰 ଓ,True,True,False
7563891342955318536,https://www.tiktok.com/@MS4wLjABAAAAdsuFcOjPrzsw0ZdV9dJ926Ho7pioc9om6tM3vxIND75ZEKCwBhVwUDIH5q4iKVvo/video/7563891342955318536,2025-10-22,11,Wed,18,1806,16,0,3,1,1.11,Chua chua ngọt ngọt ngon xỉu 😋#chumruot #cocdeochuacay #anvat#chumruo...,chumruot cocdeochuacay anvat chumruo,original sound - antitrangkhanzone1,Anti Trang Khàn zone,True,True,True
7563879744761023751,https://www.tiktok.com/@MS4wLjABAAAAdsuFcOjPrzsw0ZdV9dJ926Ho7pioc9om6tM3vxIND75ZEKCwBhVwUDIH5q4iKVvo/video/7563879744761023751,2025-10-22,10,Wed,14,14900,135,2,35,23,1.31,Bánh xốp nabati 😋#banhxopnabati #banh #nabati #anvat#anvattuoitho,banhxopnabati banh nabati anvat anvattuoitho,original sound - mesuadaily24,Chuyện nhà Sữa,True,True,False
7563716331439279378,https://www.tiktok.com/@MS4wLjABAAAAdsuFcOjPrzsw0ZdV9dJ926Ho7pioc9om6tM3vxIND75ZEKCwBhVwUDIH5q4iKVvo/video/7563716331439279378,2025-10-21,23,Tue,16,46500,91,2,25,10,0.28,Cay cay hằng đại tuổi thơ 😋#anvat#anvattuoitho #caycayhangdai #ancung...,anvat anvattuoitho caycayhangdai ancung,Titibok tibok,୨ .ᐟ ⨍𝚛ᥲ𝕟ᥴ౿ડ ⑅ 🩰 ଓ,True,True,True
7563349081913838855,https://www.tiktok.com/@MS4wLjABAAAAdsuFcOjPrzsw0ZdV9dJ926Ho7pioc9om6tM3vxIND75ZEKCwBhVwUDIH5q4iKVvo/video/7563349081913838855,2025-10-20,23,Mon,13,8319,42,0,5,3,0.6,Snack cay cay 😋#snack#caycay#anvatnoidiatrung #anvat#anvattuoitho,snack caycay anvatnoidiatrung anvat anvattuoitho,original sound - antitrangkhanzone1,Anti Trang Khàn zone,True,True,True
7563335317059587336,https://www.tiktok.com/@MS4wLjABAAAAdsuFcOjPrzsw0ZdV9dJ926Ho7pioc9om6tM3vxIND75ZEKCwBhVwUDIH5q4iKVvo/video/7563335317059587336,2025-10-20,23,Mon,12,2909,11,0,2,4,0.58,Giòn sần sật chấm miếng sốt 😋ta nói mê 🤭#changa#changabatuyet #ancung...,changa changabatuyet ancung,original sound - nini.analog,𐙚 ₊ ⊹ prandini,True,True,True
7562978294803598610,https://www.tiktok.com/@MS4wLjABAAAAdsuFcOjPrzsw0ZdV9dJ926Ho7pioc9om6tM3vxIND75ZEKCwBhVwUDIH5q4iKVvo/video/7562978294803598610,2025-10-19,23,Sun,18,18900,38,0,10,12,0.32,Snack giòn rụm 🤭#snack #bimbim#anvat#ancungtiktok #ngon,snack bimbim anvat ancungtiktok ngon,original sound - antitrangkhanzone1,Anti Trang Khàn zone,True,True,True
7562954098232855815,https://www.tiktok.com/@MS4wLjABAAAAdsuFcOjPrzsw0ZdV9dJ926Ho7pioc9om6tM3vxIND75ZEKCwBhVwUDIH5q4iKVvo/video/7562954098232855815,2025-10-19,22,Sun,21,401400,1698,5,441,138,0.57,Thèm quá nè 😋#changa #changabatuyet #ancungbatuyet #anvat#ancungtiktok,changa changabatuyet ancungbatuyet anvat ancungtiktok,original sound - luongthingocha,𝐍𝐠𝐚̂𝐧 𝐇𝐚̀ 🍌,True,True,True
7562921042067344648,https://www.tiktok.com/@MS4wLjABAAAAdsuFcOjPrzsw0ZdV9dJ926Ho7pioc9om6tM3vxIND75ZEKCwBhVwUDIH5q4iKVvo/video/7562921042067344648,2025-10-19,20,Sun,14,7249,36,1,4,1,0.58,Cứ bị ngon ý 🤭#ngonepsaygion #ngonep#anvat#nhau#monnhau,ngonepsaygion ngonep anvat nhau monnhau,Titibok tibok,୨ .ᐟ ⨍𝚛ᥲ𝕟ᥴ౿ડ ⑅ 🩰 ଓ,True,True,True
7562592665716411656,https://www.tiktok.com/@MS4wLjABAAAAdsuFcOjPrzsw0ZdV9dJ926Ho7pioc9om6tM3vxIND75ZEKCwBhVwUDIH5q4iKVvo/video/7562592665716411656,2025-10-18,23,Sat,14,217200,1289,4,97,142,0.71,Hẹ hẹ mê 😋#dauphong #dauphongtomrongbien #anvat#nhau#monnhau,dauphong dauphongtomrongbien anvat nhau monnhau,original sound - antitrangkhanzone1,Anti Trang Khàn zone,True,True,True
7562234086736055570,https://www.tiktok.com/@MS4wLjABAAAAdsuFcOjPrzsw0ZdV9dJ926Ho7pioc9om6tM3vxIND75ZEKCwBhVwUDIH5q4iKVvo/video/7562234086736055570,2025-10-17,23,Fri,15,13100,32,2,2,4,0.31,Mlem mlem ý 🤭#ngonepsaygion #ngonepsay #anvat#nhau#monnhau,ngonepsaygion ngonepsay anvat nhau monnhau,original sound - luongthingocha,𝐍𝐠𝐚̂𝐧 𝐇𝐚̀ 🍌,True,True,True
7562223541257637138,https://www.tiktok.com/@MS4wLjABAAAAdsuFcOjPrzsw0ZdV9dJ926Ho7pioc9om6tM3vxIND75ZEKCwBhVwUDIH5q4iKVvo/video/7562223541257637138,2025-10-17,23,Fri,24,2608,5,1,2,0,0.31,Bánh ngon mà hạt dẻ ý 😋#banhpia #banhpiasoctrang #banh#anvat#ancungti...,banhpia banhpiasoctrang banh anvat ancungti,Titibok tibok,୨ .ᐟ ⨍𝚛ᥲ𝕟ᥴ౿ડ ⑅ 🩰 ଓ,True,True,False
7561827529431010567,https://www.tiktok.com/@MS4wLjABAAAAdsuFcOjPrzsw0ZdV9dJ926Ho7pioc9om6tM3vxIND75ZEKCwBhVwUDIH5q4iKVvo/video/7561827529431010567,2025-10-16,21,Thu,20,39000,191,1,23,18,0.6,Đạu phộng tôm rong biển ăn cuốn cực 😋#dauphong #dauphongtomrongbien #...,dauphong dauphongtomrongbien,original sound - doyan.makan7,ASMR🔥,True,True,True
7561804524881546503,https://www.tiktok.com/@MS4wLjABAAAAdsuFcOjPrzsw0ZdV9dJ926Ho7pioc9om6tM3vxIND75ZEKCwBhVwUDIH5q4iKVvo/video/7561804524881546503,2025-10-16,20,Thu,17,40500,244,3,49,33,0.81,+1 món ăn vặt ngon 😋#huongduongchiengion #hathuongduong #anvat#hat #a...,huongduongchiengion hathuongduong anvat hat a,original sound - antitrangkhanzone1,Anti Trang Khàn zone,True,True,True
7561079643114065170,https://www.tiktok.com/@MS4wLjABAAAAdsuFcOjPrzsw0ZdV9dJ926Ho7pioc9om6tM3vxIND75ZEKCwBhVwUDIH5q4iKVvo/video/7561079643114065170,2025-10-14,21,Tue,23,3533,23,4,6,7,1.13,Kẹo sữa bò thơm thơm ngon ngon😋#keosuabo #keo #anvat#anvattuoitho #ke...,keosuabo keo anvat anvattuoitho ke,Titibok tibok,୨ .ᐟ ⨍𝚛ᥲ𝕟ᥴ౿ડ ⑅ 🩰 ଓ,True,True,True
7560952227968339218,https://www.tiktok.com/@MS4wLjABAAAAdsuFcOjPrzsw0ZdV9dJ926Ho7pioc9om6tM3vxIND75ZEKCwBhVwUDIH5q4iKVvo/video/7560952227968339218,2025-10-14,12,Tue,23,74600,204,5,36,35,0.38,Giòn dụm luôn á 😋#snack #snacktamcay #bimbim#anvat#ancungtiktok,snack snacktamcay bimbim anvat ancungtiktok,original sound - nusratjahan_z6b,Nusu~♡,True,True,True
7560742670189038855,https://www.tiktok.com/@MS4wLjABAAAAdsuFcOjPrzsw0ZdV9dJ926Ho7pioc9om6tM3vxIND75ZEKCwBhVwUDIH5q4iKVvo/video/7560742670189038855,2025-10-13,23,Mon,19,3066,22,0,10,4,1.17,Vị kẹo tuổi thơ 😋#keo #keotuoitho #anvat#anvattuoitho #candy,keo keotuoitho anvat anvattuoitho candy,original sound - antitrangkhanzone1,Anti Trang Khàn zone,True,True,False
7560565649597107464,https://www.tiktok.com/@MS4wLjABAAAAdsuFcOjPrzsw0ZdV9dJ926Ho7pioc9om6tM3vxIND75ZEKCwBhVwUDIH5q4iKVvo/video/7560565649597107464,2025-10-13,11,Mon,12,109300,1823,17,559,221,2.4,Bánh ngon 😋#banhnabati #banhngon #banh #anvat#ancungtiktok,banhnabati banhngon banh anvat ancungtiktok,original sound - canquetsaigon0201,Dính Food 2,True,True,False
7560372365364858120,https://www.tiktok.com/@MS4wLjABAAAAdsuFcOjPrzsw0ZdV9dJ926Ho7pioc9om6tM3vxIND75ZEKCwBhVwUDIH5q4iKVvo/video/7560372365364858120,2025-10-12,23,Sun,11,2486,14,0,2,1,0.68,Tokboki đơn giản tại nhà 😋#tokbokki #setnguyenlieuonici #anvat#ancung...,tokbokki setnguyenlieuonici anvat ancung,original sound - antitrangkhanzone1,Anti Trang Khàn zone,True,True,True
7560367057502571783,https://www.tiktok.com/@MS4wLjABAAAAdsuFcOjPrzsw0ZdV9dJ926Ho7pioc9om6tM3vxIND75ZEKCwBhVwUDIH5q4iKVvo/video/7560367057502571783,2025-10-12,23,Sun,15,34400,101,1,11,15,0.37,Xoài sấy dẻo chua chua ngọt ngọt 🤭#xoaisaydeo #xoaisaydeomuoiot #xoai...,xoaisaydeo xoaisaydeomuoiot xoai,original sound - canquetsaigon0201,Dính Food 2,True,True,True
7560338936938335506,https://www.tiktok.com/@MS4wLjABAAAAdsuFcOjPrzsw0ZdV9dJ926Ho7pioc9om6tM3vxIND75ZEKCwBhVwUDIH5q4iKVvo/video/7560338936938335506,2025-10-12,21,Sun,44,838,9,1,2,2,1.67,Lợn đen khói mơ đặc sản tây bắc 😋#londenkhoimo #dacsantaybac #anvat#n...,londenkhoimo dacsantaybac anvat n,original sound - mesuadaily24,Chuyện nhà Sữa,True,True,True
7560323936752323847,https://www.tiktok.com/@MS4wLjABAAAAdsuFcOjPrzsw0ZdV9dJ926Ho7pioc9om6tM3vxIND75ZEKCwBhVwUDIH5q4iKVvo/video/7560323936752323847,2025-10-12,20,Sun,28,9045,52,2,34,5,1.03,Bánh ngon 😋#banhquynabati #banhquy #banh #banhngon#anvat,banhquynabati banhquy banh banhngon anvat,lucky girl syndrome asmr audio,ƙҽყα🍥,True,True,False
7559998859015884039,https://www.tiktok.com/@MS4wLjABAAAAdsuFcOjPrzsw0ZdV9dJ926Ho7pioc9om6tM3vxIND75ZEKCwBhVwUDIH5q4iKVvo/video/7559998859015884039,2025-10-11,23,Sat,31,12500,113,1,14,14,1.14,Ngon lắm mấy ní ưi 😋#phomai #botphomai #botphomaikemrose #tokbokki #a...,phomai botphomai botphomaikemrose tokbokki a,Titibok tibok,୨ .ᐟ ⨍𝚛ᥲ𝕟ᥴ౿ડ ⑅ 🩰 ଓ,True,True,True
7559633702796479762,https://www.tiktok.com/@MS4wLjABAAAAdsuFcOjPrzsw0ZdV9dJ926Ho7pioc9om6tM3vxIND75ZEKCwBhVwUDIH5q4iKVvo/video/7559633702796479762,2025-10-10,23,Fri,6,208300,949,8,75,73,0.53,😋#ngonepsaygion #nhau#monnhau#anvat#ancungtiktok,ngonepsaygion nhau monnhau anvat ancungtiktok,original sound - doyan.makan7,ASMR🔥,True,True,True
7559243632067267858,https://www.tiktok.com/@MS4wLjABAAAAdsuFcOjPrzsw0ZdV9dJ926Ho7pioc9om6tM3vxIND75ZEKCwBhVwUDIH5q4iKVvo/video/7559243632067267858,2025-10-09,22,Thu,31,938,8,1,10,1,2.13,Đậm vị dai dai tốn sinh tố lúa mạch lắm đây này 😋#muccantamgiavi #muc...,muccantamgiavi muc,original sound - beheobu0102,Bé heo bự🐷,True,True,True
7559225595859864840,https://www.tiktok.com/@MS4wLjABAAAAdsuFcOjPrzsw0ZdV9dJ926Ho7pioc9om6tM3vxIND75ZEKCwBhVwUDIH5q4iKVvo/video/7559225595859864840,2025-10-09,21,Thu,33,7335,38,1,8,5,0.71,Sốt chấm mới độ ngon x2 😋#changa #changabatuyet #changarutxuong #anva...,changa changabatuyet changarutxuong anva,Meow number 16 - The kitten's nose,AtilaKw,False,False,True
7558838693038001416,https://www.tiktok.com/@MS4wLjABAAAAdsuFcOjPrzsw0ZdV9dJ926Ho7pioc9om6tM3vxIND75ZEKCwBhVwUDIH5q4iKVvo/video/7558838693038001416,2025-10-08,20,Wed,30,11500,12,1,5,3,0.18,Bá cháy 😋#thitsay #thitkho#khoheochaytoi #anvat#ancungtiktok,thitsay thitkho khoheochaytoi anvat ancungtiktok,original sound - beheobu0102,Bé heo bự🐷,True,True,True
7556939415159852306,https://www.tiktok.com/@MS4wLjABAAAAdsuFcOjPrzsw0ZdV9dJ926Ho7pioc9om6tM3vxIND75ZEKCwBhVwUDIH5q4iKVvo/video/7556939415159852306,2025-10-03,17,Fri,38,8004,58,2,16,4,1.0,Nấu tokboki chuẩn vị Hàn Quốc tại nhà với Onici 😋#tokbokki #settokbok...,tokbokki settokbok,Titibok tibok,୨ .ᐟ ⨍𝚛ᥲ𝕟ᥴ౿ડ ⑅ 🩰 ଓ,True,True,True
7555554658266123527,https://www.tiktok.com/@MS4wLjABAAAAdsuFcOjPrzsw0ZdV9dJ926Ho7pioc9om6tM3vxIND75ZEKCwBhVwUDIH5q4iKVvo/video/7555554658266123527,2025-09-29,23,Mon,40,2100000,13300,101,1498,1142,0.76,Combo này oki la lắm ý 😋#anvat#anvatnoidiatrung #anvatngon #ancungtik...,anvat anvatnoidiatrung anvatngon ancungtik,Meow number 16 - The kitten's nose,AtilaKw,False,True,True
7555540157068315912,https://www.tiktok.com/@MS4wLjABAAAAdsuFcOjPrzsw0ZdV9dJ926Ho7pioc9om6tM3vxIND75ZEKCwBhVwUDIH5q4iKVvo/video/7555540157068315912,2025-09-29,22,Mon,7,5875,10,1,1,1,0.22,Quất lẹ đi mấy ní kẻo shop tăng gi.á 🥹#ngonepsaygion #ngonepsay #nhau...,ngonepsaygion ngonepsay nhau,original sound - lilikween_106,Henry👻,True,True,True
7555134774684306706,https://www.tiktok.com/@MS4wLjABAAAAdsuFcOjPrzsw0ZdV9dJ926Ho7pioc9om6tM3vxIND75ZEKCwBhVwUDIH5q4iKVvo/video/7555134774684306706,2025-09-28,20,Sun,16,25600,56,1,9,6,0.28,Thứ gì chịu nổi 😋#ngonepsaygion #ngonepsay #anvat#nhau#monnhau,ngonepsaygion ngonepsay anvat nhau monnhau,original sound - antitrangkhanzone1,Anti Trang Khàn zone,True,True,True
7555126414828260616,https://www.tiktok.com/@MS4wLjABAAAAdsuFcOjPrzsw0ZdV9dJ926Ho7pioc9om6tM3vxIND75ZEKCwBhVwUDIH5q4iKVvo/video/7555126414828260616,2025-09-28,20,Sun,15,1906,11,1,2,0,0.73,Hoi mình nhắm mắt ăn luôn 😂#banhday #banhdaymatmia #banh #anvat #ancu...,banhday banhdaymatmia banh anvat ancu,Funny funny weird,MrM,False,True,True
7554740297108933896,https://www.tiktok.com/@MS4wLjABAAAAdsuFcOjPrzsw0ZdV9dJ926Ho7pioc9om6tM3vxIND75ZEKCwBhVwUDIH5q4iKVvo/video/7554740297108933896,2025-09-27,19,Sat,26,1502,13,1,2,0,1.07,500g snack giòn giòn ngon xỉu 😋#snack #snackbachtuoc #anvat#giongion ...,snack snackbachtuoc anvat giongion,original sound - antitrangkhanzone1,Anti Trang Khàn zone,True,True,True
7554733104531885320,https://www.tiktok.com/@MS4wLjABAAAAdsuFcOjPrzsw0ZdV9dJ926Ho7pioc9om6tM3vxIND75ZEKCwBhVwUDIH5q4iKVvo/video/7554733104531885320,2025-09-27,18,Sat,16,10600,26,1,2,1,0.28,Ngồi xem phim có gói ngô nếp giòn giòn ăn nhờ 😋#ngonepsaygion #ngonep...,ngonepsaygion ngonep,original sound - canquetsaigon0201,Dính Food 2,True,True,True
7554271093150797063,https://www.tiktok.com/@MS4wLjABAAAAdsuFcOjPrzsw0ZdV9dJ926Ho7pioc9om6tM3vxIND75ZEKCwBhVwUDIH5q4iKVvo/video/7554271093150797063,2025-09-26,12,Fri,40,2545,9,1,2,1,0.51,Bánh dày mật mía ý là bị ngon ý 😋#banhday #banhdaymatmia #dacsanhagia...,banhday banhdaymatmia dacsanhagia,C u p i d O r i g i n a l,Someone,True,True,True
7554066645875051794,https://www.tiktok.com/@MS4wLjABAAAAdsuFcOjPrzsw0ZdV9dJ926Ho7pioc9om6tM3vxIND75ZEKCwBhVwUDIH5q4iKVvo/video/7554066645875051794,2025-09-25,23,Thu,16,60600,224,3,42,31,0.5,Cay cay tuổi thơ 😋#snack #anvat #anvattuoitho #anvattrungquoc #ancung...,snack anvat anvattuoitho anvattrungquoc ancung,original sound - bemauxanh.99,Bé Màu Xanh,True,True,True
7553683274724429063,https://www.tiktok.com/@MS4wLjABAAAAdsuFcOjPrzsw0ZdV9dJ926Ho7pioc9om6tM3vxIND75ZEKCwBhVwUDIH5q4iKVvo/video/7553683274724429063,2025-09-24,22,Wed,18,1431,14,0,2,2,1.26,Snack khoai lắc phô mai 🧀 #snack #bimbim#giongion #anvat#ancungtiktok,snack bimbim giongion anvat ancungtiktok,C u p i d O r i g i n a l,Someone,True,True,True
7553312413580397842,https://www.tiktok.com/@MS4wLjABAAAAdsuFcOjPrzsw0ZdV9dJ926Ho7pioc9om6tM3vxIND75ZEKCwBhVwUDIH5q4iKVvo/video/7553312413580397842,2025-09-23,22,Tue,9,1214,5,0,0,1,0.49,Ôi thôi ch.ết nó ngon 🤭#ngonepsaygion #ngonepsay #nhau#monnhau#anvat,ngonepsaygion ngonepsay nhau monnhau anvat,original sound - antitrangkhanzone1,Anti Trang Khàn zone,True,True,False
7552938147353562376,https://www.tiktok.com/@MS4wLjABAAAAdsuFcOjPrzsw0ZdV9dJ926Ho7pioc9om6tM3vxIND75ZEKCwBhVwUDIH5q4iKVvo/video/7552938147353562376,2025-09-22,22,Mon,42,34000,80,4,14,9,0.31,"Matcha latte tại nhà siêu ngon 😋          #cozy #barista #matcha, #bo...",cozy barista matcha bo,蜜桃物语,仁辰 & 于行,False,True,True
7552159060943015176,https://www.tiktok.com/@MS4wLjABAAAAdsuFcOjPrzsw0ZdV9dJ926Ho7pioc9om6tM3vxIND75ZEKCwBhVwUDIH5q4iKVvo/video/7552159060943015176,2025-09-20,20,Sat,28,2098,4,0,1,0,0.24,Snack giòn giòn 😋#snack #bimbim #snackphomai #anvat#ancungtiktok,snack bimbim snackphomai anvat ancungtiktok,original sound - mesuadaily24,Chuyện nhà Sữa,True,True,True
7552141681366142215,https://www.tiktok.com/@MS4wLjABAAAAdsuFcOjPrzsw0ZdV9dJ926Ho7pioc9om6tM3vxIND75ZEKCwBhVwUDIH5q4iKVvo/video/7552141681366142215,2025-09-20,19,Sat,43,598,4,0,4,1,1.51,Combo đong đầy cho mùa trung thu trọn vẹn 😘#keodeodailong #dailong #k...,keodeodailong dailong k,original sound - beheobu0102,Bé heo bự🐷,True,True,False
7551835338898033938,https://www.tiktok.com/@MS4wLjABAAAAdsuFcOjPrzsw0ZdV9dJ926Ho7pioc9om6tM3vxIND75ZEKCwBhVwUDIH5q4iKVvo/video/7551835338898033938,2025-09-19,23,Fri,14,18600,33,1,7,7,0.26,Ngô nếp sấy giòn giòn 😋#ngonepsaygion #ngonepsay #ngonep#anvat#nhau,ngonepsaygion ngonepsay ngonep anvat nhau,original sound - beheobu0102,Bé heo bự🐷,True,True,True
7551814945571212551,https://www.tiktok.com/@MS4wLjABAAAAdsuFcOjPrzsw0ZdV9dJ926Ho7pioc9om6tM3vxIND75ZEKCwBhVwUDIH5q4iKVvo/video/7551814945571212551,2025-09-19,21,Fri,18,4548,32,2,4,6,0.97,Ối dồi ôi nó ngon 😋#banhtrang #banhtrangphomai #banhtrangtron #anvat#...,banhtrang banhtrangphomai banhtrangtron anvat,original sound - antitrangkhanzone1,Anti Trang Khàn zone,True,True,True
7551796859971308807,https://www.tiktok.com/@MS4wLjABAAAAdsuFcOjPrzsw0ZdV9dJ926Ho7pioc9om6tM3vxIND75ZEKCwBhVwUDIH5q4iKVvo/video/7551796859971308807,2025-09-19,20,Fri,27,2986,19,0,2,1,0.74,Ăn bỏng ngô xem phim thì còn gì bằng 😋#bongngo #baprangbo #baprang #a...,bongngo baprangbo baprang a,C u p i d O r i g i n a l,Someone,True,True,True
7551453411506425096,https://www.tiktok.com/@MS4wLjABAAAAdsuFcOjPrzsw0ZdV9dJ926Ho7pioc9om6tM3vxIND75ZEKCwBhVwUDIH5q4iKVvo/video/7551453411506425096,2025-09-18,22,Thu,29,1026,5,2,1,0,0.78,Hẹ hẹ 😋#changa #changaheyyo #changanhattam #anvat#ancungtiktok,changa changaheyyo changanhattam anvat ancungtiktok,original sound - antitrangkhanzone1,Anti Trang Khàn zone,True,True,True
7551418735182089490,https://www.tiktok.com/@MS4wLjABAAAAdsuFcOjPrzsw0ZdV9dJ926Ho7pioc9om6tM3vxIND75ZEKCwBhVwUDIH5q4iKVvo/video/7551418735182089490,2025-09-18,20,Thu,40,259,2,0,2,0,1.54,Sốt chấm tôi mê lắm ý 😋#muoichamthanthanh #sotcham #chamcathegioi #mu...,muoichamthanthanh sotcham chamcathegioi mu,C u p i d O r i g i n a l,Someone,True,True,False
7551389141104086290,https://www.tiktok.com/@MS4wLjABAAAAdsuFcOjPrzsw0ZdV9dJ926Ho7pioc9om6tM3vxIND75ZEKCwBhVwUDIH5q4iKVvo/video/7551389141104086290,2025-09-18,18,Thu,32,133300,1120,9,200,156,1.11,Thanh kẹo socola vừa to vừa hạt dẻ 😋#keosocola #socola #keo #anvat#an...,keosocola socola keo anvat an,Titibok tibok,୨ .ᐟ ⨍𝚛ᥲ𝕟ᥴ౿ડ ⑅ 🩰 ଓ,True,True,True
7551375160348036360,https://www.tiktok.com/@MS4wLjABAAAAdsuFcOjPrzsw0ZdV9dJ926Ho7pioc9om6tM3vxIND75ZEKCwBhVwUDIH5q4iKVvo/video/7551375160348036360,2025-09-18,17,Thu,31,8749,18,4,11,4,0.42,Bánh thuyền mix hạt dinh dưỡng ngon ngon😋#banhthuyenmixhat #banhthuye...,banhthuyenmixhat banhthuye,original sound - beheobu0102,Bé heo bự🐷,True,True,True
7550313083147701522,https://www.tiktok.com/@MS4wLjABAAAAdsuFcOjPrzsw0ZdV9dJ926Ho7pioc9om6tM3vxIND75ZEKCwBhVwUDIH5q4iKVvo/video/7550313083147701522,2025-09-15,20,Mon,16,1049,8,0,4,1,1.24,Bắp rang bơ 🍿 #baprangbo #baprang #anvat#ancungtiktok,baprangbo baprang anvat ancungtiktok,original sound - m._mii,⋅˚₊‧ ୨ 𝒎𝒎𝒊𝒊 ୧ ‧₊˚ ⋅,True,True,True
7549621111005269266,https://www.tiktok.com/@MS4wLjABAAAAdsuFcOjPrzsw0ZdV9dJ926Ho7pioc9om6tM3vxIND75ZEKCwBhVwUDIH5q4iKVvo/video/7549621111005269266,2025-09-14,0,Sun,17,1918,6,0,4,1,0.57,Snack cánh gà 😋#snack#bimbim#snackcanhga #anvat#ancungtiktok,snack bimbim snackcanhga anvat ancungtiktok,bubblegum,dwyne,True,True,True
7549617003749838087,https://www.tiktok.com/@MS4wLjABAAAAdsuFcOjPrzsw0ZdV9dJ926Ho7pioc9om6tM3vxIND75ZEKCwBhVwUDIH5q4iKVvo/video/7549617003749838087,2025-09-13,23,Sat,7,1432,6,0,0,1,0.49,Giòn giòn 🌽#ngonepsaygion #ngonepsay #nhau#monnhau #anvat,ngonepsaygion ngonepsay nhau monnhau anvat,original sound - lilikween_106,Henry👻,True,True,False
7549614747570670856,https://www.tiktok.com/@MS4wLjABAAAAdsuFcOjPrzsw0ZdV9dJ926Ho7pioc9om6tM3vxIND75ZEKCwBhVwUDIH5q4iKVvo/video/7549614747570670856,2025-09-13,23,Sat,10,3877,15,1,4,3,0.59,🧀 #banhtrang #banhtrangphomai #banhtrangtron #anvat #ancungtiktok,banhtrang banhtrangphomai banhtrangtron anvat ancungtiktok,Titibok tibok,୨ .ᐟ ⨍𝚛ᥲ𝕟ᥴ౿ડ ⑅ 🩰 ଓ,True,True,True
7549230053473733895,https://www.tiktok.com/@MS4wLjABAAAAdsuFcOjPrzsw0ZdV9dJ926Ho7pioc9om6tM3vxIND75ZEKCwBhVwUDIH5q4iKVvo/video/7549230053473733895,2025-09-12,22,Fri,8,1420,5,0,3,0,0.56,Snack 😋#snack#bimbim#snackkhonglo #anvat#ancungtiktok,snack bimbim snackkhonglo anvat ancungtiktok,p r i c e t a g,⤜ 𝖼𝖺𝗋𝗅𝗂 ꒱꒱ 🌺,True,True,False
7549228206717553927,https://www.tiktok.com/@MS4wLjABAAAAdsuFcOjPrzsw0ZdV9dJ926Ho7pioc9om6tM3vxIND75ZEKCwBhVwUDIH5q4iKVvo/video/7549228206717553927,2025-09-12,22,Fri,9,10400,31,0,10,2,0.41,Bánh tráng đẫm phô mai luôn ý 😋#banhtrang #banhtrangphomai #banhtrang...,banhtrang banhtrangphomai banhtrang,original sound - antitrangkhanzone1,Anti Trang Khàn zone,True,True,True
7548839598151961863,https://www.tiktok.com/@MS4wLjABAAAAdsuFcOjPrzsw0ZdV9dJ926Ho7pioc9om6tM3vxIND75ZEKCwBhVwUDIH5q4iKVvo/video/7548839598151961863,2025-09-11,21,Thu,8,24900,61,1,5,4,0.29,Ối dồi ôi ta nói nó ngon 😋#banhtrang #banhtrangphomai#banhtrangtron #...,banhtrang banhtrangphomai banhtrangtron,original sound - lilikween_106,Henry👻,True,True,True
7548814110201351432,https://www.tiktok.com/@MS4wLjABAAAAdsuFcOjPrzsw0ZdV9dJ926Ho7pioc9om6tM3vxIND75ZEKCwBhVwUDIH5q4iKVvo/video/7548814110201351432,2025-09-11,19,Thu,8,1269,5,0,2,0,0.55,Ngô nếp nương đặc sản Điện Biên 😋#ngonepnuongtimranggion #ngonepsaygi...,ngonepnuongtimranggion ngonepsaygi,original sound - antitrangkhanzone1,Anti Trang Khàn zone,True,True,True
7548811607351119112,https://www.tiktok.com/@MS4wLjABAAAAdsuFcOjPrzsw0ZdV9dJ926Ho7pioc9om6tM3vxIND75ZEKCwBhVwUDIH5q4iKVvo/video/7548811607351119112,2025-09-11,19,Thu,19,2510,11,0,7,2,0.8,Giòn tan 🤤#topmorimmamtoi #topmorim #anvat#nhau #ancungtiktok,topmorimmamtoi topmorim anvat nhau ancungtiktok,original sound - doyan.makan7,ASMR🔥,True,True,True
7548808137801796882,https://www.tiktok.com/@MS4wLjABAAAAdsuFcOjPrzsw0ZdV9dJ926Ho7pioc9om6tM3vxIND75ZEKCwBhVwUDIH5q4iKVvo/video/7548808137801796882,2025-09-11,19,Thu,23,1861,3,0,1,0,0.21,Snack phồng tôm khổng lồ 😋#snack#snackkhonglo #bimbim#phongtom #anvat,snack snackkhonglo bimbim phongtom anvat,Titibok tibok,୨ .ᐟ ⨍𝚛ᥲ𝕟ᥴ౿ડ ⑅ 🩰 ଓ,True,True,True
7548697827006745863,https://www.tiktok.com/@MS4wLjABAAAAdsuFcOjPrzsw0ZdV9dJ926Ho7pioc9om6tM3vxIND75ZEKCwBhVwUDIH5q4iKVvo/video/7548697827006745863,2025-09-11,12,Thu,9,2616,13,0,6,1,0.76,Chảy nước miếng 🤤#changa #changanhattam #anvat #ancungtiktok #xuhuong,changa changanhattam anvat ancungtiktok xuhuong,original sound - antitrangkhanzone1,Anti Trang Khàn zone,True,True,True
7548484481238207752,https://www.tiktok.com/@MS4wLjABAAAAdsuFcOjPrzsw0ZdV9dJ926Ho7pioc9om6tM3vxIND75ZEKCwBhVwUDIH5q4iKVvo/video/7548484481238207752,2025-09-10,22,Wed,13,1886,7,0,3,0,0.53,#ngonepsaygion #ngonepsay #ngonep #nhau#anvat,ngonepsaygion ngonepsay ngonep nhau anvat,original sound - canquetsaigon0201,Dính Food 2,True,True,False
7548481225820884242,https://www.tiktok.com/@MS4wLjABAAAAdsuFcOjPrzsw0ZdV9dJ926Ho7pioc9om6tM3vxIND75ZEKCwBhVwUDIH5q4iKVvo/video/7548481225820884242,2025-09-10,22,Wed,10,6602,15,0,3,1,0.29,Bánh tráng tóppp 1 lòng tui 😋ngon ko lối thoát 🤭#banhtrang #banhtrang...,banhtrang banhtrang,original sound - antitrangkhanzone1,Anti Trang Khàn zone,True,True,True
7548459466971188487,https://www.tiktok.com/@MS4wLjABAAAAdsuFcOjPrzsw0ZdV9dJ926Ho7pioc9om6tM3vxIND75ZEKCwBhVwUDIH5q4iKVvo/video/7548459466971188487,2025-09-10,20,Wed,6,1836,10,0,1,2,0.71,Ngon 😋 #topmorimmamtoi #topmo #anvat#nhau #ancungtiktok,topmorimmamtoi topmo anvat nhau ancungtiktok,original sound - lilikween_106,Henry👻,True,True,True
7548440912515403015,https://www.tiktok.com/@MS4wLjABAAAAdsuFcOjPrzsw0ZdV9dJ926Ho7pioc9om6tM3vxIND75ZEKCwBhVwUDIH5q4iKVvo/video/7548440912515403015,2025-09-10,19,Wed,26,1400,1,0,1,0,0.14,Ngô nếp nương sấy giòn giòn 😋#ngonepnuongsaygion #ngonepsaygion #anva...,ngonepnuongsaygion ngonepsaygion anva,Titibok tibok,୨ .ᐟ ⨍𝚛ᥲ𝕟ᥴ౿ડ ⑅ 🩰 ଓ,True,True,True
7548428366521634066,https://www.tiktok.com/@MS4wLjABAAAAdsuFcOjPrzsw0ZdV9dJ926Ho7pioc9om6tM3vxIND75ZEKCwBhVwUDIH5q4iKVvo/video/7548428366521634066,2025-09-10,18,Wed,30,622,5,1,2,0,1.29,Tóp mỡ rim mắm tỏi giòn rụm ngon ngon😋#topmorimmamtoi #topmorim #monn...,topmorimmamtoi topmorim monn,ɱ α ɠ ɳ ҽ ƚ ι ƈ,Someone,True,True,False
7548313485868797191,https://www.tiktok.com/@MS4wLjABAAAAdsuFcOjPrzsw0ZdV9dJ926Ho7pioc9om6tM3vxIND75ZEKCwBhVwUDIH5q4iKVvo/video/7548313485868797191,2025-09-10,11,Wed,12,4443,17,2,7,2,0.63,#changan #changaheyyo #changanhattam #anvat#ancungtiktok,changan changaheyyo changanhattam anvat ancungtiktok,BGM C A F E S O U N D S,໒꒱— 𝓐_𝝴ׅƖׅყׂ !¡🌟🛼,True,True,True
7548099497864449288,https://www.tiktok.com/@MS4wLjABAAAAdsuFcOjPrzsw0ZdV9dJ926Ho7pioc9om6tM3vxIND75ZEKCwBhVwUDIH5q4iKVvo/video/7548099497864449288,2025-09-09,21,Tue,7,4405,8,0,0,2,0.23,Nhả vía cho mấy ní săn được free ship nha 🤭#banhtrang #banhtrangtron ...,banhtrang banhtrangtron,original sound - lilikween_106,Henry👻,True,True,True
7548065031636782344,https://www.tiktok.com/@MS4wLjABAAAAdsuFcOjPrzsw0ZdV9dJ926Ho7pioc9om6tM3vxIND75ZEKCwBhVwUDIH5q4iKVvo/video/7548065031636782344,2025-09-09,19,Tue,29,3525,7,2,7,3,0.54,Bánh chè lam dẻo thơm gói 500g nên thử nha 😋#banhchelam#chelam #banhc...,banhchelam chelam banhc,C u p i d O r i g i n a l,Someone,True,True,True
7547687885483363592,https://www.tiktok.com/@MS4wLjABAAAAdsuFcOjPrzsw0ZdV9dJ926Ho7pioc9om6tM3vxIND75ZEKCwBhVwUDIH5q4iKVvo/video/7547687885483363592,2025-09-08,19,Mon,19,2503,6,3,7,0,0.64,Bánh cáy đặc sản Thái Bình mọi người đã thử chưa 😋#banhcay#banhcaytha...,banhcay banhcaytha,original sound - u.phng.toca,🧺✨️Đậu phộng toca🥜🫧,True,True,True
7547677303904488711,https://www.tiktok.com/@MS4wLjABAAAAdsuFcOjPrzsw0ZdV9dJ926Ho7pioc9om6tM3vxIND75ZEKCwBhVwUDIH5q4iKVvo/video/7547677303904488711,2025-09-08,18,Mon,19,20700,49,2,19,11,0.39,Chân gà to giòn sần sật 😋#changa #changarutxuong #anvat#changaheyyo#a...,changa changarutxuong anvat changaheyyo a,original sound - luongthingocha,𝐍𝐠𝐚̂𝐧 𝐇𝐚̀ 🍌,True,True,True
7547669612364614930,https://www.tiktok.com/@MS4wLjABAAAAdsuFcOjPrzsw0ZdV9dJ926Ho7pioc9om6tM3vxIND75ZEKCwBhVwUDIH5q4iKVvo/video/7547669612364614930,2025-09-08,17,Mon,31,1082,7,0,3,2,1.11,Thịt heo khô truyền thống ngon mà được nhiều lắm ý 😋#thitheokho #thit...,thitheokho thit,C u p i d O r i g i n a l,Someone,True,True,False
7545867547720043784,https://www.tiktok.com/@MS4wLjABAAAAdsuFcOjPrzsw0ZdV9dJ926Ho7pioc9om6tM3vxIND75ZEKCwBhVwUDIH5q4iKVvo/video/7545867547720043784,2025-09-03,21,Wed,7,28400,52,5,8,6,0.25,😋#banhtrang #banhtrangtron #banhtrangphoma #anvat#ancungtiktok,banhtrang banhtrangtron banhtrangphoma anvat ancungtiktok,original sound - lilikween_106,Henry👻,True,True,True
7545865827665399047,https://www.tiktok.com/@MS4wLjABAAAAdsuFcOjPrzsw0ZdV9dJ926Ho7pioc9om6tM3vxIND75ZEKCwBhVwUDIH5q4iKVvo/video/7545865827665399047,2025-09-03,21,Wed,16,1668,3,0,1,0,0.24,Úi úi chân gà ngon thíii 😋#changa #changaheyyo #changarutxuong #anvat...,changa changaheyyo changarutxuong anvat,original sound - luongthingocha,𝐍𝐠𝐚̂𝐧 𝐇𝐚̀ 🍌,True,True,True
7545859929442176264,https://www.tiktok.com/@MS4wLjABAAAAdsuFcOjPrzsw0ZdV9dJ926Ho7pioc9om6tM3vxIND75ZEKCwBhVwUDIH5q4iKVvo/video/7545859929442176264,2025-09-03,20,Wed,30,3141,18,1,7,0,0.83,Bánh pía size lớn cho mấy ní đam mê nha 😋#banhpia #banhpiasaurieng #b...,banhpia banhpiasaurieng b,original sound - antitrangkhanzone1,Anti Trang Khàn zone,True,True,True
7545471331777645831,https://www.tiktok.com/@MS4wLjABAAAAdsuFcOjPrzsw0ZdV9dJ926Ho7pioc9om6tM3vxIND75ZEKCwBhVwUDIH5q4iKVvo/video/7545471331777645831,2025-09-02,19,Tue,27,3813,15,1,3,3,0.58,Chân gà Hey Yo hàng Việt ngon chất lượng 😋#changa #changaheyyo #chang...,changa changaheyyo chang,original sound - thonhonho0,🐰Thỏsayhi🥀✨,True,True,True
7545141819089243399,https://www.tiktok.com/@MS4wLjABAAAAdsuFcOjPrzsw0ZdV9dJ926Ho7pioc9om6tM3vxIND75ZEKCwBhVwUDIH5q4iKVvo/video/7545141819089243399,2025-09-01,22,Mon,7,23200,35,0,8,4,0.2,Bánh tráng ngon quá nè 😋#banhtrang#banhtrangphomai#banhtrangtron#anva...,banhtrang banhtrangphomai banhtrangtron anva,original sound - lilikween_106,Henry👻,True,True,True
7545126153619623186,https://www.tiktok.com/@MS4wLjABAAAAdsuFcOjPrzsw0ZdV9dJ926Ho7pioc9om6tM3vxIND75ZEKCwBhVwUDIH5q4iKVvo/video/7545126153619623186,2025-09-01,21,Mon,18,4145,13,2,3,2,0.48,Cá bò nướng sate 😋#cabonuongsate #cabo#nhau#monnhau#anvat,cabonuongsate cabo nhau monnhau anvat,original sound - luongthingocha,𝐍𝐠𝐚̂𝐧 𝐇𝐚̀ 🍌,True,True,False
7545098483548687623,https://www.tiktok.com/@MS4wLjABAAAAdsuFcOjPrzsw0ZdV9dJ926Ho7pioc9om6tM3vxIND75ZEKCwBhVwUDIH5q4iKVvo/video/7545098483548687623,2025-09-01,19,Mon,32,467600,5607,24,561,433,1.42,Bò bía ngọt ngon ngon nè 😋#bobiangot #bobia #anvat#anvattuoitho #ancu...,bobiangot bobia anvat anvattuoitho ancu,C u p i d O r i g i n a l,Someone,True,True,True
7544775721713962248,https://www.tiktok.com/@MS4wLjABAAAAdsuFcOjPrzsw0ZdV9dJ926Ho7pioc9om6tM3vxIND75ZEKCwBhVwUDIH5q4iKVvo/video/7544775721713962248,2025-08-31,22,Sun,17,2547,2,0,2,0,0.16,Ngon ngon 😋#banhcay #banhcaythaibinh #dacsanthaibinh #anvat#ancungtik...,banhcay banhcaythaibinh dacsanthaibinh anvat ancungtik,original sound - canquetsaigon0201,Dính Food 2,True,True,True
7544767269495147783,https://www.tiktok.com/@MS4wLjABAAAAdsuFcOjPrzsw0ZdV9dJ926Ho7pioc9om6tM3vxIND75ZEKCwBhVwUDIH5q4iKVvo/video/7544767269495147783,2025-08-31,22,Sun,5,1735,2,0,0,1,0.17,Ngon nha hẹ hẹ 🤭#snack#bimbim#bimbimtamque #anvat#ancungtiktok,snack bimbim bimbimtamque anvat ancungtiktok,original sound - lilikween_106,Henry👻,True,True,True
7544761193366293767,https://www.tiktok.com/@MS4wLjABAAAAdsuFcOjPrzsw0ZdV9dJ926Ho7pioc9om6tM3vxIND75ZEKCwBhVwUDIH5q4iKVvo/video/7544761193366293767,2025-08-31,21,Sun,13,1600000,6064,72,1461,911,0.53,#banhtrang #banhtrangtron #banhtrangphomai #anvat #ancungtiktok,banhtrang banhtrangtron banhtrangphomai anvat ancungtiktok,original sound - canquetsaigon0201,Dính Food 2,True,True,True
7544758855645809928,https://www.tiktok.com/@MS4wLjABAAAAdsuFcOjPrzsw0ZdV9dJ926Ho7pioc9om6tM3vxIND75ZEKCwBhVwUDIH5q4iKVvo/video/7544758855645809928,2025-08-31,21,Sun,6,1200000,1552,18,189,218,0.16,Ăn ngon giòn lắm ý 😋#ngonepsaygion #ngonep#nhau#monnhau#anvat,ngonepsaygion ngonep nhau monnhau anvat,original sound - lilikween_106,Henry👻,True,True,True
7544754275033812232,https://www.tiktok.com/@MS4wLjABAAAAdsuFcOjPrzsw0ZdV9dJ926Ho7pioc9om6tM3vxIND75ZEKCwBhVwUDIH5q4iKVvo/video/7544754275033812232,2025-08-31,21,Sun,36,7388,6,0,8,0,0.19,Kẹo me chua cay ngọt ngon xỉu 😋 mấy ní pha nước uống cũng ngon ý #keo...,keo,c u t e s o. u n d,ׂ◌⃘  ׅ ׂ c͠ɑtִׄhɑִׄrinִׄē ִ𔘓ׄ,True,True,True
7544747636528647442,https://www.tiktok.com/@MS4wLjABAAAAdsuFcOjPrzsw0ZdV9dJ926Ho7pioc9om6tM3vxIND75ZEKCwBhVwUDIH5q4iKVvo/video/7544747636528647442,2025-08-31,20,Sun,24,194100,375,6,72,44,0.26,Bánh tráng phô mai này ngon bảo sao mấy ní mê 🤭#banhtrang #banhtrangp...,banhtrang banhtrangp,original sound - antitrangkhanzone1,Anti Trang Khàn zone,True,True,True
7544739456784338183,https://www.tiktok.com/@MS4wLjABAAAAdsuFcOjPrzsw0ZdV9dJ926Ho7pioc9om6tM3vxIND75ZEKCwBhVwUDIH5q4iKVvo/video/7544739456784338183,2025-08-31,20,Sun,30,8428,18,1,3,5,0.32,Bánh cáy đặc sản Thái Bình ngon nha 😋#banhcay #banhcaythaibinh #banhc...,banhcay banhcaythaibinh banhc,ɱ α ɠ ɳ ҽ ƚ ι ƈ,Someone,True,True,True
7544397519061634322,https://www.tiktok.com/@MS4wLjABAAAAdsuFcOjPrzsw0ZdV9dJ926Ho7pioc9om6tM3vxIND75ZEKCwBhVwUDIH5q4iKVvo/video/7544397519061634322,2025-08-30,22,Sat,15,1143,3,0,0,1,0.35,Ngon mà r.ẻ quá nè 😋 chúc mấy ní săn được free ship nhó#snack#bimbim#...,snack bimbim,p r i c e t a g,⤜ 𝖼𝖺𝗋𝗅𝗂 ꒱꒱ 🌺,True,True,True
7544393663053384978,https://www.tiktok.com/@MS4wLjABAAAAdsuFcOjPrzsw0ZdV9dJ926Ho7pioc9om6tM3vxIND75ZEKCwBhVwUDIH5q4iKVvo/video/7544393663053384978,2025-08-30,22,Sat,19,4596,8,0,1,5,0.3,Snack cánh gà vẫn ngon như ngày nào 😋#snackcanhga #snack #bimbim#anva...,snackcanhga snack bimbim anva,C u p i d O r i g i n a l,Someone,True,True,True
7544388171908386066,https://www.tiktok.com/@MS4wLjABAAAAdsuFcOjPrzsw0ZdV9dJ926Ho7pioc9om6tM3vxIND75ZEKCwBhVwUDIH5q4iKVvo/video/7544388171908386066,2025-08-30,21,Sat,7,4100,16,0,1,3,0.49,Ngon quá nè sốp ơi 😋#ngonepsaygion #ngonep #anvat#nhau #monnhau,ngonepsaygion ngonep anvat nhau monnhau,Lấy nhớ để cre,Nuchuu 🤍,True,True,False
7544385388605918472,https://www.tiktok.com/@MS4wLjABAAAAdsuFcOjPrzsw0ZdV9dJ926Ho7pioc9om6tM3vxIND75ZEKCwBhVwUDIH5q4iKVvo/video/7544385388605918472,2025-08-30,21,Sat,35,1003,8,1,1,2,1.2,Kẹo dừa tuổi thơ ăn dính răng mà ngon 😋#keodua#keoduabentre #keo#anva...,keodua keoduabentre keo anva,original sound - ri_nyoung.s2,っ ̫ ᴗ^👍🏻💘⭐️,True,True,False
7544380351712333063,https://www.tiktok.com/@MS4wLjABAAAAdsuFcOjPrzsw0ZdV9dJ926Ho7pioc9om6tM3vxIND75ZEKCwBhVwUDIH5q4iKVvo/video/7544380351712333063,2025-08-30,21,Sat,21,1176,6,1,0,1,0.68,Snack bimbim tăm que ngon 😋 #snack #bimbim#bimbimtamque #anvat#ancung...,snack bimbim bimbimtamque anvat ancung,Titibok tibok,୨ .ᐟ ⨍𝚛ᥲ𝕟ᥴ౿ડ ⑅ 🩰 ଓ,True,True,False
7543970642815929618,https://www.tiktok.com/@MS4wLjABAAAAdsuFcOjPrzsw0ZdV9dJ926Ho7pioc9om6tM3vxIND75ZEKCwBhVwUDIH5q4iKVvo/video/7543970642815929618,2025-08-29,18,Fri,21,4098,24,2,5,3,0.83,Sứa làm kiểu này ngon lắm ý 😋#suaanlienbalat #chansua#suasotthai#suas...,suaanlienbalat chansua suasotthai suas,original sound - antitrangkhanzone1,Anti Trang Khàn zone,True,True,True
7543948580101295368,https://www.tiktok.com/@MS4wLjABAAAAdsuFcOjPrzsw0ZdV9dJ926Ho7pioc9om6tM3vxIND75ZEKCwBhVwUDIH5q4iKVvo/video/7543948580101295368,2025-08-29,17,Fri,27,50200,137,3,45,14,0.4,Ngon quá đi thui 😋#bobia #bobiangot #anvat#anvattuoitho #ancungtiktok,bobia bobiangot anvat anvattuoitho ancungtiktok,original sound - mesuadaily24,Chuyện nhà Sữa,True,True,True
7543940617278164232,https://www.tiktok.com/@MS4wLjABAAAAdsuFcOjPrzsw0ZdV9dJ926Ho7pioc9om6tM3vxIND75ZEKCwBhVwUDIH5q4iKVvo/video/7543940617278164232,2025-08-29,16,Fri,33,540,6,0,1,2,1.67,Bánh ép Huế giòn rụm thơm ngon😋#banhephue #banhep #dacsanhue #anvat#a...,banhephue banhep dacsanhue anvat a,C u p i d O r i g i n a l,Someone,True,True,True
7542880407675522322,https://www.tiktok.com/@MS4wLjABAAAAdsuFcOjPrzsw0ZdV9dJ926Ho7pioc9om6tM3vxIND75ZEKCwBhVwUDIH5q4iKVvo/video/7542880407675522322,2025-08-26,20,Tue,35,2147,8,2,2,1,0.61,Chân sứa sốt mắm thái cuốn rau cải ngon nhức nách 😋#suasotthai #suaso...,suasotthai suaso,Titibok tibok,୨ .ᐟ ⨍𝚛ᥲ𝕟ᥴ౿ડ ⑅ 🩰 ଓ,True,True,True
7542543015726894343,https://www.tiktok.com/@MS4wLjABAAAAdsuFcOjPrzsw0ZdV9dJ926Ho7pioc9om6tM3vxIND75ZEKCwBhVwUDIH5q4iKVvo/video/7542543015726894343,2025-08-25,22,Mon,6,15100,66,2,10,6,0.56,Ối rồi ôi nó ngon 😋#ngonepsaygion #ngonepsay#ngonep#monnhau#anvat,ngonepsaygion ngonepsay ngonep monnhau anvat,original sound - nguyxje,Ninh chó điên,True,True,True
7542489201703701778,https://www.tiktok.com/@MS4wLjABAAAAdsuFcOjPrzsw0ZdV9dJ926Ho7pioc9om6tM3vxIND75ZEKCwBhVwUDIH5q4iKVvo/video/7542489201703701778,2025-08-25,18,Mon,25,979,3,1,2,1,0.72,Đậu phộng rang bơ sữa ngon ngon🥜#dauphongrangbosua #dauphong #dauphon...,dauphongrangbosua dauphong dauphon,C u p i d O r i g i n a l,Someone,True,True,True
7542157419430923528,https://www.tiktok.com/@MS4wLjABAAAAdsuFcOjPrzsw0ZdV9dJ926Ho7pioc9om6tM3vxIND75ZEKCwBhVwUDIH5q4iKVvo/video/7542157419430923528,2025-08-24,21,Sun,9,15000,16,1,1,2,0.13,Ngon ngon 😋 #bimbimcanhga #bimbim#snack #anvat#ancungtiktok,bimbimcanhga bimbim snack anvat ancungtiktok,original sound - lilikween_106,Henry👻,True,True,True
7541812370822139154,https://www.tiktok.com/@MS4wLjABAAAAdsuFcOjPrzsw0ZdV9dJ926Ho7pioc9om6tM3vxIND75ZEKCwBhVwUDIH5q4iKVvo/video/7541812370822139154,2025-08-23,23,Sat,31,25200,108,4,17,16,0.58,Bánh gạo to khổng lồ 😋#banhgao#banhgaokhonglo #tokbokki #anvat#ancung...,banhgao banhgaokhonglo tokbokki anvat ancung,original sound - nhamnhamjt,Một chiếc bụng đói,True,True,True
7541410732156407058,https://www.tiktok.com/@MS4wLjABAAAAdsuFcOjPrzsw0ZdV9dJ926Ho7pioc9om6tM3vxIND75ZEKCwBhVwUDIH5q4iKVvo/video/7541410732156407058,2025-08-22,21,Fri,14,64600,111,2,9,17,0.22,Ngon ngon😋#ngonepsaygion #ngonepsay#anvat#ancungtiktok #muataitiktok,ngonepsaygion ngonepsay anvat ancungtiktok muataitiktok,c u t e s o. u n d,ׂ◌⃘  ׅ ׂ c͠ɑtִׄhɑִׄrinִׄē ִ𔘓ׄ,True,True,True
7541405693895642376,https://www.tiktok.com/@MS4wLjABAAAAdsuFcOjPrzsw0ZdV9dJ926Ho7pioc9om6tM3vxIND75ZEKCwBhVwUDIH5q4iKVvo/video/7541405693895642376,2025-08-22,20,Fri,30,3465,42,1,5,4,1.5,Bột phô mai ăn j cũng ngon 🧀 #botphomai #phomai#anvat#ancungtiktok #m...,botphomai phomai anvat ancungtiktok m,ɱ α ɠ ɳ ҽ ƚ ι ƈ,Someone,True,True,False
7541017686432681223,https://www.tiktok.com/@MS4wLjABAAAAdsuFcOjPrzsw0ZdV9dJ926Ho7pioc9om6tM3vxIND75ZEKCwBhVwUDIH5q4iKVvo/video/7541017686432681223,2025-08-21,19,Thu,6,19300,43,0,9,5,0.3,Snack phải ăn cả kí mới đã 😋#snack#bimbim#snackxuongcho #anvat#ancung...,snack bimbim snackxuongcho anvat ancung,original sound - nguyxje,Ninh chó điên,True,True,True
7541015875261041927,https://www.tiktok.com/@MS4wLjABAAAAdsuFcOjPrzsw0ZdV9dJ926Ho7pioc9om6tM3vxIND75ZEKCwBhVwUDIH5q4iKVvo/video/7541015875261041927,2025-08-21,19,Thu,21,112900,167,6,30,19,0.2,Bimbim cánh gà tuổi thơ 😋#bimbimcanhga #snack#anvat#anvattuoitho #anc...,bimbimcanhga snack anvat anvattuoitho anc,original sound - toxca..chloe0,𖦁ׅ ࣪ chloe ៵🎄 ࣪ ִֶָ ⋆,True,True,True
7541000271216774407,https://www.tiktok.com/@MS4wLjABAAAAdsuFcOjPrzsw0ZdV9dJ926Ho7pioc9om6tM3vxIND75ZEKCwBhVwUDIH5q4iKVvo/video/7541000271216774407,2025-08-21,18,Thu,32,2094,12,0,4,2,0.86,Râu mực rim tỏi ớt 😋#raumucrimtoiot #raumucrim #nhau#monnhau#anvat,raumucrimtoiot raumucrim nhau monnhau anvat,ɱ α ɠ ɳ ҽ ƚ ι ƈ,Someone,True,True,True
7540993379320990983,https://www.tiktok.com/@MS4wLjABAAAAdsuFcOjPrzsw0ZdV9dJ926Ho7pioc9om6tM3vxIND75ZEKCwBhVwUDIH5q4iKVvo/video/7540993379320990983,2025-08-21,18,Thu,30,418,8,2,4,2,3.83,Khô bò miếng ngon ngon 😋#khobomieng #khobo#anvat #ancungtiktok #muata...,khobomieng khobo anvat ancungtiktok muata,original sound - antitrangkhanzone1,Anti Trang Khàn zone,True,True,False
7540988055209938183,https://www.tiktok.com/@MS4wLjABAAAAdsuFcOjPrzsw0ZdV9dJ926Ho7pioc9om6tM3vxIND75ZEKCwBhVwUDIH5q4iKVvo/video/7540988055209938183,2025-08-21,17,Thu,29,9050,27,1,2,3,0.36,Sncak khổng lồ nhăm nhăm😋#snackkhonglo #snack#bimbim#anvat#ancungtiktok,snackkhonglo snack bimbim anvat ancungtiktok,,,False,True,True
7540673259881155847,https://www.tiktok.com/@MS4wLjABAAAAdsuFcOjPrzsw0ZdV9dJ926Ho7pioc9om6tM3vxIND75ZEKCwBhVwUDIH5q4iKVvo/video/7540673259881155847,2025-08-20,21,Wed,27,236800,1247,5,206,155,0.68,Nhăm nhăm 😋#bobia #bobiangot #anvat #anvattuoitho #ancungtiktok,bobia bobiangot anvat anvattuoitho ancungtiktok,original sound - heinaa._.mukbang,🥡𝙃𝙚𝙞𝙣𝙖૮ ˶ᵔ ᵕ ᵔ˶ ა🧁,True,True,True
7540657623100558599,https://www.tiktok.com/@MS4wLjABAAAAdsuFcOjPrzsw0ZdV9dJ926Ho7pioc9om6tM3vxIND75ZEKCwBhVwUDIH5q4iKVvo/video/7540657623100558599,2025-08-20,20,Wed,7,918,7,0,4,0,1.2,Chua chua ngọt ngọt mà lại giòn giòn 😋#saugionchuangot #saugion #anva...,saugionchuangot saugion anva,original sound - lilikween_106,Henry👻,True,True,True
7540618531348466951,https://www.tiktok.com/@MS4wLjABAAAAdsuFcOjPrzsw0ZdV9dJ926Ho7pioc9om6tM3vxIND75ZEKCwBhVwUDIH5q4iKVvo/video/7540618531348466951,2025-08-20,17,Wed,15,129700,362,4,154,63,0.45,Snack ngon ngon😋#snack #bimbim#snackxuongcho #anvat#ancungtiktok #mua...,snack bimbim snackxuongcho anvat ancungtiktok mua,original sound - bebeothi,Beothi,True,True,True
7540617017980636423,https://www.tiktok.com/@MS4wLjABAAAAdsuFcOjPrzsw0ZdV9dJ926Ho7pioc9om6tM3vxIND75ZEKCwBhVwUDIH5q4iKVvo/video/7540617017980636423,2025-08-20,17,Wed,33,783,6,1,5,0,1.53,Bánh sữa Ba Vì 🤭#banhsuabavi #banhsua #dacsanbavi #anvat#ancungtiktok...,banhsuabavi banhsua dacsanbavi anvat ancungtiktok,ɱ α ɠ ɳ ҽ ƚ ι ƈ,Someone,True,True,True
7540611384946560264,https://www.tiktok.com/@MS4wLjABAAAAdsuFcOjPrzsw0ZdV9dJ926Ho7pioc9om6tM3vxIND75ZEKCwBhVwUDIH5q4iKVvo/video/7540611384946560264,2025-08-20,17,Wed,38,84600,310,2,53,38,0.48,Snack siêu to khổng lồ nè mấy ní 😋#snacksieutokhonglo #snack#bimbimkh...,snacksieutokhonglo snack bimbimkh,original sound - nhamnhamjt,Một chiếc bụng đói,True,True,True
7540276241065168136,https://www.tiktok.com/@MS4wLjABAAAAdsuFcOjPrzsw0ZdV9dJ926Ho7pioc9om6tM3vxIND75ZEKCwBhVwUDIH5q4iKVvo/video/7540276241065168136,2025-08-19,19,Tue,22,663,5,0,1,1,1.06,Bò xuyên tiêu nên thử nha mấy ní ngon bá cháy 🤭#boxuyentieu #boxuyent...,boxuyentieu boxuyent,original sound - canquetsaigon0201,Dính Food 2,True,True,True
7540270527626169607,https://www.tiktok.com/@MS4wLjABAAAAdsuFcOjPrzsw0ZdV9dJ926Ho7pioc9om6tM3vxIND75ZEKCwBhVwUDIH5q4iKVvo/video/7540270527626169607,2025-08-19,19,Tue,17,1364,2,0,4,3,0.66,Sét bát chảo cầm tay dễ thương 🤭#chenbatsu #batsu #batdethuong #batdi...,chenbatsu batsu batdethuong batdi,original sound - wonminjix,vivi,True,True,False
7540267626740698386,https://www.tiktok.com/@MS4wLjABAAAAdsuFcOjPrzsw0ZdV9dJ926Ho7pioc9om6tM3vxIND75ZEKCwBhVwUDIH5q4iKVvo/video/7540267626740698386,2025-08-19,19,Tue,20,2204,7,0,2,1,0.45,Snack ngon😋#snack#bimbim#snackxuongcho #anvat#doanvat#mukbang#ancungt...,snack bimbim snackxuongcho anvat doanvat mukbang ancungt,original sound - antitrangkhanzone1,Anti Trang Khàn zone,True,True,True
7540261499151994120,https://www.tiktok.com/@MS4wLjABAAAAdsuFcOjPrzsw0ZdV9dJ926Ho7pioc9om6tM3vxIND75ZEKCwBhVwUDIH5q4iKVvo/video/7540261499151994120,2025-08-19,18,Tue,9,57700,326,1,18,14,0.62,#ngonepsaygion #ngonepsay #ngonep #anvat#doanvat#nhau#monnhau#donhau ...,ngonepsaygion ngonepsay ngonep anvat doanvat nhau monnhau donhau,original sound - ohana_matcha.tea.coffee,Ohana matcha tea coffee,True,True,True
7540257356484218130,https://www.tiktok.com/@MS4wLjABAAAAdsuFcOjPrzsw0ZdV9dJ926Ho7pioc9om6tM3vxIND75ZEKCwBhVwUDIH5q4iKVvo/video/7540257356484218130,2025-08-19,18,Tue,13,90700,280,5,47,21,0.39,Sét bò bía ngọt 😋#bobia #bobiangot #anvat#anvattuoitho #ancungtiktok ...,bobia bobiangot anvat anvattuoitho ancungtiktok,original sound - hellodituyet,ﾟ°☆Diye hay mắc cỡ☆° ﾟ,True,True,True
7539896215543090439,https://www.tiktok.com/@MS4wLjABAAAAdsuFcOjPrzsw0ZdV9dJ926Ho7pioc9om6tM3vxIND75ZEKCwBhVwUDIH5q4iKVvo/video/7539896215543090439,2025-08-18,19,Mon,28,951,2,1,3,2,0.84,Ô mai sấu giòn 😋#omaisaugion #omaisau #saugion #saugionchuangot #anva...,omaisaugion omaisau saugion saugionchuangot anva,Titibok tibok,୨ .ᐟ ⨍𝚛ᥲ𝕟ᥴ౿ડ ⑅ 🩰 ଓ,True,True,True
7539885845365525768,https://www.tiktok.com/@MS4wLjABAAAAdsuFcOjPrzsw0ZdV9dJ926Ho7pioc9om6tM3vxIND75ZEKCwBhVwUDIH5q4iKVvo/video/7539885845365525768,2025-08-18,18,Mon,30,4695,5,1,3,3,0.26,Sét bát sứ chảo béo cute 🤭#batsucute #setbatsu #batsu#batdia #batdias...,batsucute setbatsu batsu batdia batdias,오사하면 달려감,euoxwe,True,True,False
7539877384951057682,https://www.tiktok.com/@MS4wLjABAAAAdsuFcOjPrzsw0ZdV9dJ926Ho7pioc9om6tM3vxIND75ZEKCwBhVwUDIH5q4iKVvo/video/7539877384951057682,2025-08-18,17,Mon,15,1300000,9743,67,809,1044,0.9,Giòn giòn 😋#ngonepsaygion#ngonepsay#ngonepgion#ngonep#anvat#doanvat#n...,ngonepsaygion ngonepsay ngonepgion ngonep anvat doanvat n,original sound - antitrangkhanzone1,Anti Trang Khàn zone,True,True,True
7539778612002671880,https://www.tiktok.com/@MS4wLjABAAAAdsuFcOjPrzsw0ZdV9dJ926Ho7pioc9om6tM3vxIND75ZEKCwBhVwUDIH5q4iKVvo/video/7539778612002671880,2025-08-18,11,Mon,24,665,8,2,2,1,1.95,Em muốn được ăn mì cay 😋#mycay #micay #micaysasin #micayngon #ancungt...,mycay micay micaysasin micayngon ancungt,original sound - nhamnhamjt,Một chiếc bụng đói,True,True,False
7539770693651565842,https://www.tiktok.com/@MS4wLjABAAAAdsuFcOjPrzsw0ZdV9dJ926Ho7pioc9om6tM3vxIND75ZEKCwBhVwUDIH5q4iKVvo/video/7539770693651565842,2025-08-18,11,Mon,29,1000000,4845,71,742,660,0.63,Bò bía ngọt với sữa siêu ngon 😋#bobia #bobiangot #bopia #anvat #anvat...,bobia bobiangot bopia anvat anvat,ɱ α ɠ ɳ ҽ ƚ ι ƈ,Someone,True,True,True
7539746438352358664,https://www.tiktok.com/@MS4wLjABAAAAdsuFcOjPrzsw0ZdV9dJ926Ho7pioc9om6tM3vxIND75ZEKCwBhVwUDIH5q4iKVvo/video/7539746438352358664,2025-08-18,9,Mon,37,5651,12,0,5,2,0.34,Thịt bò mềm đậm vị ngon bá cháy 😋#boxuyentieu #boxuyentieuchefhai #bo...,boxuyentieu boxuyentieuchefhai bo,original sound - antitrangkhanzone1,Anti Trang Khàn zone,True,True,True
7539182599655181575,https://www.tiktok.com/@MS4wLjABAAAAdsuFcOjPrzsw0ZdV9dJ926Ho7pioc9om6tM3vxIND75ZEKCwBhVwUDIH5q4iKVvo/video/7539182599655181575,2025-08-16,20,Sat,9,46400,171,7,38,16,0.5,Hẹ hẹ #bobia#bobiangot #anvat#ancungtiktok,bobia bobiangot anvat ancungtiktok,original sound - antitrangkhanzone1,Anti Trang Khàn zone,True,True,True
7539177429659602194,https://www.tiktok.com/@MS4wLjABAAAAdsuFcOjPrzsw0ZdV9dJ926Ho7pioc9om6tM3vxIND75ZEKCwBhVwUDIH5q4iKVvo/video/7539177429659602194,2025-08-16,20,Sat,7,93800,596,12,57,69,0.78,Giòn giòn 😋#ngonepsaygion #ngonepsay#ngonepgion#anvat#giongionngonngo...,ngonepsaygion ngonepsay ngonepgion anvat giongionngonngo,original sound - canquetsaigon0201,Dính Food 2,True,True,True
7539165778516430098,https://www.tiktok.com/@MS4wLjABAAAAdsuFcOjPrzsw0ZdV9dJ926Ho7pioc9om6tM3vxIND75ZEKCwBhVwUDIH5q4iKVvo/video/7539165778516430098,2025-08-16,19,Sat,8,40200,154,0,14,13,0.45,Ngon lắm mấy ní ơi 😋#bobiangot #bobia #bopiangot #anvat #anvattuoitho...,bobiangot bobia bopiangot anvat anvattuoitho,original sound - lilikween_106,Henry👻,True,True,True
7539141376974392584,https://www.tiktok.com/@MS4wLjABAAAAdsuFcOjPrzsw0ZdV9dJ926Ho7pioc9om6tM3vxIND75ZEKCwBhVwUDIH5q4iKVvo/video/7539141376974392584,2025-08-16,18,Sat,29,4403,18,0,4,2,0.55,Bánh trung thu nhân socola ngon nha 😋#banhtrungthu#banhtrungthunhanso...,banhtrungthu banhtrungthunhanso,original sound - dicungt98s,𝐜𝐡𝐢𝐥𝐥 𝐰𝐢𝐭𝐡 𝐭𝟗𝟖'𝐬,True,True,True
7539133479397739794,https://www.tiktok.com/@MS4wLjABAAAAdsuFcOjPrzsw0ZdV9dJ926Ho7pioc9om6tM3vxIND75ZEKCwBhVwUDIH5q4iKVvo/video/7539133479397739794,2025-08-16,17,Sat,7,1051,5,1,1,1,0.76,Chíp chíp 😋#keodeochipchip #keodeo#keo#chipchip #anvat #doanvat #ancu...,keodeochipchip keodeo keo chipchip anvat doanvat ancu,original sound - lilikween_106,Henry👻,True,True,True
7539016826521521415,https://www.tiktok.com/@MS4wLjABAAAAdsuFcOjPrzsw0ZdV9dJ926Ho7pioc9om6tM3vxIND75ZEKCwBhVwUDIH5q4iKVvo/video/7539016826521521415,2025-08-16,10,Sat,21,46700,206,7,74,19,0.66,#changa #changaheyyo #changanhattam #anvat #doanvat #ancungtiktok #mu...,changa changaheyyo changanhattam anvat doanvat ancungtiktok mu,original sound - hellodituyet,ﾟ°☆Diye hay mắc cỡ☆° ﾟ,True,True,True
7538848618711633160,https://www.tiktok.com/@MS4wLjABAAAAdsuFcOjPrzsw0ZdV9dJ926Ho7pioc9om6tM3vxIND75ZEKCwBhVwUDIH5q4iKVvo/video/7538848618711633160,2025-08-15,23,Fri,11,1753,4,0,1,2,0.4,Đêm rùi mukbang xem gia đình haha hẹ hẹ 🤭#snack#bimbim#snackbimbim #b...,snack bimbim snackbimbim b,G o o d p a r t s,Someone,True,True,True
7538844305407102226,https://www.tiktok.com/@MS4wLjABAAAAdsuFcOjPrzsw0ZdV9dJ926Ho7pioc9om6tM3vxIND75ZEKCwBhVwUDIH5q4iKVvo/video/7538844305407102226,2025-08-15,23,Fri,6,409600,3661,10,201,184,0.99,Hic ngon lắm nhó😋#ngonep #ngonepsaygion #ngonepsay #ngonep #anvat#doa...,ngonep ngonepsaygion ngonepsay ngonep anvat doa,original sound - lilikween_106,Henry👻,True,True,True
7538775921814261010,https://www.tiktok.com/@MS4wLjABAAAAdsuFcOjPrzsw0ZdV9dJ926Ho7pioc9om6tM3vxIND75ZEKCwBhVwUDIH5q4iKVvo/video/7538775921814261010,2025-08-15,18,Fri,6,164100,835,8,42,65,0.58,Ngon😋#snack #bimbim #snacktamque #bimbimtamque #anvat #anvattuoitho #...,snack bimbim snacktamque bimbimtamque anvat anvattuoitho,original sound - luongthingocha,𝐍𝐠𝐚̂𝐧 𝐇𝐚̀ 🍌,True,True,True
7538638616357014802,https://www.tiktok.com/@MS4wLjABAAAAdsuFcOjPrzsw0ZdV9dJ926Ho7pioc9om6tM3vxIND75ZEKCwBhVwUDIH5q4iKVvo/video/7538638616357014802,2025-08-15,9,Fri,28,1100000,5324,45,1367,670,0.67,Bò bía ngọt tuổi thơ 😋#bobia #bobiangot #bopia#bopiangot #anvat#anvat...,bobia bobiangot bopia bopiangot anvat anvat,original sound - bemauxanh.99,Bé Màu Xanh,True,True,True
7538428611825552658,https://www.tiktok.com/@MS4wLjABAAAAdsuFcOjPrzsw0ZdV9dJ926Ho7pioc9om6tM3vxIND75ZEKCwBhVwUDIH5q4iKVvo/video/7538428611825552658,2025-08-14,20,Thu,7,1715,4,0,3,0,0.41,Bánh mì bơ tỏi 🤭#banhmibotoi #banhmi#banhmibotoiphomai #banhmibotoima...,banhmibotoi banhmi banhmibotoiphomai banhmibotoima,original sound - lilikween_106,Henry👻,True,True,True
7538417715124522248,https://www.tiktok.com/@MS4wLjABAAAAdsuFcOjPrzsw0ZdV9dJ926Ho7pioc9om6tM3vxIND75ZEKCwBhVwUDIH5q4iKVvo/video/7538417715124522248,2025-08-14,19,Thu,15,42800,96,1,10,13,0.28,Ngon chấn động đó mấy ní 😋#snack #bimbim #snacktamque #bimbimtamque #...,snack bimbim snacktamque bimbimtamque,original sound - canquetsaigon0201,Dính Food 2,True,True,True
7538410389751581970,https://www.tiktok.com/@MS4wLjABAAAAdsuFcOjPrzsw0ZdV9dJ926Ho7pioc9om6tM3vxIND75ZEKCwBhVwUDIH5q4iKVvo/video/7538410389751581970,2025-08-14,19,Thu,30,875,5,0,2,0,0.8,Xoài sấy dẻo Leo Food😋#xoaisaydeo#xoai#xoaisay#xoaisaydeomuoiot #anva...,xoaisaydeo xoai xoaisay xoaisaydeomuoiot anva,original sound - nini.analog,𐙚 ₊ ⊹ prandini,True,True,False
7538397242902727943,https://www.tiktok.com/@MS4wLjABAAAAdsuFcOjPrzsw0ZdV9dJ926Ho7pioc9om6tM3vxIND75ZEKCwBhVwUDIH5q4iKVvo/video/7538397242902727943,2025-08-14,18,Thu,26,414,3,5,3,0,2.66,Eo ơi xinh dã man ý 🤭#batsu #basucute #batan #chen#dia #giadung#unbox...,batsu basucute batan chen dia giadung unbox,original sound - userkskwkw9,Ty bé,True,True,True
7538368441321819399,https://www.tiktok.com/@MS4wLjABAAAAdsuFcOjPrzsw0ZdV9dJ926Ho7pioc9om6tM3vxIND75ZEKCwBhVwUDIH5q4iKVvo/video/7538368441321819399,2025-08-14,16,Thu,21,10200,33,1,5,4,0.42,Cả nhà đã xem tập mới gia đình haha chưa 😋#snack #bimbim #snacktamque...,snack bimbim snacktamque,original sound - nalu5796,Nalu,True,True,True
7538075062352629000,https://www.tiktok.com/@MS4wLjABAAAAdsuFcOjPrzsw0ZdV9dJ926Ho7pioc9om6tM3vxIND75ZEKCwBhVwUDIH5q4iKVvo/video/7538075062352629000,2025-08-13,21,Wed,6,18400,79,3,10,15,0.58,Ngon quá hẹ hẹ 😋#snack#bimbim#snacktamque #bimbimtamque #anvat#anvatt...,snack bimbim snacktamque bimbimtamque anvat anvatt,original sound - lilikween_106,Henry👻,True,True,True
7538059516550679826,https://www.tiktok.com/@MS4wLjABAAAAdsuFcOjPrzsw0ZdV9dJ926Ho7pioc9om6tM3vxIND75ZEKCwBhVwUDIH5q4iKVvo/video/7538059516550679826,2025-08-13,20,Wed,7,4166,15,1,3,2,0.5,Sao mà cưỡng lại được độ ngon ấy 😋#chipchip #keodeo #keodeochipchip #...,chipchip keodeo keodeochipchip,original sound - lilikween_106,Henry👻,True,True,True
7538047513421434120,https://www.tiktok.com/@MS4wLjABAAAAdsuFcOjPrzsw0ZdV9dJ926Ho7pioc9om6tM3vxIND75ZEKCwBhVwUDIH5q4iKVvo/video/7538047513421434120,2025-08-13,19,Wed,9,10300,27,1,3,4,0.34,Ngon bá chay 😋#snack #bimbim#snackxuongcho #anvat#doanvat#anvattuoith...,snack bimbim snackxuongcho anvat doanvat anvattuoith,original sound - thnh.n.rau,Hữu thạnh rau,True,True,True
7538041529584209159,https://www.tiktok.com/@MS4wLjABAAAAdsuFcOjPrzsw0ZdV9dJ926Ho7pioc9om6tM3vxIND75ZEKCwBhVwUDIH5q4iKVvo/video/7538041529584209159,2025-08-13,19,Wed,25,3153,15,0,3,1,0.6,Kẹo dẻo chíp chíp ăn zậy mới đã 😋#keodeochipchip #keodeo #keo#chipchi...,keodeochipchip keodeo keo chipchi,original sound - binh2k.sushiman73,user71440612603,True,True,True
7538028518131764488,https://www.tiktok.com/@MS4wLjABAAAAdsuFcOjPrzsw0ZdV9dJ926Ho7pioc9om6tM3vxIND75ZEKCwBhVwUDIH5q4iKVvo/video/7538028518131764488,2025-08-13,18,Wed,34,4712,10,2,2,0,0.3,Bánh mì vơ tỏi giòn rụm 😋#banhmibotoi #banhmibotoigionrum #banhmi#ban...,banhmibotoi banhmibotoigionrum banhmi ban,ɱ α ɠ ɳ ҽ ƚ ι ƈ,Someone,True,True,True
7537942341953359112,https://www.tiktok.com/@MS4wLjABAAAAdsuFcOjPrzsw0ZdV9dJ926Ho7pioc9om6tM3vxIND75ZEKCwBhVwUDIH5q4iKVvo/video/7537942341953359112,2025-08-13,12,Wed,13,31800,90,1,15,9,0.36,Ngon bá cháy mấy ní ơi 😋#snack #bimbim #snacktamque #bimbimtam #anvat...,snack bimbim snacktamque bimbimtam anvat,original sound - canquetsaigon0201,Dính Food 2,True,True,True
7537697488308899079,https://www.tiktok.com/@MS4wLjABAAAAdsuFcOjPrzsw0ZdV9dJ926Ho7pioc9om6tM3vxIND75ZEKCwBhVwUDIH5q4iKVvo/video/7537697488308899079,2025-08-12,20,Tue,11,687,6,0,2,0,1.16,Đi ăn mỳ cay đi 🤭#micay #mycay#micaysasin #mi#mukbang#mukbangmicay#an...,micay mycay micaysasin mi mukbang mukbangmicay an,original sound - asmrhieak,🔊🥧👩,True,True,False
7537683456617155847,https://www.tiktok.com/@MS4wLjABAAAAdsuFcOjPrzsw0ZdV9dJ926Ho7pioc9om6tM3vxIND75ZEKCwBhVwUDIH5q4iKVvo/video/7537683456617155847,2025-08-12,20,Tue,10,5067,28,4,4,4,0.79,Không thử là phí nha ngon nhắm 😋#snack #bimbim #snacktamque #bimbimta...,snack bimbim snacktamque bimbimta,original sound - somx_5,سُميه | Somaih 🫧,True,True,True
7537680035503721746,https://www.tiktok.com/@MS4wLjABAAAAdsuFcOjPrzsw0ZdV9dJ926Ho7pioc9om6tM3vxIND75ZEKCwBhVwUDIH5q4iKVvo/video/7537680035503721746,2025-08-12,19,Tue,8,1457,12,0,5,1,1.24,Ăn tới tết là có thiệt á trời 🤭#keocaosuquatao #keocaosu #anvat#anvat...,keocaosuquatao keocaosu anvat anvat,original sound - lilikween_106,Henry👻,True,True,False
7537677010861182216,https://www.tiktok.com/@MS4wLjABAAAAdsuFcOjPrzsw0ZdV9dJ926Ho7pioc9om6tM3vxIND75ZEKCwBhVwUDIH5q4iKVvo/video/7537677010861182216,2025-08-12,19,Tue,9,1400000,8743,109,1000,812,0.76,Snack tăm que tuổi thơ vẫn ngon như này nào 😋#snacktamque #snack #bim...,snacktamque snack bim,original sound - kemyeuoi._.moc,Kem cà lem,True,True,True
7537663389384953106,https://www.tiktok.com/@MS4wLjABAAAAdsuFcOjPrzsw0ZdV9dJ926Ho7pioc9om6tM3vxIND75ZEKCwBhVwUDIH5q4iKVvo/video/7537663389384953106,2025-08-12,18,Tue,25,727,11,1,3,1,2.2,Ngon quá đi 😋#mycay #micay#micaysasin #mukbang #mi#ancungtiktok #muat...,mycay micay micaysasin mukbang mi ancungtiktok muat,original sound - asmrhieak,🔊🥧👩,True,True,False
7537335695703133448,https://www.tiktok.com/@MS4wLjABAAAAdsuFcOjPrzsw0ZdV9dJ926Ho7pioc9om6tM3vxIND75ZEKCwBhVwUDIH5q4iKVvo/video/7537335695703133448,2025-08-11,21,Mon,31,855,14,0,2,1,1.99,Mì cay tại nhà đi mấy ní 😋#micay #mycay #micaysasin #anvat#mukbang#mi...,micay mycay micaysasin anvat mukbang mi,original sound - nhamnhamjt,Một chiếc bụng đói,True,True,False
7537325500486700296,https://www.tiktok.com/@MS4wLjABAAAAdsuFcOjPrzsw0ZdV9dJ926Ho7pioc9om6tM3vxIND75ZEKCwBhVwUDIH5q4iKVvo/video/7537325500486700296,2025-08-11,20,Mon,20,6195,22,1,8,3,0.55,Mlem mlem 😋#bimbim#snack#bimbimtamque #doanvat #anvat #anvattuoitho #...,bimbim snack bimbimtamque doanvat anvat anvattuoitho,original sound - heinaa._.mukbang,🥡𝙃𝙚𝙞𝙣𝙖૮ ˶ᵔ ᵕ ᵔ˶ ა🧁,True,True,True
7537321771213540616,https://www.tiktok.com/@MS4wLjABAAAAdsuFcOjPrzsw0ZdV9dJ926Ho7pioc9om6tM3vxIND75ZEKCwBhVwUDIH5q4iKVvo/video/7537321771213540616,2025-08-11,20,Mon,24,1419,10,1,6,2,1.34,Thiếu cốc sinh tố lúa mạch thui 🍺#nemchua #nemchuathanhhoa #nemchuang...,nemchua nemchuathanhhoa nemchuang,C u p i d O r i g i n a l,Someone,True,True,True
7537122227871878418,https://www.tiktok.com/@MS4wLjABAAAAdsuFcOjPrzsw0ZdV9dJ926Ho7pioc9om6tM3vxIND75ZEKCwBhVwUDIH5q4iKVvo/video/7537122227871878418,2025-08-11,7,Mon,10,28400,141,2,11,21,0.62,Bim bim tuổi thơ 😋#snack #bimbimtamque #bimbim #anvat #doanvat #anvat...,snack bimbimtamque bimbim anvat doanvat anvat,c u t e s o. u n d,ׂ◌⃘  ׅ ׂ c͠ɑtִׄhɑִׄrinִׄē ִ𔘓ׄ,True,True,True
7536813168325070087,https://www.tiktok.com/@MS4wLjABAAAAdsuFcOjPrzsw0ZdV9dJ926Ho7pioc9om6tM3vxIND75ZEKCwBhVwUDIH5q4iKVvo/video/7536813168325070087,2025-08-10,11,Sun,6,129200,473,5,78,44,0.46,Snack 3 cành thiệt nè 🤭#snack #bimbimtamque #bimbim #anvat #doanvat #...,snack bimbimtamque bimbim anvat doanvat,original sound - lilikween_106,Henry👻,True,True,True
7536743914867346695,https://www.tiktok.com/@MS4wLjABAAAAdsuFcOjPrzsw0ZdV9dJ926Ho7pioc9om6tM3vxIND75ZEKCwBhVwUDIH5q4iKVvo/video/7536743914867346695,2025-08-10,7,Sun,9,83300,251,11,18,34,0.38,Rẻ mà ngon quá nè😋#snack #bimbim #bimbimtamque #doanvat #anvat #ancun...,snack bimbim bimbimtamque doanvat anvat ancun,original sound - canquetsaigon0201,Dính Food 2,True,True,True
7536566887245729031,https://www.tiktok.com/@MS4wLjABAAAAdsuFcOjPrzsw0ZdV9dJ926Ho7pioc9om6tM3vxIND75ZEKCwBhVwUDIH5q4iKVvo/video/7536566887245729031,2025-08-09,19,Sat,9,37300,45,0,3,7,0.15,Ngon thì thôi nhé 😋#banhtrang #banhtrangphomai#banhtrangtron #tiemban...,banhtrang banhtrangphomai banhtrangtron tiemban,original sound - gachongnie,Damiennguyen,True,True,True
7536552413465988370,https://www.tiktok.com/@MS4wLjABAAAAdsuFcOjPrzsw0ZdV9dJ926Ho7pioc9om6tM3vxIND75ZEKCwBhVwUDIH5q4iKVvo/video/7536552413465988370,2025-08-09,18,Sat,17,3400000,18200,233,1948,1711,0.65,Đậm vị giòn thơm ngon 😋#snack #bimbim#bimbimtamque #anvat #doanvat #g...,snack bimbim bimbimtamque anvat doanvat g,original sound - kemyeuoi._.moc,Kem cà lem,True,True,True
7536535249744923912,https://www.tiktok.com/@MS4wLjABAAAAdsuFcOjPrzsw0ZdV9dJ926Ho7pioc9om6tM3vxIND75ZEKCwBhVwUDIH5q4iKVvo/video/7536535249744923912,2025-08-09,17,Sat,16,104100,436,19,51,25,0.51,Có thể là mê tới già 🤭#changaheyyo #changa#changacungdinh #changaviet...,changaheyyo changa changacungdinh changaviet,original sound - canquetsaigon0201,Dính Food 2,True,True,True
7536529208307322120,https://www.tiktok.com/@MS4wLjABAAAAdsuFcOjPrzsw0ZdV9dJ926Ho7pioc9om6tM3vxIND75ZEKCwBhVwUDIH5q4iKVvo/video/7536529208307322120,2025-08-09,17,Sat,27,354,9,0,3,1,3.67,Bánh trung thu vừa to vừa ngon thì tham khảo e này nha 😋#banhtrungthu...,banhtrungthu,original sound - beheobu0102,Bé heo bự🐷,True,True,True
7536197745460202770,https://www.tiktok.com/@MS4wLjABAAAAdsuFcOjPrzsw0ZdV9dJ926Ho7pioc9om6tM3vxIND75ZEKCwBhVwUDIH5q4iKVvo/video/7536197745460202770,2025-08-08,19,Fri,8,328300,1155,29,105,102,0.42,Snack tuổi thơ vẫn ngon như ngày nào 😋#snack #bimbim#bimbimque #anvat...,snack bimbim bimbimque anvat,original sound - canquetsaigon0201,Dính Food 2,True,True,True
7536194280877001991,https://www.tiktok.com/@MS4wLjABAAAAdsuFcOjPrzsw0ZdV9dJ926Ho7pioc9om6tM3vxIND75ZEKCwBhVwUDIH5q4iKVvo/video/7536194280877001991,2025-08-08,19,Fri,7,19100,80,1,5,4,0.47,Gì mà vừa giòn vừa thơm ngon 😋🌽#ngonepsaygion #ngonepgion #ngonepsay ...,ngonepsaygion ngonepgion ngonepsay,original sound - lilikween_106,Henry👻,True,True,True
7536178018176322823,https://www.tiktok.com/@MS4wLjABAAAAdsuFcOjPrzsw0ZdV9dJ926Ho7pioc9om6tM3vxIND75ZEKCwBhVwUDIH5q4iKVvo/video/7536178018176322823,2025-08-08,18,Fri,33,342,6,0,2,0,2.34,"Bánh quế mix vị vỏ giòn dụm ,thơm ngon😋#banhque #banhquemix #anvat#an...",banhque banhquemix anvat an,c u t e s o. u n d,ׂ◌⃘  ׅ ׂ c͠ɑtִׄhɑִׄrinִׄē ִ𔘓ׄ,True,True,False
7536166058399436039,https://www.tiktok.com/@MS4wLjABAAAAdsuFcOjPrzsw0ZdV9dJ926Ho7pioc9om6tM3vxIND75ZEKCwBhVwUDIH5q4iKVvo/video/7536166058399436039,2025-08-08,17,Fri,16,38000,146,2,23,15,0.49,Snack bim bim tăm que 😋#snack#bimbimtamque #anvat #anvattuoitho #snac...,snack bimbimtamque anvat anvattuoitho snac,bubblegum,dwyne,True,True,True
7535830487412083975,https://www.tiktok.com/@MS4wLjABAAAAdsuFcOjPrzsw0ZdV9dJ926Ho7pioc9om6tM3vxIND75ZEKCwBhVwUDIH5q4iKVvo/video/7535830487412083975,2025-08-07,20,Thu,34,1582,7,2,2,1,0.76,Chỉ cần vài phút có ngay bát canh cải cá rô ngon ngọt 😋#canhcai #canh...,canhcai canh,original sound - nauancungtuoanh,Tú Oanh thích nấu ăn 🧑‍🍳,True,True,True
7535797170633542930,https://www.tiktok.com/@MS4wLjABAAAAdsuFcOjPrzsw0ZdV9dJ926Ho7pioc9om6tM3vxIND75ZEKCwBhVwUDIH5q4iKVvo/video/7535797170633542930,2025-08-07,18,Thu,35,2679,8,2,11,1,0.82,Súp bào ngư ăn liền bổ dưỡng và tiện lợi 😋#supbaongu #supbaongusaytha...,supbaongu supbaongusaytha,Titibok tibok,୨ .ᐟ ⨍𝚛ᥲ𝕟ᥴ౿ડ ⑅ 🩰 ଓ,True,True,True
7535737720430267656,https://www.tiktok.com/@MS4wLjABAAAAdsuFcOjPrzsw0ZdV9dJ926Ho7pioc9om6tM3vxIND75ZEKCwBhVwUDIH5q4iKVvo/video/7535737720430267656,2025-08-07,14,Thu,44,1219,17,1,4,1,1.89,Bánh tráng nướng giòn rụm topping ê  hề😋#banhtrangnuongmamruoc #banht...,banhtrangnuongmamruoc banht,G o o d p a r t s,Someone,True,True,True
7535448756980927762,https://www.tiktok.com/@MS4wLjABAAAAdsuFcOjPrzsw0ZdV9dJ926Ho7pioc9om6tM3vxIND75ZEKCwBhVwUDIH5q4iKVvo/video/7535448756980927762,2025-08-06,19,Wed,8,38000,318,2,42,35,1.04,Tokbokki chuẩn vị hàn quốc 😋#tokbokki #tokbokkihanquoc #banhgao #lamt...,tokbokki tokbokkihanquoc banhgao lamt,original sound - lilikween_106,Henry👻,True,True,True
7535446846894804242,https://www.tiktok.com/@MS4wLjABAAAAdsuFcOjPrzsw0ZdV9dJ926Ho7pioc9om6tM3vxIND75ZEKCwBhVwUDIH5q4iKVvo/video/7535446846894804242,2025-08-06,19,Wed,21,163,2,0,1,0,1.84,Ăn là nghiền nha 🤭#banhtrang #banhtrangtron #banhtrangphomai #tiemban...,banhtrang banhtrangtron banhtrangphomai tiemban,original sound - sautailanhne,Sáu tài lanh,True,True,False
7535442263644851463,https://www.tiktok.com/@MS4wLjABAAAAdsuFcOjPrzsw0ZdV9dJ926Ho7pioc9om6tM3vxIND75ZEKCwBhVwUDIH5q4iKVvo/video/7535442263644851463,2025-08-06,19,Wed,34,2831,21,3,7,4,1.24,Mukbang chân gà Anna lala với tui nhó 😋#changaannalala #changa#changa...,changaannalala changa changa,original sound - nhamnhamjt,Một chiếc bụng đói,True,True,True
7535428798213377287,https://www.tiktok.com/@MS4wLjABAAAAdsuFcOjPrzsw0ZdV9dJ926Ho7pioc9om6tM3vxIND75ZEKCwBhVwUDIH5q4iKVvo/video/7535428798213377287,2025-08-06,18,Wed,32,1738,10,0,2,3,0.86,Kẹo cao su tuổi thơ 🍏#keocaosuquatao #keocaosu #keocaosutuoitho #anva...,keocaosuquatao keocaosu keocaosutuoitho anva,B U B B L E G U M,୨ rae. 🪽,True,True,False
7535348610314030343,https://www.tiktok.com/@MS4wLjABAAAAdsuFcOjPrzsw0ZdV9dJ926Ho7pioc9om6tM3vxIND75ZEKCwBhVwUDIH5q4iKVvo/video/7535348610314030343,2025-08-06,13,Wed,9,419900,2074,11,228,294,0.62,Lại bảo ko giòn đi 🤭#ngonepsaygion #ngonepgion #ngosaygion #snack#bim...,ngonepsaygion ngonepgion ngosaygion snack bim,original sound - canquetsaigon0201,Dính Food 2,True,True,True
7535345018404408583,https://www.tiktok.com/@MS4wLjABAAAAdsuFcOjPrzsw0ZdV9dJ926Ho7pioc9om6tM3vxIND75ZEKCwBhVwUDIH5q4iKVvo/video/7535345018404408583,2025-08-06,12,Wed,20,2586,21,0,6,4,1.2,Cơm cháy mỡ hàng giòn thơm😋#comchaymohanh #comchay #snack #bimbim #an...,comchaymohanh comchay snack bimbim an,original sound - meohoangdep,Mèo hoang đẹp,True,True,False
7535078783158586642,https://www.tiktok.com/@MS4wLjABAAAAdsuFcOjPrzsw0ZdV9dJ926Ho7pioc9om6tM3vxIND75ZEKCwBhVwUDIH5q4iKVvo/video/7535078783158586642,2025-08-05,19,Tue,7,35900,62,1,13,5,0.23,Ăn cuốn lắm nè 😋#snack #snackxuongcho #bimbim#anvat#mukbang#ancungtik...,snack snackxuongcho bimbim anvat mukbang ancungtik,original sound - lilikween_106,Henry👻,True,True,True
7535070188115397895,https://www.tiktok.com/@MS4wLjABAAAAdsuFcOjPrzsw0ZdV9dJ926Ho7pioc9om6tM3vxIND75ZEKCwBhVwUDIH5q4iKVvo/video/7535070188115397895,2025-08-05,19,Tue,10,54500,56,1,27,5,0.16,Thèm quá nè 😋#banhtrang #banhtrangphomai #tiembanhtrangcute #banhtran...,banhtrang banhtrangphomai tiembanhtrangcute banhtran,original sound - thnh.n.rau,Hữu thạnh rau,True,True,True
7535067315734383890,https://www.tiktok.com/@MS4wLjABAAAAdsuFcOjPrzsw0ZdV9dJ926Ho7pioc9om6tM3vxIND75ZEKCwBhVwUDIH5q4iKVvo/video/7535067315734383890,2025-08-05,18,Tue,7,1058,8,0,0,1,0.85,Thích mì trộn kiểu Hàn Quốc thì không thể bỏ qua nha 😋#mitron #micay ...,mitron micay,original sound - lilikween_106,Henry👻,True,True,False
7535059562295004424,https://www.tiktok.com/@MS4wLjABAAAAdsuFcOjPrzsw0ZdV9dJ926Ho7pioc9om6tM3vxIND75ZEKCwBhVwUDIH5q4iKVvo/video/7535059562295004424,2025-08-05,18,Tue,32,371600,1085,17,285,254,0.44,Snack ăn vặt 😋#snack #snackxuongcho #anvat #ancungtiktok #mukbang#bim...,snack snackxuongcho anvat ancungtiktok mukbang bim,original sound - antitrangkhanzone1,Anti Trang Khàn zone,True,True,True
7535040722576100626,https://www.tiktok.com/@MS4wLjABAAAAdsuFcOjPrzsw0ZdV9dJ926Ho7pioc9om6tM3vxIND75ZEKCwBhVwUDIH5q4iKVvo/video/7535040722576100626,2025-08-05,17,Tue,32,1219,13,0,0,0,1.07,Mì trộn gà cay phô mai 🧀 #mitron #mitrongacayphomai #sedaap#micay #ng...,mitron mitrongacayphomai sedaap micay ng,ZiGZaG speed up,ALLY,True,True,False
7533976446553885960,https://www.tiktok.com/@MS4wLjABAAAAdsuFcOjPrzsw0ZdV9dJ926Ho7pioc9om6tM3vxIND75ZEKCwBhVwUDIH5q4iKVvo/video/7533976446553885960,2025-08-02,20,Sat,48,19200,86,3,7,8,0.54,Vụng về như tui còn làm được nè 😋#pannacotta #6sfood #nguyenlieupanna...,pannacotta 6sfood nguyenlieupanna,C u p i d O r i g i n a l,Someone,True,True,True
7533601639760973064,https://www.tiktok.com/@MS4wLjABAAAAdsuFcOjPrzsw0ZdV9dJ926Ho7pioc9om6tM3vxIND75ZEKCwBhVwUDIH5q4iKVvo/video/7533601639760973064,2025-08-01,20,Fri,25,41500,213,4,22,18,0.62,Ngô nếp sấy vừa giòn vừa thơm😋#ngonepsaygion #ngonep#ngon#ngonepgion#...,ngonepsaygion ngonep ngon ngonepgion,ɱ α ɠ ɳ ҽ ƚ ι ƈ,Someone,True,True,True
7533599877230513426,https://www.tiktok.com/@MS4wLjABAAAAdsuFcOjPrzsw0ZdV9dJ926Ho7pioc9om6tM3vxIND75ZEKCwBhVwUDIH5q4iKVvo/video/7533599877230513426,2025-08-01,19,Fri,20,11500,65,6,19,14,0.9,Cá bò nướng sate tuổi thơ nè 😋#cabonuongsate #cabonuong #cabo#anvat#n...,cabonuongsate cabonuong cabo anvat n,original sound - userkskwkw9,Ty bé,True,True,False
7533222251278126343,https://www.tiktok.com/@MS4wLjABAAAAdsuFcOjPrzsw0ZdV9dJ926Ho7pioc9om6tM3vxIND75ZEKCwBhVwUDIH5q4iKVvo/video/7533222251278126343,2025-07-31,19,Thu,39,1427,9,0,3,0,0.84,Combo 4 vị lạp xưởng Như Huỳnh 😋#lapxuong #lapxuowngnhuhuynh#lapxuong...,lapxuong lapxuowngnhuhuynh lapxuong,C u p i d O r i g i n a l,Someone,True,True,True
7533092900662562056,https://www.tiktok.com/@MS4wLjABAAAAdsuFcOjPrzsw0ZdV9dJ926Ho7pioc9om6tM3vxIND75ZEKCwBhVwUDIH5q4iKVvo/video/7533092900662562056,2025-07-31,11,Thu,21,143100,237,15,33,34,0.22,Ngon😋#banhtrang #banhtrangphomai #banhtrangtron #tiembanhtrangcute #p...,banhtrang banhtrangphomai banhtrangtron tiembanhtrangcute p,original sound - userkskwkw9,Ty bé,True,True,True
7532852257612664082,https://www.tiktok.com/@MS4wLjABAAAAdsuFcOjPrzsw0ZdV9dJ926Ho7pioc9om6tM3vxIND75ZEKCwBhVwUDIH5q4iKVvo/video/7532852257612664082,2025-07-30,19,Wed,20,10000,23,4,4,5,0.36,Bún ốc hót mấy bữa nay nè 😋nên thử nha#bunoc #bunoclieuchau #bunoclyt...,bunoc bunoclieuchau bunoclyt,ɱ α ɠ ɳ ҽ ƚ ι ƈ,Someone,True,True,True
7532842779496451335,https://www.tiktok.com/@MS4wLjABAAAAdsuFcOjPrzsw0ZdV9dJ926Ho7pioc9om6tM3vxIND75ZEKCwBhVwUDIH5q4iKVvo/video/7532842779496451335,2025-07-30,18,Wed,17,7454,33,0,10,3,0.62,,,original sound - sautailanhne,Sáu tài lanh,True,True,False
7532839822025559314,https://www.tiktok.com/@MS4wLjABAAAAdsuFcOjPrzsw0ZdV9dJ926Ho7pioc9om6tM3vxIND75ZEKCwBhVwUDIH5q4iKVvo/video/7532839822025559314,2025-07-30,18,Wed,6,667,4,0,0,1,0.75,Combo 10 gói bánh tráng phơi sương tặng sốt 😋#banhtrang#banhtrangphoi...,banhtrang banhtrangphoi,original sound - lilikween_106,Henry👻,True,True,True
7532836699945176338,https://www.tiktok.com/@MS4wLjABAAAAdsuFcOjPrzsw0ZdV9dJ926Ho7pioc9om6tM3vxIND75ZEKCwBhVwUDIH5q4iKVvo/video/7532836699945176338,2025-07-30,18,Wed,24,608,2,0,0,0,0.33,Bánh tráng mix vị chà bông 🤭#banhtrang#banhtrangmixvi #banhtrangchabo...,banhtrang banhtrangmixvi banhtrangchabo,original sound - u.phng.toca,🧺✨️Đậu phộng toca🥜🫧,True,True,True
7532483789864307975,https://www.tiktok.com/@MS4wLjABAAAAdsuFcOjPrzsw0ZdV9dJ926Ho7pioc9om6tM3vxIND75ZEKCwBhVwUDIH5q4iKVvo/video/7532483789864307975,2025-07-29,19,Tue,30,5788,19,1,14,2,0.62,Phim hay là phải có món ngon 🤭#ngonepsaygion#ngonepsay#ngonep #anvat#...,ngonepsaygion ngonepsay ngonep anvat,original sound - bumthy9496,Mèo ú 2hand,True,True,False
7532482034120314130,https://www.tiktok.com/@MS4wLjABAAAAdsuFcOjPrzsw0ZdV9dJ926Ho7pioc9om6tM3vxIND75ZEKCwBhVwUDIH5q4iKVvo/video/7532482034120314130,2025-07-29,19,Tue,25,15900,33,1,3,9,0.29,Xem phim là có gói bánh tráng nhờ 😋#banhtrang#banhtrangphomai#banhtra...,banhtrang banhtrangphomai banhtra,original sound - u.phng.toca,🧺✨️Đậu phộng toca🥜🫧,True,True,True
7532454444575821064,https://www.tiktok.com/@MS4wLjABAAAAdsuFcOjPrzsw0ZdV9dJ926Ho7pioc9om6tM3vxIND75ZEKCwBhVwUDIH5q4iKVvo/video/7532454444575821064,2025-07-29,17,Tue,44,557,2,0,1,0,0.54,Chân gà 3 miền combo hời nè 😋#changa3mien #changa3mientuxuyenvietnam ...,changa3mien changa3mientuxuyenvietnam,original sound - beheobu0102,Bé heo bự🐷,True,True,True
7532452752815852807,https://www.tiktok.com/@MS4wLjABAAAAdsuFcOjPrzsw0ZdV9dJ926Ho7pioc9om6tM3vxIND75ZEKCwBhVwUDIH5q4iKVvo/video/7532452752815852807,2025-07-29,17,Tue,39,1861,4,0,0,0,0.21,Bún ốc Liêu Châu chua chua cay cay ngon nha 🤭#bunoc #bunoclieuchau #b...,bunoc bunoclieuchau b,Titibok tibok,୨ .ᐟ ⨍𝚛ᥲ𝕟ᥴ౿ડ ⑅ 🩰 ଓ,True,True,True
7532390701091376392,https://www.tiktok.com/@MS4wLjABAAAAdsuFcOjPrzsw0ZdV9dJ926Ho7pioc9om6tM3vxIND75ZEKCwBhVwUDIH5q4iKVvo/video/7532390701091376392,2025-07-29,13,Tue,6,962700,6621,25,485,411,0.78,Có đĩa này ngồi xem phim nhờ 😋#ngonepsaygion#ngonep#ngonepsay#ngogion...,ngonepsaygion ngonep ngonepsay ngogion,original sound - doyan.makan7,ASMR🔥,True,True,True
7532112134696750343,https://www.tiktok.com/@MS4wLjABAAAAdsuFcOjPrzsw0ZdV9dJ926Ho7pioc9om6tM3vxIND75ZEKCwBhVwUDIH5q4iKVvo/video/7532112134696750343,2025-07-28,19,Mon,14,7889,32,1,4,3,0.51,Nấu tokbokki nè 😋#tokbokki #banhgao #anvat#ngon#tokbokkihanquoc #ngon...,tokbokki banhgao anvat ngon tokbokkihanquoc ngon,original sound - u.phng.toca,🧺✨️Đậu phộng toca🥜🫧,True,True,True
7532109826042727698,https://www.tiktok.com/@MS4wLjABAAAAdsuFcOjPrzsw0ZdV9dJ926Ho7pioc9om6tM3vxIND75ZEKCwBhVwUDIH5q4iKVvo/video/7532109826042727698,2025-07-28,19,Mon,26,5522,26,0,14,2,0.76,Snack tăm đậu gói siêu to nè 😋#snack #snacktamdau #bimbimtamdauhalan ...,snack snacktamdau bimbimtamdauhalan,original sound - gummycute59,𓇼 🎧 ✧. * ꒰ GUMMY ꒱ ˚ ༘♡ 🎼,True,True,True
7532106367599987986,https://www.tiktok.com/@MS4wLjABAAAAdsuFcOjPrzsw0ZdV9dJ926Ho7pioc9om6tM3vxIND75ZEKCwBhVwUDIH5q4iKVvo/video/7532106367599987986,2025-07-28,19,Mon,36,3532,14,0,1,2,0.48,Bánh trung thu dẻo thơm ngon lắm nha 🤭#banhtrungthulamthuy #banhtrung...,banhtrungthulamthuy banhtrung,Chiếc Bụng Đói Remix,PikaFamily🇻🇳,True,True,True
7532102832854469896,https://www.tiktok.com/@MS4wLjABAAAAdsuFcOjPrzsw0ZdV9dJ926Ho7pioc9om6tM3vxIND75ZEKCwBhVwUDIH5q4iKVvo/video/7532102832854469896,2025-07-28,19,Mon,17,73000,378,8,40,51,0.65,Ngô nếp giòn giòn á 🤭#ngonepsaygion #ngonepgion#ngonepsay#ngonep#anva...,ngonepsaygion ngonepgion ngonepsay ngonep anva,Chiếc Bụng Đói Remix,PikaFamily🇻🇳,True,True,True
7531967346315971858,https://www.tiktok.com/@MS4wLjABAAAAdsuFcOjPrzsw0ZdV9dJ926Ho7pioc9om6tM3vxIND75ZEKCwBhVwUDIH5q4iKVvo/video/7531967346315971858,2025-07-28,10,Mon,33,29900,149,1,25,11,0.62,Tokbokki dễ nấu mà ngon bổ rẻ tại nhà 🤭#tokbokki #banhgao #mukbang#an...,tokbokki banhgao mukbang an,G o o d p a r t s,Someone,True,True,True
7531758730443050247,https://www.tiktok.com/@MS4wLjABAAAAdsuFcOjPrzsw0ZdV9dJ926Ho7pioc9om6tM3vxIND75ZEKCwBhVwUDIH5q4iKVvo/video/7531758730443050247,2025-07-27,20,Sun,7,2063,12,0,1,0,0.63,Ngô nếp giòn giòn nè 😋🌽#ngonepgion #ngonepsaygion#ngonepsay#anvat#ngo...,ngonepgion ngonepsaygion ngonepsay anvat ngo,original sound - lilikween_106,Henry👻,True,True,False
7531751566626360583,https://www.tiktok.com/@MS4wLjABAAAAdsuFcOjPrzsw0ZdV9dJ926Ho7pioc9om6tM3vxIND75ZEKCwBhVwUDIH5q4iKVvo/video/7531751566626360583,2025-07-27,20,Sun,33,42600,231,3,37,19,0.68,Chân vừa to vừa ngon🤭#changa#changaheyyo#changacungdinh #changavietna...,changa changaheyyo changacungdinh changavietna,original sound - doiquatroioiii,Đói quá chời,True,True,True
7531736082107485447,https://www.tiktok.com/@MS4wLjABAAAAdsuFcOjPrzsw0ZdV9dJ926Ho7pioc9om6tM3vxIND75ZEKCwBhVwUDIH5q4iKVvo/video/7531736082107485447,2025-07-27,19,Sun,25,656,8,0,2,0,1.52,Cứ phại gọi là giòn thơm đến từng hạt ngô 😋🌽#ngonepsaygion #ngonep#ng...,ngonepsaygion ngonep ng,ɱ α ɠ ɳ ҽ ƚ ι ƈ,Someone,True,True,False
7531731660639931655,https://www.tiktok.com/@MS4wLjABAAAAdsuFcOjPrzsw0ZdV9dJ926Ho7pioc9om6tM3vxIND75ZEKCwBhVwUDIH5q4iKVvo/video/7531731660639931655,2025-07-27,19,Sun,27,559,4,1,1,1,1.25,Hóng drama ăn chân gà 😋#changa#changarutxuong #anvat#mukbang#ancungti...,changa changarutxuong anvat mukbang ancungti,original sound - nauanvakechuyen_hay,Nấu ăn và Kể chuyện 🥣📻,True,True,True
7531726631694519570,https://www.tiktok.com/@MS4wLjABAAAAdsuFcOjPrzsw0ZdV9dJ926Ho7pioc9om6tM3vxIND75ZEKCwBhVwUDIH5q4iKVvo/video/7531726631694519570,2025-07-27,18,Sun,17,853,8,0,1,1,1.17,Gói của tui là 200g nha hic ngon mà rẻ ý 😋#ngonepsaygion #ngonep #ngo...,ngonepsaygion ngonep ngo,original sound - userkskwkw9,Ty bé,True,True,False
7531611571009768722,https://www.tiktok.com/@MS4wLjABAAAAdsuFcOjPrzsw0ZdV9dJ926Ho7pioc9om6tM3vxIND75ZEKCwBhVwUDIH5q4iKVvo/video/7531611571009768722,2025-07-27,11,Sun,24,5484,41,0,7,5,0.97,Bánh đá Hà Giang😋#banhda #banhdadacsanhagiang #hagiang#anvat#mukbang#...,banhda banhdadacsanhagiang hagiang anvat mukbang,ɱ α ɠ ɳ ҽ ƚ ι ƈ,Someone,True,True,False
7531609666661387538,https://www.tiktok.com/@MS4wLjABAAAAdsuFcOjPrzsw0ZdV9dJ926Ho7pioc9om6tM3vxIND75ZEKCwBhVwUDIH5q4iKVvo/video/7531609666661387538,2025-07-27,11,Sun,42,1143,11,1,4,4,1.75,Lạp xưởng tươi Mavin 😋#lapxuongtuoi #lapxuong#lapxuongnuongda #mavin#...,lapxuongtuoi lapxuong lapxuongnuongda mavin,Titibok tibok,୨ .ᐟ ⨍𝚛ᥲ𝕟ᥴ౿ડ ⑅ 🩰 ଓ,True,True,False
7531199428703636754,https://www.tiktok.com/@MS4wLjABAAAAdsuFcOjPrzsw0ZdV9dJ926Ho7pioc9om6tM3vxIND75ZEKCwBhVwUDIH5q4iKVvo/video/7531199428703636754,2025-07-26,8,Sat,44,606,5,0,2,1,1.32,Nem Lai Vung Đồng Tháp nè 😋ngon nha 🤭#nemchua #nemlaivung #nemdon #nh...,nemchua nemlaivung nemdon nh,ɱ α ɠ ɳ ҽ ƚ ι ƈ,Someone,True,True,True
7531013592653597960,https://www.tiktok.com/@MS4wLjABAAAAdsuFcOjPrzsw0ZdV9dJ926Ho7pioc9om6tM3vxIND75ZEKCwBhVwUDIH5q4iKVvo/video/7531013592653597960,2025-07-25,20,Fri,8,9748,28,1,7,1,0.38,Hình phạt cho người thức khuya 🤭#changa#changaheyyo#anvat #ancungtikt...,changa changaheyyo anvat ancungtikt,original sound - lilikween_106,Henry👻,True,True,True
7531009855063100690,https://www.tiktok.com/@MS4wLjABAAAAdsuFcOjPrzsw0ZdV9dJ926Ho7pioc9om6tM3vxIND75ZEKCwBhVwUDIH5q4iKVvo/video/7531009855063100690,2025-07-25,20,Fri,21,27900,71,2,36,12,0.43,Vẫn cứ là mê 😋#banhtrang#banhtrangphomai#banhtrangtron #tiembanhtrang...,banhtrang banhtrangphomai banhtrangtron tiembanhtrang,original sound - userkskwkw9,Ty bé,True,True,True
7531002825745239304,https://www.tiktok.com/@MS4wLjABAAAAdsuFcOjPrzsw0ZdV9dJ926Ho7pioc9om6tM3vxIND75ZEKCwBhVwUDIH5q4iKVvo/video/7531002825745239304,2025-07-25,19,Fri,41,690900,2019,56,423,233,0.4,Lần đầu thử thêm sữa đặc mà đúng ngon luôn á 😋#bobia#bobiangot#anvat#...,bobia bobiangot anvat,original sound - toxca..chloe0,𖦁ׅ ࣪ chloe ៵🎄 ࣪ ִֶָ ⋆,True,True,True
7530989428337134866,https://www.tiktok.com/@MS4wLjABAAAAdsuFcOjPrzsw0ZdV9dJ926Ho7pioc9om6tM3vxIND75ZEKCwBhVwUDIH5q4iKVvo/video/7530989428337134866,2025-07-25,19,Fri,49,20400,123,2,58,16,0.98,Bánh đá Hà Giang nên thử nha cả nhà ☺️#banhdahagiang #banhda #dacsanh...,banhdahagiang banhda dacsanh,ɱ α ɠ ɳ ҽ ƚ ι ƈ,Someone,True,True,False
7530643487939742994,https://www.tiktok.com/@MS4wLjABAAAAdsuFcOjPrzsw0ZdV9dJ926Ho7pioc9om6tM3vxIND75ZEKCwBhVwUDIH5q4iKVvo/video/7530643487939742994,2025-07-24,20,Thu,10,733,7,0,3,2,1.64,Combo 3 bịch bánh tráng trộn 😋#banhtrangtron#banhtrang#anvat#banhtran...,banhtrangtron banhtrang anvat banhtran,original sound - reviewdoxin1.2,Tổng Kho Quà Tết 🧧,True,True,False
7530638878147972360,https://www.tiktok.com/@MS4wLjABAAAAdsuFcOjPrzsw0ZdV9dJ926Ho7pioc9om6tM3vxIND75ZEKCwBhVwUDIH5q4iKVvo/video/7530638878147972360,2025-07-24,20,Thu,48,455,5,0,1,0,1.32,Bánh bông lan sợi gà 😋#banhbonglansoiga#banhbonglan#banhbaongoc#ansan...,banhbonglansoiga banhbonglan banhbaongoc ansan,G o o d p a r t s,Someone,True,True,False
7530522475524803858,https://www.tiktok.com/@MS4wLjABAAAAdsuFcOjPrzsw0ZdV9dJ926Ho7pioc9om6tM3vxIND75ZEKCwBhVwUDIH5q4iKVvo/video/7530522475524803858,2025-07-24,12,Thu,31,520300,3704,162,252,434,0.87,Giòn giòn ngon ngon 😋 #bobia#bobiangot #anvat#anvattuoitho #bopia #ri...,bobia bobiangot anvat anvattuoitho bopia ri,original sound - chocoberryie,ׁ ⊹ ೀ n a e ! ៸៸ ♡ ֹ,True,True,True
7530473561278958866,https://www.tiktok.com/@MS4wLjABAAAAdsuFcOjPrzsw0ZdV9dJ926Ho7pioc9om6tM3vxIND75ZEKCwBhVwUDIH5q4iKVvo/video/7530473561278958866,2025-07-24,9,Thu,37,398,3,0,0,0,0.75,Chấm đậm muối béo thơm ngạy 🤭#banhtrang #banhtrangphoisuong #banhtran...,banhtrang banhtrangphoisuong banhtran,original sound - mywmelodie,⡾  ࣮  ׄ ēlicya ִ 𔘺ׄ  ±7892 🧇,True,True,False
7530471288108780807,https://www.tiktok.com/@MS4wLjABAAAAdsuFcOjPrzsw0ZdV9dJ926Ho7pioc9om6tM3vxIND75ZEKCwBhVwUDIH5q4iKVvo/video/7530471288108780807,2025-07-24,9,Thu,8,345,3,0,1,0,1.16,Âm thanh ấy hương vị ấy có làm bn chảy nước miếng 🤤 #saugionchuangot ...,saugionchuangot,original sound - m_tikrit,بنت العراق تكريت,True,True,False
7530470230858992904,https://www.tiktok.com/@MS4wLjABAAAAdsuFcOjPrzsw0ZdV9dJ926Ho7pioc9om6tM3vxIND75ZEKCwBhVwUDIH5q4iKVvo/video/7530470230858992904,2025-07-24,9,Thu,18,179600,396,5,38,48,0.27,Ai rùi cũng phải mê món này thui🤭#bobia #bobiangot #anvat #anvattuoit...,bobia bobiangot anvat anvattuoit,original sound - toxca..chloe0,𖦁ׅ ࣪ chloe ៵🎄 ࣪ ִֶָ ⋆,True,True,True
7530255682424114450,https://www.tiktok.com/@MS4wLjABAAAAdsuFcOjPrzsw0ZdV9dJ926Ho7pioc9om6tM3vxIND75ZEKCwBhVwUDIH5q4iKVvo/video/7530255682424114450,2025-07-23,19,Wed,13,28300,197,0,38,27,0.93,Mê quá đi 🤭hèn gì chị Hà Linh khen quá trời 😋#banhtrang#banhtrangtron...,banhtrang banhtrangtron,original sound - reviewdoxin1.2,Tổng Kho Quà Tết 🧧,True,True,True
7530254158251887890,https://www.tiktok.com/@MS4wLjABAAAAdsuFcOjPrzsw0ZdV9dJ926Ho7pioc9om6tM3vxIND75ZEKCwBhVwUDIH5q4iKVvo/video/7530254158251887890,2025-07-23,19,Wed,45,293,2,0,1,0,1.02,Chảy nước miếng chưa nè chua chua ngọt ngọt 😋#saugionchuangot #saugio...,saugionchuangot saugio,original sound - nalu5796,Nalu,True,True,True
7530252735149542664,https://www.tiktok.com/@MS4wLjABAAAAdsuFcOjPrzsw0ZdV9dJ926Ho7pioc9om6tM3vxIND75ZEKCwBhVwUDIH5q4iKVvo/video/7530252735149542664,2025-07-23,19,Wed,33,118200,417,7,86,33,0.46,"Chân gà vừa to ,thơm ,giòn ,ngon🤭#changa#changaheyyo#changabachthao#a...",changa changaheyyo changabachthao a,B U B B L E G U M,୨ rae. 🪽,True,True,True
7530244093998386439,https://www.tiktok.com/@MS4wLjABAAAAdsuFcOjPrzsw0ZdV9dJ926Ho7pioc9om6tM3vxIND75ZEKCwBhVwUDIH5q4iKVvo/video/7530244093998386439,2025-07-23,18,Wed,9,28000,62,3,6,8,0.28,Ăn là nghiền là có thật nhen 🤭#banhtrang #banhtrangphomai#tiembanhtra...,banhtrang banhtrangphomai tiembanhtra,original sound - 13thanq9_,🐼,True,True,True
7530241402266209544,https://www.tiktok.com/@MS4wLjABAAAAdsuFcOjPrzsw0ZdV9dJ926Ho7pioc9om6tM3vxIND75ZEKCwBhVwUDIH5q4iKVvo/video/7530241402266209544,2025-07-23,18,Wed,30,255000,1108,4,78,111,0.51,Đến hẹn lại lên xem gia đình HaHa là phải có đồ nhâm nhi🤭#ngonepsaygi...,ngonepsaygi,original sound - nalu5796,Nalu,True,True,True
7530234985626848530,https://www.tiktok.com/@MS4wLjABAAAAdsuFcOjPrzsw0ZdV9dJ926Ho7pioc9om6tM3vxIND75ZEKCwBhVwUDIH5q4iKVvo/video/7530234985626848530,2025-07-23,18,Wed,17,443,2,0,1,0,0.68,Bánh tráng mix 🐄 🐔 🦑 nhức nách 😋#banhtrang#banhtrangtron#banhtrangbo ...,banhtrang banhtrangtron banhtrangbo,original sound - reviewdoxin1.2,Tổng Kho Quà Tết 🧧,True,True,False
7530150016019614994,https://www.tiktok.com/@MS4wLjABAAAAdsuFcOjPrzsw0ZdV9dJ926Ho7pioc9om6tM3vxIND75ZEKCwBhVwUDIH5q4iKVvo/video/7530150016019614994,2025-07-23,12,Wed,6,1300000,4802,32,345,449,0.43,9k 1 gói cỡ này đó 🤭#ngonepsaygion #ngonepsay#anvat#nhau#monnhau#ancu...,ngonepsaygion ngonepsay anvat nhau monnhau ancu,original sound - lilikween_106,Henry👻,True,True,True
7530146951904513298,https://www.tiktok.com/@MS4wLjABAAAAdsuFcOjPrzsw0ZdV9dJ926Ho7pioc9om6tM3vxIND75ZEKCwBhVwUDIH5q4iKVvo/video/7530146951904513298,2025-07-23,12,Wed,10,427300,3589,34,373,263,1.0,Sét đầy đủ 22k mà ăn thả ga luôn á #bobiangot #bobia#anvattuoitho #an...,bobiangot bobia anvattuoitho an,original sound - userkskwkw9,Ty bé,True,True,True
7530146004125994247,https://www.tiktok.com/@MS4wLjABAAAAdsuFcOjPrzsw0ZdV9dJ926Ho7pioc9om6tM3vxIND75ZEKCwBhVwUDIH5q4iKVvo/video/7530146004125994247,2025-07-23,12,Wed,15,1206,3,0,1,0,0.33,Chà bông ê hề nha 😋#comchaychabong#comchay #chabong#anvat#mukbang#xh ...,comchaychabong comchay chabong anvat mukbang xh,original sound - luongthingocha,𝐍𝐠𝐚̂𝐧 𝐇𝐚̀ 🍌,True,True,True
7530122894995754248,https://www.tiktok.com/@MS4wLjABAAAAdsuFcOjPrzsw0ZdV9dJ926Ho7pioc9om6tM3vxIND75ZEKCwBhVwUDIH5q4iKVvo/video/7530122894995754248,2025-07-23,11,Wed,32,180800,950,44,145,90,0.68,Mê món này quá à 😋#bobiangot #bobia #anvattuoitho #anvat#bopia #mukba...,bobiangot bobia anvattuoitho anvat bopia mukba,ɱ α ɠ ɳ ҽ ƚ ι ƈ,Someone,True,True,True
7529903976175684882,https://www.tiktok.com/@MS4wLjABAAAAdsuFcOjPrzsw0ZdV9dJ926Ho7pioc9om6tM3vxIND75ZEKCwBhVwUDIH5q4iKVvo/video/7529903976175684882,2025-07-22,20,Tue,7,1127,2,0,2,0,0.35,+1 món ngon nhậu say 😋#muccantamvi #muccan#anvat #muc#nhau#monnhau#mu...,muccantamvi muccan anvat muc nhau monnhau mu,original sound - lilikween_106,Henry👻,True,True,True
7529901314990492946,https://www.tiktok.com/@MS4wLjABAAAAdsuFcOjPrzsw0ZdV9dJ926Ho7pioc9om6tM3vxIND75ZEKCwBhVwUDIH5q4iKVvo/video/7529901314990492946,2025-07-22,20,Tue,37,37400,130,2,69,16,0.58,Ứa nước miếng luôn á trời 🤤 #changa#changaheyyo #mukbang#anvat#ngon#x...,changa changaheyyo mukbang anvat ngon x,original sound - luongthingocha,𝐍𝐠𝐚̂𝐧 𝐇𝐚̀ 🍌,True,True,True
7529896911604698386,https://www.tiktok.com/@MS4wLjABAAAAdsuFcOjPrzsw0ZdV9dJ926Ho7pioc9om6tM3vxIND75ZEKCwBhVwUDIH5q4iKVvo/video/7529896911604698386,2025-07-22,20,Tue,43,1672,5,0,1,0,0.36,Cơm cháy siêu chà bông giòn rụm 😋#comchaychabong #comchaysieuchabong#...,comchaychabong comchaysieuchabong,ɱ α ɠ ɳ ҽ ƚ ι ƈ,Someone,True,True,True
7529871879562169618,https://www.tiktok.com/@MS4wLjABAAAAdsuFcOjPrzsw0ZdV9dJ926Ho7pioc9om6tM3vxIND75ZEKCwBhVwUDIH5q4iKVvo/video/7529871879562169618,2025-07-22,18,Tue,46,180,1,0,0,0,0.56,"Sốt chấm chú Hải chấm hải sản ,thịt hoa quả nhức nách 😋lưu ý là hơi c...",,Titibok tibok,୨ .ᐟ ⨍𝚛ᥲ𝕟ᥴ౿ડ ⑅ 🩰 ଓ,True,True,False
7529865654040546567,https://www.tiktok.com/@MS4wLjABAAAAdsuFcOjPrzsw0ZdV9dJ926Ho7pioc9om6tM3vxIND75ZEKCwBhVwUDIH5q4iKVvo/video/7529865654040546567,2025-07-22,18,Tue,32,1415,4,2,2,1,0.64,Sấu giòn mua 2 tặng 1 đang vào mùa tranh thủ ăn nha 🤭#saugionchuangot...,saugionchuangot,G o o d p a r t s,Someone,True,True,False
7529530086043684104,https://www.tiktok.com/@MS4wLjABAAAAdsuFcOjPrzsw0ZdV9dJ926Ho7pioc9om6tM3vxIND75ZEKCwBhVwUDIH5q4iKVvo/video/7529530086043684104,2025-07-21,20,Mon,58,82400,260,1,47,12,0.39,Ai không ăn cay được thì ăn chân gà bách thảo nhó 😋#changa#changaheyy...,changa changaheyy,ɱ α ɠ ɳ ҽ ƚ ι ƈ,Someone,True,True,True
7529523063017311496,https://www.tiktok.com/@MS4wLjABAAAAdsuFcOjPrzsw0ZdV9dJ926Ho7pioc9om6tM3vxIND75ZEKCwBhVwUDIH5q4iKVvo/video/7529523063017311496,2025-07-21,20,Mon,9,38500,223,10,32,33,0.77,Cơm cháy giòn giòn thơm mắm hành 🤭#comchay#comchaymamhanh #anvat#mukb...,comchay comchaymamhanh anvat mukb,original sound - luongthingocha,𝐍𝐠𝐚̂𝐧 𝐇𝐚̀ 🍌,True,True,False
7529515540776373511,https://www.tiktok.com/@MS4wLjABAAAAdsuFcOjPrzsw0ZdV9dJ926Ho7pioc9om6tM3vxIND75ZEKCwBhVwUDIH5q4iKVvo/video/7529515540776373511,2025-07-21,19,Mon,51,10700,19,1,2,0,0.21,Ăn cuốn không dứt nổi luôn á 😋#banhtrang#banhtrangphomai#tiembanhtran...,banhtrang banhtrangphomai tiembanhtran,original sound - cwitieesofty,๑˙❥✿𝖼ω𝗂𝗍𝗂𝖾𝗌ⱺ𝖿𝗍𝗒✿๑˙,True,True,True
7529511722734914824,https://www.tiktok.com/@MS4wLjABAAAAdsuFcOjPrzsw0ZdV9dJ926Ho7pioc9om6tM3vxIND75ZEKCwBhVwUDIH5q4iKVvo/video/7529511722734914824,2025-07-21,19,Mon,48,36400,89,3,24,11,0.35,Tin dùng hàng Việt nên ăn chân gà yên tâm hẳn 😋#changa#changaheyyo #a...,changa changaheyyo a,lucky girl syndrome asmr audio,ƙҽყα🍥,True,True,True
7529395701499956498,https://www.tiktok.com/@MS4wLjABAAAAdsuFcOjPrzsw0ZdV9dJ926Ho7pioc9om6tM3vxIND75ZEKCwBhVwUDIH5q4iKVvo/video/7529395701499956498,2025-07-21,12,Mon,7,50800,207,1,16,11,0.46,Ngô sấy siêu giòn siêu ngon 😋#ngonepsaygion #ngonnep#ngon#anvat#mukba...,ngonepsaygion ngonnep ngon anvat mukba,original sound - lilikween_106,Henry👻,True,True,True
7529166029868551432,https://www.tiktok.com/@MS4wLjABAAAAdsuFcOjPrzsw0ZdV9dJ926Ho7pioc9om6tM3vxIND75ZEKCwBhVwUDIH5q4iKVvo/video/7529166029868551432,2025-07-20,21,Sun,8,22400,90,1,18,9,0.53,Chảy nước miếng 🤤#cabonuongsate #cabonuong #anvat#cabo #nhau#monnhau#...,cabonuongsate cabonuong anvat cabo nhau monnhau,original sound - lilikween_106,Henry👻,True,True,False
7529160235466951954,https://www.tiktok.com/@MS4wLjABAAAAdsuFcOjPrzsw0ZdV9dJ926Ho7pioc9om6tM3vxIND75ZEKCwBhVwUDIH5q4iKVvo/video/7529160235466951954,2025-07-20,20,Sun,26,536,7,0,3,1,2.05,"Trả lời @ONLINESANG? Cho bà nào đang tìm sốt chấm nha ,được nhiều mà ...",,original sound - mojisong.fluffytu,🏖🌐𓊔 ᖇᗩᑎᑎIE 🎀🍿𓂂 𓏸,True,True,False
7529149420034657543,https://www.tiktok.com/@MS4wLjABAAAAdsuFcOjPrzsw0ZdV9dJ926Ho7pioc9om6tM3vxIND75ZEKCwBhVwUDIH5q4iKVvo/video/7529149420034657543,2025-07-20,20,Sun,11,4994,10,1,2,1,0.28,Vị phô mai mãi đỉnh 🤭#banhtrangphomai#banhtrang#tiembanhtrangcute #an...,banhtrangphomai banhtrang tiembanhtrangcute an,original sound - lnavna.wav,˗ˏˋ☆ LENA ₊˚⊹♡ ˎˊ˗,True,True,True
7529144689501474056,https://www.tiktok.com/@MS4wLjABAAAAdsuFcOjPrzsw0ZdV9dJ926Ho7pioc9om6tM3vxIND75ZEKCwBhVwUDIH5q4iKVvo/video/7529144689501474056,2025-07-20,19,Sun,17,23300,97,1,15,7,0.52,+1 món giòn thơm nhậu là hết sẩy 😋#ngonepsaygion#ngonep #saygion#anva...,ngonepsaygion ngonep saygion anva,original sound - userkskwkw9,Ty bé,True,True,True
7529137159480036626,https://www.tiktok.com/@MS4wLjABAAAAdsuFcOjPrzsw0ZdV9dJ926Ho7pioc9om6tM3vxIND75ZEKCwBhVwUDIH5q4iKVvo/video/7529137159480036626,2025-07-20,19,Sun,37,1954,5,0,2,0,0.36,Thấy chị Hà Linh khen quá trời ý 🤭mà công nhận ngon mà cuốn thật#mucc...,mucc,B U B B L E G U M,୨ rae. 🪽,True,True,True
7529104702185704712,https://www.tiktok.com/@MS4wLjABAAAAdsuFcOjPrzsw0ZdV9dJ926Ho7pioc9om6tM3vxIND75ZEKCwBhVwUDIH5q4iKVvo/video/7529104702185704712,2025-07-20,17,Sun,16,802,6,1,2,0,1.12,Mì cay tại nhà vừa ngon lại còn rẻ 🤭#mycay #micay #mycaycotam #sotmic...,mycay micay mycaycotam sotmic,original sound - annahuynh_09,annahuynh_09,True,True,False
7528810225353166098,https://www.tiktok.com/@MS4wLjABAAAAdsuFcOjPrzsw0ZdV9dJ926Ho7pioc9om6tM3vxIND75ZEKCwBhVwUDIH5q4iKVvo/video/7528810225353166098,2025-07-19,22,Sat,19,45000,168,11,15,10,0.45,Mukbang chân gà vứi tui nha 😋#changa#changaheyyo #changacungdinh #anv...,changa changaheyyo changacungdinh anv,lucky girl syndrome asmr audio,ƙҽყα🍥,True,True,True
7528761745427516680,https://www.tiktok.com/@MS4wLjABAAAAdsuFcOjPrzsw0ZdV9dJ926Ho7pioc9om6tM3vxIND75ZEKCwBhVwUDIH5q4iKVvo/video/7528761745427516680,2025-07-19,19,Sat,8,9137,54,0,2,3,0.65,Ngô nếp sấy giòn nè 😋#ngonepsaygion #ngonep #anvat#nhau #monnhau #gio...,ngonepsaygion ngonep anvat nhau monnhau gio,original sound - thnh.n.rau,Hữu thạnh rau,True,True,True
7528666904341384456,https://www.tiktok.com/@MS4wLjABAAAAdsuFcOjPrzsw0ZdV9dJ926Ho7pioc9om6tM3vxIND75ZEKCwBhVwUDIH5q4iKVvo/video/7528666904341384456,2025-07-19,12,Sat,21,19500,69,3,18,11,0.52,Cơm cháy mắm hành 😋#comchaymamhanh #comchay#anvat #mukbang #ngon #anc...,comchaymamhanh comchay anvat mukbang ngon anc,ɱ α ɠ ɳ ҽ ƚ ι ƈ,Someone,True,True,False
7528431554784283922,https://www.tiktok.com/@MS4wLjABAAAAdsuFcOjPrzsw0ZdV9dJ926Ho7pioc9om6tM3vxIND75ZEKCwBhVwUDIH5q4iKVvo/video/7528431554784283922,2025-07-18,21,Fri,24,4675,30,0,5,2,0.79,Giòn giòn thơm thơm 🤭#ngonepsaygion #ngonep#anvat #mukbang#ngon #ancu...,ngonepsaygion ngonep anvat mukbang ngon ancu,C u p i d O r i g i n a l,Someone,True,True,False
7528039962600606984,https://www.tiktok.com/@MS4wLjABAAAAdsuFcOjPrzsw0ZdV9dJ926Ho7pioc9om6tM3vxIND75ZEKCwBhVwUDIH5q4iKVvo/video/7528039962600606984,2025-07-17,20,Thu,9,479,13,0,4,0,3.55,Combo 10 bịch bánh tráng 😋#banhtrangphoisuong #banhtrang#ngon#anvat#m...,banhtrangphoisuong banhtrang ngon anvat m,original sound - lilikween_106,Henry👻,True,False,False
7528015348587646215,https://www.tiktok.com/@MS4wLjABAAAAdsuFcOjPrzsw0ZdV9dJ926Ho7pioc9om6tM3vxIND75ZEKCwBhVwUDIH5q4iKVvo/video/7528015348587646215,2025-07-17,18,Thu,12,155200,848,30,150,109,0.73,Ta nói mlem mlem nè 🤭#cabonuongsate #anvat#nhau #donhau #mukbang #anc...,cabonuongsate anvat nhau donhau mukbang anc,original sound - luongthingocha,𝐍𝐠𝐚̂𝐧 𝐇𝐚̀ 🍌,True,True,False
7527985507754724626,https://www.tiktok.com/@MS4wLjABAAAAdsuFcOjPrzsw0ZdV9dJ926Ho7pioc9om6tM3vxIND75ZEKCwBhVwUDIH5q4iKVvo/video/7527985507754724626,2025-07-17,16,Thu,35,1492,9,0,3,1,0.87,Mê bánh tráng bơi hết vào đây ko mua là tiếc nha 🤭#banhtrangphoisuong...,banhtrangphoisuong,original sound - nini.analog,𐙚 ₊ ⊹ prandini,True,True,True
7527680856694050066,https://www.tiktok.com/@MS4wLjABAAAAdsuFcOjPrzsw0ZdV9dJ926Ho7pioc9om6tM3vxIND75ZEKCwBhVwUDIH5q4iKVvo/video/7527680856694050066,2025-07-16,21,Wed,21,33700,64,1,4,6,0.22,Nhả vía săn free ship cho mn nè 🤭#banhtrang#banhtrangphomai#tiembanht...,banhtrang banhtrangphomai tiembanht,original sound - chocoberryie,ׁ ⊹ ೀ n a e ! ៸៸ ♡ ֹ,True,True,True
7527672466601151752,https://www.tiktok.com/@MS4wLjABAAAAdsuFcOjPrzsw0ZdV9dJ926Ho7pioc9om6tM3vxIND75ZEKCwBhVwUDIH5q4iKVvo/video/7527672466601151752,2025-07-16,20,Wed,28,6092,35,2,13,12,1.02,Bánh tráng mắm ruốc giòn rụm 😋#banhtrang#banhtrangmamruoc #anvat#mukb...,banhtrang banhtrangmamruoc anvat mukb,original sound - cwitieesofty,๑˙❥✿𝖼ω𝗂𝗍𝗂𝖾𝗌ⱺ𝖿𝗍𝗒✿๑˙,True,True,False
7527557140786072850,https://www.tiktok.com/@MS4wLjABAAAAdsuFcOjPrzsw0ZdV9dJ926Ho7pioc9om6tM3vxIND75ZEKCwBhVwUDIH5q4iKVvo/video/7527557140786072850,2025-07-16,13,Wed,6,28600,107,1,25,3,0.48,Cay mà nó ngon 😋#snack #snackkhoainua #anvat #rivew #mukbang,snack snackkhoainua anvat rivew mukbang,original sound - luongthingocha,𝐍𝐠𝐚̂𝐧 𝐇𝐚̀ 🍌,True,True,True
7527307514409504007,https://www.tiktok.com/@MS4wLjABAAAAdsuFcOjPrzsw0ZdV9dJ926Ho7pioc9om6tM3vxIND75ZEKCwBhVwUDIH5q4iKVvo/video/7527307514409504007,2025-07-15,20,Tue,22,6145,18,1,3,1,0.37,Thanh cua ăn liền #thanhcua #anvat #mukbang #rivew,thanhcua anvat mukbang rivew,오사하면 달려감,euoxwe,True,True,True
7527295630436289810,https://www.tiktok.com/@MS4wLjABAAAAdsuFcOjPrzsw0ZdV9dJ926Ho7pioc9om6tM3vxIND75ZEKCwBhVwUDIH5q4iKVvo/video/7527295630436289810,2025-07-15,20,Tue,41,541,14,3,2,0,3.51,Mukbang vịt quay 😋#mukbang #vitquay #xh,mukbang vitquay xh,original sound - cwitieesofty,๑˙❥✿𝖼ω𝗂𝗍𝗂𝖾𝗌ⱺ𝖿𝗍𝗒✿๑˙,True,False,False
7527157972842106120,https://www.tiktok.com/@MS4wLjABAAAAdsuFcOjPrzsw0ZdV9dJ926Ho7pioc9om6tM3vxIND75ZEKCwBhVwUDIH5q4iKVvo/video/7527157972842106120,2025-07-15,11,Tue,24,44500,102,0,16,7,0.28,Chân gà Việt an tâm hẳn 😋#changa #changaheyyo #anvat #mukbang,changa changaheyyo anvat mukbang,BGM C A F E S O U N D S,໒꒱— 𝓐_𝝴ׅƖׅყׂ !¡🌟🛼,True,True,True
7527147212338384136,https://www.tiktok.com/@MS4wLjABAAAAdsuFcOjPrzsw0ZdV9dJ926Ho7pioc9om6tM3vxIND75ZEKCwBhVwUDIH5q4iKVvo/video/7527147212338384136,2025-07-15,10,Tue,18,926,8,1,2,0,1.19,Giòn thơm ăn là mê🤭#snackkhoainua #snack #anvat #khoainua #xh,snackkhoainua snack anvat khoainua xh,C u p i d O r i g i n a l,Someone,True,True,True
7526936767002545426,https://www.tiktok.com/@MS4wLjABAAAAdsuFcOjPrzsw0ZdV9dJ926Ho7pioc9om6tM3vxIND75ZEKCwBhVwUDIH5q4iKVvo/video/7526936767002545426,2025-07-14,20,Mon,25,216900,341,17,32,28,0.19,Ai săn được miễn ship là đúng đỉnh luôn á 🤭#banhtrang#banhtrangphomai...,banhtrang banhtrangphomai,original sound - xeoxeo_daily,Xèo Xèo daily,True,True,True
7526915462463114514,https://www.tiktok.com/@MS4wLjABAAAAdsuFcOjPrzsw0ZdV9dJ926Ho7pioc9om6tM3vxIND75ZEKCwBhVwUDIH5q4iKVvo/video/7526915462463114514,2025-07-14,19,Mon,26,156600,635,16,111,60,0.52,Cứ phải gọi là bánh cuốn 🤭#snackkhoainua #snack#anvat#ancungtiktok Mu...,snackkhoainua snack anvat ancungtiktok,original sound - antitrangkhanzone1,Anti Trang Khàn zone,True,True,True
7526907366550424850,https://www.tiktok.com/@MS4wLjABAAAAdsuFcOjPrzsw0ZdV9dJ926Ho7pioc9om6tM3vxIND75ZEKCwBhVwUDIH5q4iKVvo/video/7526907366550424850,2025-07-14,19,Mon,25,136500,915,8,181,101,0.88,Mồi nhậu này có vẻ tốn 🍺 đấy 🤭#cabonuongsate #cabo #nhau #donhau #anvat,cabonuongsate cabo nhau donhau anvat,original sound - cwitieesofty,๑˙❥✿𝖼ω𝗂𝗍𝗂𝖾𝗌ⱺ𝖿𝗍𝗒✿๑˙,True,True,False
7526497355223321863,https://www.tiktok.com/@MS4wLjABAAAAdsuFcOjPrzsw0ZdV9dJ926Ho7pioc9om6tM3vxIND75ZEKCwBhVwUDIH5q4iKVvo/video/7526497355223321863,2025-07-13,16,Sun,24,8743,17,0,5,3,0.29,"Ngày nào cũng phải ăn 1,2 chiếc 🥲#changa #changaheyyo #anvat",changa changaheyyo anvat,original sound - luongthingocha,𝐍𝐠𝐚̂𝐧 𝐇𝐚̀ 🍌,True,True,True
7526437083632930056,https://www.tiktok.com/@MS4wLjABAAAAdsuFcOjPrzsw0ZdV9dJ926Ho7pioc9om6tM3vxIND75ZEKCwBhVwUDIH5q4iKVvo/video/7526437083632930056,2025-07-13,12,Sun,10,982,4,0,1,0,0.51,#thachtraicaykhonglo #thach #thachtraicay #anvat,thachtraicaykhonglo thach thachtraicay anvat,original sound - bbrniy,⠀ 🥗🥪⠀𝓂ℯ𝒿𝒾ִ𓈒 🏖🥪 ୨୧ 𓈒,True,True,True
7526158489710808338,https://www.tiktok.com/@MS4wLjABAAAAdsuFcOjPrzsw0ZdV9dJ926Ho7pioc9om6tM3vxIND75ZEKCwBhVwUDIH5q4iKVvo/video/7526158489710808338,2025-07-12,18,Sat,34,862,7,1,1,0,1.04,Combo 10 tặng 6 bánh nè 🫨ngon bổ mà lại hạt rẻ nha 😋#banhmibaongoc #b...,banhmibaongoc b,BGM C A F E S O U N D S,໒꒱— 𝓐_𝝴ׅƖׅყׂ !¡🌟🛼,True,True,True
7525832807072025864,https://www.tiktok.com/@MS4wLjABAAAAdsuFcOjPrzsw0ZdV9dJ926Ho7pioc9om6tM3vxIND75ZEKCwBhVwUDIH5q4iKVvo/video/7525832807072025864,2025-07-11,21,Fri,15,5893,14,0,5,1,0.34,Nó hạt rẻ mà nó ngon 😋#banhtrangphomai #banhtrang #banhtrangtron #anvat,banhtrangphomai banhtrang banhtrangtron anvat,original sound - luongthingocha,𝐍𝐠𝐚̂𝐧 𝐇𝐚̀ 🍌,True,True,True
7525824269113117959,https://www.tiktok.com/@MS4wLjABAAAAdsuFcOjPrzsw0ZdV9dJ926Ho7pioc9om6tM3vxIND75ZEKCwBhVwUDIH5q4iKVvo/video/7525824269113117959,2025-07-11,21,Fri,14,591,11,0,1,0,2.03,Nũng nịu quá nè 😋#lapxuongtuoi #lapxuong #mukbang,lapxuongtuoi lapxuong mukbang,original sound - luongthingocha,𝐍𝐠𝐚̂𝐧 𝐇𝐚̀ 🍌,True,True,False
7525792282897911048,https://www.tiktok.com/@MS4wLjABAAAAdsuFcOjPrzsw0ZdV9dJ926Ho7pioc9om6tM3vxIND75ZEKCwBhVwUDIH5q4iKVvo/video/7525792282897911048,2025-07-11,18,Fri,26,38000,89,1,5,9,0.27,Tới rồi tới rùi cả nhà ưi 🧀 😋#banhtrang #banhtrangphomai #tiembanhtra...,banhtrang banhtrangphomai tiembanhtra,original sound - bbrniy,⠀ 🥗🥪⠀𝓂ℯ𝒿𝒾ִ𓈒 🏖🥪 ୨୧ 𓈒,True,True,True
7525768326035918088,https://www.tiktok.com/@MS4wLjABAAAAdsuFcOjPrzsw0ZdV9dJ926Ho7pioc9om6tM3vxIND75ZEKCwBhVwUDIH5q4iKVvo/video/7525768326035918088,2025-07-11,17,Fri,32,15800,209,8,94,22,2.11,Thèm quá đi thui 🤤#lapxuong #lapxuongtuoi #mukbang,lapxuong lapxuongtuoi mukbang,ɱ α ɠ ɳ ҽ ƚ ι ƈ,Someone,True,True,False
7525297059570715912,https://www.tiktok.com/@MS4wLjABAAAAdsuFcOjPrzsw0ZdV9dJ926Ho7pioc9om6tM3vxIND75ZEKCwBhVwUDIH5q4iKVvo/video/7525297059570715912,2025-07-10,10,Thu,5,12200,17,0,2,0,0.16,Mới có hàng nè lẹ lẹ nha 😋#banhtrang #banhtrangphomai #phomai #anvat ...,banhtrang banhtrangphomai phomai anvat,original sound - luongthingocha,𝐍𝐠𝐚̂𝐧 𝐇𝐚̀ 🍌,True,True,True
7525044840002882824,https://www.tiktok.com/@MS4wLjABAAAAdsuFcOjPrzsw0ZdV9dJ926Ho7pioc9om6tM3vxIND75ZEKCwBhVwUDIH5q4iKVvo/video/7525044840002882824,2025-07-09,18,Wed,83,448000,792,21,169,64,0.23,Ăn vào là ngiền nha 😋#anvat #changa #changaheyyo #xh,anvat changa changaheyyo xh,ɱ α ɠ ɳ ҽ ƚ ι ƈ,Someone,True,True,True
7524654263314812168,https://www.tiktok.com/@MS4wLjABAAAAdsuFcOjPrzsw0ZdV9dJ926Ho7pioc9om6tM3vxIND75ZEKCwBhVwUDIH5q4iKVvo/video/7524654263314812168,2025-07-08,17,Tue,37,209800,601,24,98,30,0.36,Cùng xem gia đình haha nha 🥹#giadinhhaha #anvat #mukbang#changa,giadinhhaha anvat mukbang changa,original sound - nalu5796,Nalu,True,True,True
7524308994408893703,https://www.tiktok.com/@MS4wLjABAAAAdsuFcOjPrzsw0ZdV9dJ926Ho7pioc9om6tM3vxIND75ZEKCwBhVwUDIH5q4iKVvo/video/7524308994408893703,2025-07-07,19,Mon,7,2078,7,0,1,1,0.43,😋😋😋#changa #changacungdinh #anvat#mukbang,changa changacungdinh anvat mukbang,original sound - lilikween_106,Henry👻,True,True,True
7524289413782752519,https://www.tiktok.com/@MS4wLjABAAAAdsuFcOjPrzsw0ZdV9dJ926Ho7pioc9om6tM3vxIND75ZEKCwBhVwUDIH5q4iKVvo/video/7524289413782752519,2025-07-07,17,Mon,10,30700,200,4,8,18,0.75,OMG nó giòn nó thơm nó ngon 😋#ngogion #ngonep#anvat#nhau,ngogion ngonep anvat nhau,original sound - luongthingocha,𝐍𝐠𝐚̂𝐧 𝐇𝐚̀ 🍌,True,True,True
7523971413091405064,https://www.tiktok.com/@MS4wLjABAAAAdsuFcOjPrzsw0ZdV9dJ926Ho7pioc9om6tM3vxIND75ZEKCwBhVwUDIH5q4iKVvo/video/7523971413091405064,2025-07-06,21,Sun,33,39400,149,9,57,15,0.58,Chân gà nè ha 😋#changa #changacungdinh #changaheyyo #anvat#mukbangasmr,changa changacungdinh changaheyyo anvat mukbangasmr,original sound - mojisong.fluffytu,🏖🌐𓊔 ᖇᗩᑎᑎIE 🎀🍿𓂂 𓏸,True,True,True
7523600564622478599,https://www.tiktok.com/@MS4wLjABAAAAdsuFcOjPrzsw0ZdV9dJ926Ho7pioc9om6tM3vxIND75ZEKCwBhVwUDIH5q4iKVvo/video/7523600564622478599,2025-07-05,21,Sat,41,689,5,0,3,2,1.45,Mukbang 😋#lautusoi #lautusoihaidilao #mukbang,lautusoi lautusoihaidilao mukbang,original sound - heinaa._.mukbang,🥡𝙃𝙚𝙞𝙣𝙖૮ ˶ᵔ ᵕ ᵔ˶ ა🧁,True,True,False
7523586754163641618,https://www.tiktok.com/@MS4wLjABAAAAdsuFcOjPrzsw0ZdV9dJ926Ho7pioc9om6tM3vxIND75ZEKCwBhVwUDIH5q4iKVvo/video/7523586754163641618,2025-07-05,20,Sat,9,541,5,0,1,1,1.29,Tưởng cay mà lại ko cay 🤭 🌶️ #otgion #snackthailand #anvat,otgion snackthailand anvat,original sound - _971218,ㅊㄹ_97,True,True,False
7523224462536314120,https://www.tiktok.com/@MS4wLjABAAAAdsuFcOjPrzsw0ZdV9dJ926Ho7pioc9om6tM3vxIND75ZEKCwBhVwUDIH5q4iKVvo/video/7523224462536314120,2025-07-04,20,Fri,43,214,1,0,0,0,0.47,Chẻo cá giã tay hương vị tây bắc 😋#cheocagiatay #cagia #canuc #huongv...,cheocagiatay cagia canuc huongv,original sound - beheobu0102,Bé heo bự🐷,True,True,False
7523202214362483975,https://www.tiktok.com/@MS4wLjABAAAAdsuFcOjPrzsw0ZdV9dJ926Ho7pioc9om6tM3vxIND75ZEKCwBhVwUDIH5q4iKVvo/video/7523202214362483975,2025-07-04,19,Fri,34,464,6,0,1,0,1.51,Kẹo dẻo 🐙🦀🐢#keodeo #keo#SWOOTCANDY#SWOOT,keodeo keo SWOOTCANDY SWOOT,original sound - heinaa._.mukbang,🥡𝙃𝙚𝙞𝙣𝙖૮ ˶ᵔ ᵕ ᵔ˶ ა🧁,True,True,True
7523164056073587976,https://www.tiktok.com/@MS4wLjABAAAAdsuFcOjPrzsw0ZdV9dJ926Ho7pioc9om6tM3vxIND75ZEKCwBhVwUDIH5q4iKVvo/video/7523164056073587976,2025-07-04,16,Fri,6,74700,754,6,47,67,1.17,9k 1 gói hẹ hẹ 🤭 còn có cả bò khô ý #ngonepsaygion #ngonep #anvat #xh,ngonepsaygion ngonep anvat xh,original sound - luongthingocha,𝐍𝐠𝐚̂𝐧 𝐇𝐚̀ 🍌,True,True,True
7523074199120809223,https://www.tiktok.com/@MS4wLjABAAAAdsuFcOjPrzsw0ZdV9dJ926Ho7pioc9om6tM3vxIND75ZEKCwBhVwUDIH5q4iKVvo/video/7523074199120809223,2025-07-04,11,Fri,42,370,14,2,0,1,4.59,Tới rồi tới tồi mùa quả tui thích 🍑#mukbang #dao #ancathegioi #traicay,mukbang dao ancathegioi traicay,original sound - poppys868,Mel 🐾,True,False,False
7523064133860822279,https://www.tiktok.com/@MS4wLjABAAAAdsuFcOjPrzsw0ZdV9dJ926Ho7pioc9om6tM3vxIND75ZEKCwBhVwUDIH5q4iKVvo/video/7523064133860822279,2025-07-04,10,Fri,44,889,10,2,1,1,1.57,Ý 20 gói siêu tiết kiệm nè 😋#anvat #caycay #ngon#doramas #mukbang,anvat caycay ngon doramas mukbang,original sound - dorayakidoraemon92,Doramovie,True,True,False
7522860054597471496,https://www.tiktok.com/@MS4wLjABAAAAdsuFcOjPrzsw0ZdV9dJ926Ho7pioc9om6tM3vxIND75ZEKCwBhVwUDIH5q4iKVvo/video/7522860054597471496,2025-07-03,21,Thu,10,2177,2,0,2,0,0.18,Phô mai 🧀 #phomaihunkhoi #phomai #anvat #nhau #xh,phomaihunkhoi phomai anvat nhau xh,original sound - thnh.n.rau,Hữu thạnh rau,True,True,True
7522850762532343058,https://www.tiktok.com/@MS4wLjABAAAAdsuFcOjPrzsw0ZdV9dJ926Ho7pioc9om6tM3vxIND75ZEKCwBhVwUDIH5q4iKVvo/video/7522850762532343058,2025-07-03,20,Thu,20,335,2,0,0,0,0.6,Thơm ngon mời bạn ăn nha 🍲😋#lautusoi #lautusoihaidilao #haidilao #muk...,lautusoi lautusoihaidilao haidilao muk,original sound - mukbang.rendom,Foodie🍜🧋,True,True,False
7522842561858391304,https://www.tiktok.com/@MS4wLjABAAAAdsuFcOjPrzsw0ZdV9dJ926Ho7pioc9om6tM3vxIND75ZEKCwBhVwUDIH5q4iKVvo/video/7522842561858391304,2025-07-03,20,Thu,5,341500,2978,8,156,212,0.98,Ngon mà rẻ dị trời 9🐟 thui nè #ngonep#anvat #ngo,ngonep anvat ngo,original sound - lilikween_106,Henry👻,True,True,True
7522832121325522194,https://www.tiktok.com/@MS4wLjABAAAAdsuFcOjPrzsw0ZdV9dJ926Ho7pioc9om6tM3vxIND75ZEKCwBhVwUDIH5q4iKVvo/video/7522832121325522194,2025-07-03,19,Thu,21,154,1,0,1,1,1.95,Bánh Cookies hạt nhân 🍪🍪🍪#banhcookie #banh#anvat #ngon #viral,banhcookie banh anvat ngon viral,original sound - heinaa._.mukbang,🥡𝙃𝙚𝙞𝙣𝙖૮ ˶ᵔ ᵕ ᵔ˶ ა🧁,True,True,False
7522811671786556679,https://www.tiktok.com/@MS4wLjABAAAAdsuFcOjPrzsw0ZdV9dJ926Ho7pioc9om6tM3vxIND75ZEKCwBhVwUDIH5q4iKVvo/video/7522811671786556679,2025-07-03,18,Thu,28,322,5,0,1,0,1.86,Dễ thương hông nè 😋#SWOOTCANDY #SWOOT #keodeo #keodeotraicay #anvat #...,SWOOTCANDY SWOOT keodeo keodeotraicay anvat,original sound - _tolamidoriinee_,Midorii 🐇,True,True,True
7522482715036224776,https://www.tiktok.com/@MS4wLjABAAAAdsuFcOjPrzsw0ZdV9dJ926Ho7pioc9om6tM3vxIND75ZEKCwBhVwUDIH5q4iKVvo/video/7522482715036224776,2025-07-02,20,Wed,11,985,7,0,0,0,0.71,Món quà nhỏ tấm lòng to 🌷🌷🌷#hoatulip🌷 #denhoatulip #deco,hoatulip denhoatulip deco,original sound - 1.abc_0,😴,True,True,True
7522467566904872199,https://www.tiktok.com/@MS4wLjABAAAAdsuFcOjPrzsw0ZdV9dJ926Ho7pioc9om6tM3vxIND75ZEKCwBhVwUDIH5q4iKVvo/video/7522467566904872199,2025-07-02,19,Wed,27,7744,34,1,2,6,0.56,Ngô nếp giòn giòn 😋#ngonep #anvat,ngonep anvat,G o o d p a r t s,Someone,True,True,True
7522458008954195208,https://www.tiktok.com/@MS4wLjABAAAAdsuFcOjPrzsw0ZdV9dJ926Ho7pioc9om6tM3vxIND75ZEKCwBhVwUDIH5q4iKVvo/video/7522458008954195208,2025-07-02,19,Wed,28,1472,4,0,1,1,0.41,Tưởng cay mà lại không cay 🌶️🤭#bimbimthailan #snack #nalita #anvat,bimbimthailan snack nalita anvat,original sound - clarawit,𝑪lara mente,True,True,False
7522455133192555794,https://www.tiktok.com/@MS4wLjABAAAAdsuFcOjPrzsw0ZdV9dJ926Ho7pioc9om6tM3vxIND75ZEKCwBhVwUDIH5q4iKVvo/video/7522455133192555794,2025-07-02,19,Wed,42,1500,8,0,0,0,0.53,Lẩu tự sôi Haidilao 😋#lautusoihaidilao #haidilao #mukbang #ancungtiktok,lautusoihaidilao haidilao mukbang ancungtiktok,original sound - beheobu0102,Bé heo bự🐷,True,True,True
7522119674398575879,https://www.tiktok.com/@MS4wLjABAAAAdsuFcOjPrzsw0ZdV9dJ926Ho7pioc9om6tM3vxIND75ZEKCwBhVwUDIH5q4iKVvo/video/7522119674398575879,2025-07-01,21,Tue,37,1866,6,1,1,1,0.48,Phô mai hun khói với sinh tố lúa mạch 😋🍻#phomai #phomaihunkhoi #phoma...,phomai phomaihunkhoi phoma,original sound - _yandere.._simulator,Rusteen 🫶🏻,True,True,True
7522106921948630280,https://www.tiktok.com/@MS4wLjABAAAAdsuFcOjPrzsw0ZdV9dJ926Ho7pioc9om6tM3vxIND75ZEKCwBhVwUDIH5q4iKVvo/video/7522106921948630280,2025-07-01,20,Tue,22,1054,5,0,0,0,0.47,Hẹ hẹ mk xin phép ăn miếng to nhé 🤭#bittetchay #bittet #anvat,bittetchay bittet anvat,original sound - heinaa._.mukbang,🥡𝙃𝙚𝙞𝙣𝙖૮ ˶ᵔ ᵕ ᵔ˶ ა🧁,True,True,False
7522082148900195602,https://www.tiktok.com/@MS4wLjABAAAAdsuFcOjPrzsw0ZdV9dJ926Ho7pioc9om6tM3vxIND75ZEKCwBhVwUDIH5q4iKVvo/video/7522082148900195602,2025-07-01,19,Tue,19,1182,8,3,0,0,0.93,Mát mát thơm thơm nhức cái nách 🤭#thachtraicay #thach #thachkhonglo #...,thachtraicay thach thachkhonglo,original sound - asmrhieak,🔊🥧👩,True,True,False
7521704445177023751,https://www.tiktok.com/@MS4wLjABAAAAdsuFcOjPrzsw0ZdV9dJ926Ho7pioc9om6tM3vxIND75ZEKCwBhVwUDIH5q4iKVvo/video/7521704445177023751,2025-06-30,18,Mon,28,1371,9,0,4,0,0.95,Bít tết chay mlem mlem 😋#anvat #bittetchay#dochay#ngon#unboxing #viral,anvat bittetchay dochay ngon unboxing viral,Titibok tibok,୨ .ᐟ ⨍𝚛ᥲ𝕟ᥴ౿ડ ⑅ 🩰 ଓ,True,True,False
7521695941561257234,https://www.tiktok.com/@MS4wLjABAAAAdsuFcOjPrzsw0ZdV9dJ926Ho7pioc9om6tM3vxIND75ZEKCwBhVwUDIH5q4iKVvo/video/7521695941561257234,2025-06-30,18,Mon,29,2685,26,1,2,5,1.27,Bánh ngon chấm thêm miếng sữa là nhức nách 🤭#hebekery #cookies #banh ...,hebekery cookies banh,original sound - lnavna.wav,˗ˏˋ☆ LENA ₊˚⊹♡ ˎˊ˗,True,True,True
7521010616807558408,https://www.tiktok.com/@MS4wLjABAAAAdsuFcOjPrzsw0ZdV9dJ926Ho7pioc9om6tM3vxIND75ZEKCwBhVwUDIH5q4iKVvo/video/7521010616807558408,2025-06-28,21,Sat,14,158,0,0,0,0,0.0,Combo 99k #changa #changabatuyet #ancungbatuyet #anvat #viral #trending,changa changabatuyet ancungbatuyet anvat viral trending,original sound - batuyethanhvi,Ăn Cùng Bà Tuyết,True,True,False
7520256227155135762,https://www.tiktok.com/@MS4wLjABAAAAdsuFcOjPrzsw0ZdV9dJ926Ho7pioc9om6tM3vxIND75ZEKCwBhVwUDIH5q4iKVvo/video/7520256227155135762,2025-06-26,20,Thu,14,384700,2644,46,452,274,0.89,Cũng ngon mà hơi vất vả 🤭#thachtraicay #thach #thachkhonglo #anvat,thachtraicay thach thachkhonglo anvat,original sound - doichosachnachchuathom,"Đói cho sạch, nách chưa thơm",True,True,True
7519896073519795463,https://www.tiktok.com/@MS4wLjABAAAAdsuFcOjPrzsw0ZdV9dJ926Ho7pioc9om6tM3vxIND75ZEKCwBhVwUDIH5q4iKVvo/video/7519896073519795463,2025-06-25,21,Wed,12,15400,56,0,9,4,0.45,Hẹ hẹ 🤭#banhtrang #banhtrangphomai #anvat,banhtrang banhtrangphomai anvat,original sound - chixinhgaikhiotrenmang,Chỉ Xinh Gái Khi Ở Trên Mạng,True,True,True
7519517882292702482,https://www.tiktok.com/@MS4wLjABAAAAdsuFcOjPrzsw0ZdV9dJ926Ho7pioc9om6tM3vxIND75ZEKCwBhVwUDIH5q4iKVvo/video/7519517882292702482,2025-06-24,21,Tue,17,2467,14,1,3,5,0.93,Thêm tý sinh tố lúa mạch là nhức nách 😋#phomai #phomaixesoi #phomaixo...,phomai phomaixesoi phomaixo,khớp gu,kennnji,True,True,True
7519499309046320402,https://www.tiktok.com/@MS4wLjABAAAAdsuFcOjPrzsw0ZdV9dJ926Ho7pioc9om6tM3vxIND75ZEKCwBhVwUDIH5q4iKVvo/video/7519499309046320402,2025-06-24,19,Tue,13,1076,4,1,1,1,0.65,Mlem mlem 😋#banhtrang #banhtrangphomai #banhtrangtron #anvat,banhtrang banhtrangphomai banhtrangtron anvat,original sound - userkskwkw9,Ty bé,True,True,True
7519142549223771410,https://www.tiktok.com/@MS4wLjABAAAAdsuFcOjPrzsw0ZdV9dJ926Ho7pioc9om6tM3vxIND75ZEKCwBhVwUDIH5q4iKVvo/video/7519142549223771410,2025-06-23,20,Mon,16,1010,8,2,3,1,1.39,Mukbang chân gà bà Tuyết 😋#ancungbatuyet #changa #changabatuyet #anva...,ancungbatuyet changa changabatuyet anva,original sound - bblue.skyyyy,🦖,True,True,False
7519120784481062162,https://www.tiktok.com/@MS4wLjABAAAAdsuFcOjPrzsw0ZdV9dJ926Ho7pioc9om6tM3vxIND75ZEKCwBhVwUDIH5q4iKVvo/video/7519120784481062162,2025-06-23,19,Mon,17,2000000,9739,67,1701,1136,0.63,Combo tri ân 99 🐟 #ancungbatuyet #changa #changabatuyet #anvat#ancung...,ancungbatuyet changa changabatuyet anvat ancung,original sound - batuyethanhvi,Ăn Cùng Bà Tuyết,True,True,True
7518932931746794770,https://www.tiktok.com/@MS4wLjABAAAAdsuFcOjPrzsw0ZdV9dJ926Ho7pioc9om6tM3vxIND75ZEKCwBhVwUDIH5q4iKVvo/video/7518932931746794770,2025-06-23,7,Mon,11,798000,1797,19,315,205,0.29,😋#banhtrang #banhtrangphomai #anvat #ancungtiktok #xh,banhtrang banhtrangphomai anvat ancungtiktok xh,original sound - luongthingocha,𝐍𝐠𝐚̂𝐧 𝐇𝐚̀ 🍌,True,True,True
7518769557268466951,https://www.tiktok.com/@MS4wLjABAAAAdsuFcOjPrzsw0ZdV9dJ926Ho7pioc9om6tM3vxIND75ZEKCwBhVwUDIH5q4iKVvo/video/7518769557268466951,2025-06-22,20,Sun,28,59900,156,4,35,16,0.35,Bò bía ngọt nè ngon nhắm hẹ hẹ hẹ 🤭#bobiangot #anvat #anvattuoitho #a...,bobiangot anvat anvattuoitho a,original sound - _tolamidoriinee_,Midorii 🐇,True,True,True
7518763928042753287,https://www.tiktok.com/@MS4wLjABAAAAdsuFcOjPrzsw0ZdV9dJ926Ho7pioc9om6tM3vxIND75ZEKCwBhVwUDIH5q4iKVvo/video/7518763928042753287,2025-06-22,20,Sun,17,3728,23,0,0,0,0.62,Dây chuyền máy ảnh #daychuyen #mayanh #phukien #phukienthoitrang,daychuyen mayanh phukien phukienthoitrang,khớp gu,kennnji,True,True,True
7518759384877452562,https://www.tiktok.com/@MS4wLjABAAAAdsuFcOjPrzsw0ZdV9dJ926Ho7pioc9om6tM3vxIND75ZEKCwBhVwUDIH5q4iKVvo/video/7518759384877452562,2025-06-22,20,Sun,35,3170,20,0,4,4,0.88,Phô mai dây xé sợi xông khói ăn là nghiền nha😋#phomaixesoi #phomaihun...,phomaixesoi phomaihun,original sound - bemauxanh.99,Bé Màu Xanh,True,True,True
7518383178067889426,https://www.tiktok.com/@MS4wLjABAAAAdsuFcOjPrzsw0ZdV9dJ926Ho7pioc9om6tM3vxIND75ZEKCwBhVwUDIH5q4iKVvo/video/7518383178067889426,2025-06-21,19,Sat,31,220,8,1,0,1,4.55,🤭🤭🤭,,Mai này em sẽ nấu cơm,Lele nè,True,False,False
7518370229840350482,https://www.tiktok.com/@MS4wLjABAAAAdsuFcOjPrzsw0ZdV9dJ926Ho7pioc9om6tM3vxIND75ZEKCwBhVwUDIH5q4iKVvo/video/7518370229840350482,2025-06-21,18,Sat,9,519,6,0,1,1,1.54,Snack tá lả ăn thả ga chỉ 75 🐠 #snacktala #snack #anvat #ancungtiktok...,snacktala snack anvat ancungtiktok,original sound - mimi.cutiii,bão yenxinh đây 😘🫵,True,True,False
7518245659716242696,https://www.tiktok.com/@MS4wLjABAAAAdsuFcOjPrzsw0ZdV9dJ926Ho7pioc9om6tM3vxIND75ZEKCwBhVwUDIH5q4iKVvo/video/7518245659716242696,2025-06-21,10,Sat,69,159,8,0,1,1,6.29,Ngon ngon😋#changa #changabatuyet #ancungbatuyet #anvat#mukbang,changa changabatuyet ancungbatuyet anvat mukbang,original sound - mesuadaily24,Chuyện nhà Sữa,True,True,False
7518241773156846855,https://www.tiktok.com/@MS4wLjABAAAAdsuFcOjPrzsw0ZdV9dJ926Ho7pioc9om6tM3vxIND75ZEKCwBhVwUDIH5q4iKVvo/video/7518241773156846855,2025-06-21,10,Sat,19,3700,19,5,3,0,0.73,Thạch trái cây khổng lồ nè 🫨#thachtraicay #thachtraicaykhonglo #anvat...,thachtraicay thachtraicaykhonglo anvat,original sound - userkskwkw9,Ty bé,True,True,True
7518180210034969863,https://www.tiktok.com/@MS4wLjABAAAAdsuFcOjPrzsw0ZdV9dJ926Ho7pioc9om6tM3vxIND75ZEKCwBhVwUDIH5q4iKVvo/video/7518180210034969863,2025-06-21,6,Sat,46,322,22,0,1,1,7.45,Mê mê các chị em xinh quá nè 😍#emxinhsayhi #emxinh,emxinhsayhi emxinh,ĐÃ XINH LẠI CÒN THÔNG MINH,"EM XINH ""SAY HI"" & Bích Phương & Miu Lê & Phương Ly & Bảo Anh & Orange & LyLy & Hoàng Duyên & Chi Xê & Vũ Thảo My & Ngô Lan Hương & Mỹ Mỹ & Lamoon & Quỳnh Anh Shyn & Saabirose & Liu Grace",False,False,False
7518061933686279431,https://www.tiktok.com/@MS4wLjABAAAAdsuFcOjPrzsw0ZdV9dJ926Ho7pioc9om6tM3vxIND75ZEKCwBhVwUDIH5q4iKVvo/video/7518061933686279431,2025-06-20,23,Fri,39,6658,24,3,1,3,0.47,Nhăm nhăm 😋#banhtrang #banhtrangphomai #anvat #emxinh #emxinhsayhi,banhtrang banhtrangphomai anvat emxinh emxinhsayhi,original sound - beheobu0102,Bé heo bự🐷,True,True,True
7518021083405028615,https://www.tiktok.com/@MS4wLjABAAAAdsuFcOjPrzsw0ZdV9dJ926Ho7pioc9om6tM3vxIND75ZEKCwBhVwUDIH5q4iKVvo/video/7518021083405028615,2025-06-20,20,Fri,10,1516,6,0,0,0,0.4,Combo tri ân 99 🐟 #changabatuyet #anvat #ancungtiktok #viral #trian,changabatuyet anvat ancungtiktok viral trian,original sound - batuyethanhvi,Ăn Cùng Bà Tuyết,True,True,True
7518012183033253138,https://www.tiktok.com/@MS4wLjABAAAAdsuFcOjPrzsw0ZdV9dJ926Ho7pioc9om6tM3vxIND75ZEKCwBhVwUDIH5q4iKVvo/video/7518012183033253138,2025-06-20,19,Fri,33,234,5,0,0,0,2.14,Tranh thủ ăn không hết mùa ☺️#manhau #manhausonla #man #ngon#ancungti...,manhau manhausonla man ngon ancungti,original sound - nhamnhamjt,Một chiếc bụng đói,True,True,False
7518002269292367111,https://www.tiktok.com/@MS4wLjABAAAAdsuFcOjPrzsw0ZdV9dJ926Ho7pioc9om6tM3vxIND75ZEKCwBhVwUDIH5q4iKVvo/video/7518002269292367111,2025-06-20,19,Fri,41,1575,21,1,0,2,1.52,Có đĩa này là cày phim tới sáng 😂#snacktala #snack #anvat#ancungtiktok,snacktala snack anvat ancungtiktok,C u p i d O r i g i n a l,Someone,True,True,False
7517658508792253704,https://www.tiktok.com/@MS4wLjABAAAAdsuFcOjPrzsw0ZdV9dJ926Ho7pioc9om6tM3vxIND75ZEKCwBhVwUDIH5q4iKVvo/video/7517658508792253704,2025-06-19,20,Thu,6,2027,8,2,0,0,0.49,10 🐠 cho bịch bánh tráng 😋#banhtrang #banhtrangphomai #banhtrangtron ...,banhtrang banhtrangphomai banhtrangtron,original sound - lilikween_106,Henry👻,True,True,True
7517653824350194952,https://www.tiktok.com/@MS4wLjABAAAAdsuFcOjPrzsw0ZdV9dJ926Ho7pioc9om6tM3vxIND75ZEKCwBhVwUDIH5q4iKVvo/video/7517653824350194952,2025-06-19,20,Thu,19,1665,7,0,6,0,0.78,Combo tri ân 99k chân gà bà Tuyết 🫨#changabatuyet #combotrian #changa...,changabatuyet combotrian changa,original sound - batuyethanhvi,Ăn Cùng Bà Tuyết,True,True,True
7517624596414156039,https://www.tiktok.com/@MS4wLjABAAAAdsuFcOjPrzsw0ZdV9dJ926Ho7pioc9om6tM3vxIND75ZEKCwBhVwUDIH5q4iKVvo/video/7517624596414156039,2025-06-19,18,Thu,33,868,17,3,1,0,2.42,Cà dính cà dính 😋#banhgio #ancungtiktok #mukbang,banhgio ancungtiktok mukbang,C u p i d O r i g i n a l,Someone,True,False,False
7517285384947125511,https://www.tiktok.com/@MS4wLjABAAAAdsuFcOjPrzsw0ZdV9dJ926Ho7pioc9om6tM3vxIND75ZEKCwBhVwUDIH5q4iKVvo/video/7517285384947125511,2025-06-18,20,Wed,9,822,9,1,2,2,1.7,Tốn xiền với món này quá đi 😋#banhtrang #banhtrangmuoisac #banhtrangc...,banhtrang banhtrangmuoisac banhtrangc,original sound - thnh.n.rau,Hữu thạnh rau,True,True,True
7517277045076856072,https://www.tiktok.com/@MS4wLjABAAAAdsuFcOjPrzsw0ZdV9dJ926Ho7pioc9om6tM3vxIND75ZEKCwBhVwUDIH5q4iKVvo/video/7517277045076856072,2025-06-18,20,Wed,16,734,6,1,1,1,1.23,Cái nư của tui là phải cỡ này mới chịu 😂#thachtraicay #thachraucau #a...,thachtraicay thachraucau a,original sound - beheobu0102,Bé heo bự🐷,True,True,True
7517270799905082632,https://www.tiktok.com/@MS4wLjABAAAAdsuFcOjPrzsw0ZdV9dJ926Ho7pioc9om6tM3vxIND75ZEKCwBhVwUDIH5q4iKVvo/video/7517270799905082632,2025-06-18,19,Wed,20,4464,19,0,0,0,0.43,Vị phô mai chân ái của tui 😋#banhtrangphomai #banhtrang #phomai #anvat,banhtrangphomai banhtrang phomai anvat,original sound - userkskwkw9,Ty bé,True,True,True
7517258673618504968,https://www.tiktok.com/@MS4wLjABAAAAdsuFcOjPrzsw0ZdV9dJ926Ho7pioc9om6tM3vxIND75ZEKCwBhVwUDIH5q4iKVvo/video/7517258673618504968,2025-06-18,19,Wed,19,6891,24,3,7,4,0.55,Cute xỉu á trời ☺️shin cậu bé bút chì #shin #cute#dochoi,shin cute dochoi,original sound - phimhayne.06,Ở Đây Có Phim Hay Nè 😙,True,True,True
7516921350280318215,https://www.tiktok.com/@MS4wLjABAAAAdsuFcOjPrzsw0ZdV9dJ926Ho7pioc9om6tM3vxIND75ZEKCwBhVwUDIH5q4iKVvo/video/7516921350280318215,2025-06-17,21,Tue,8,2560,17,0,2,2,0.82,Ừ thí cũng cũng cay xương xương 😁#khuyetnhaxi #anvat,khuyetnhaxi anvat,original sound - thanhdaudau69,THANH ĐAU ĐẦU,True,True,False
7516908078491602183,https://www.tiktok.com/@MS4wLjABAAAAdsuFcOjPrzsw0ZdV9dJ926Ho7pioc9om6tM3vxIND75ZEKCwBhVwUDIH5q4iKVvo/video/7516908078491602183,2025-06-17,20,Tue,14,556,8,0,0,0,1.44,Bánh tráng phô mai 🧀 #banhtrang #banhtrangphomai #banhtrangtron #anvat,banhtrang banhtrangphomai banhtrangtron anvat,original sound - cutepetkm,Kimmy&Co.,True,True,True
7516902110127017224,https://www.tiktok.com/@MS4wLjABAAAAdsuFcOjPrzsw0ZdV9dJ926Ho7pioc9om6tM3vxIND75ZEKCwBhVwUDIH5q4iKVvo/video/7516902110127017224,2025-06-17,19,Tue,6,795,5,1,0,0,0.75,Mê 😋#banhtrangtron#banhtrang #banhtranghanhphi #banhtrangcomai#anvat,banhtrangtron banhtrang banhtranghanhphi banhtrangcomai anvat,original sound - haidangrevieww,Hải Đăng Review,True,True,False
7516893374092152071,https://www.tiktok.com/@MS4wLjABAAAAdsuFcOjPrzsw0ZdV9dJ926Ho7pioc9om6tM3vxIND75ZEKCwBhVwUDIH5q4iKVvo/video/7516893374092152071,2025-06-17,19,Tue,31,3055,13,0,5,2,0.65,Thạch trái cây khổng lồ 2 kí 😋#thach2ki #thachkhonglo #thachraucau #a...,thach2ki thachkhonglo thachraucau a,original sound - bbrniy,⠀ 🥗🥪⠀𝓂ℯ𝒿𝒾ִ𓈒 🏖🥪 ୨୧ 𓈒,True,True,True
7516528037840588040,https://www.tiktok.com/@MS4wLjABAAAAdsuFcOjPrzsw0ZdV9dJ926Ho7pioc9om6tM3vxIND75ZEKCwBhVwUDIH5q4iKVvo/video/7516528037840588040,2025-06-16,19,Mon,9,25500,41,2,16,9,0.27,Khuyết nha xỉ ta nói nó …🥵#khuyetnhaxi #anvat #cay,khuyetnhaxi anvat cay,original sound - bematstore,Bé Mật Store 🌸,True,True,False
7516508359617531144,https://www.tiktok.com/@MS4wLjABAAAAdsuFcOjPrzsw0ZdV9dJ926Ho7pioc9om6tM3vxIND75ZEKCwBhVwUDIH5q4iKVvo/video/7516508359617531144,2025-06-16,18,Mon,16,1781,10,0,0,0,0.56,Thạch rau câu núng na núng nính 🤤#thachlonghai #thach#thachraucaulong...,thachlonghai thach thachraucaulong,original sound - meotorql,𝑾𝒂𝒏𝒈𝒍𝒆𝒆,True,True,False
7516438318813433095,https://www.tiktok.com/@MS4wLjABAAAAdsuFcOjPrzsw0ZdV9dJ926Ho7pioc9om6tM3vxIND75ZEKCwBhVwUDIH5q4iKVvo/video/7516438318813433095,2025-06-16,13,Mon,9,725,11,0,5,1,2.34,Combo que cay giòn dụm á 😋#quecay #caycay #quecaydailong #anvat #dail...,quecay caycay quecaydailong anvat dail,original sound - antitrangkhanzone1,Anti Trang Khàn zone,True,True,False
7516334575765802258,https://www.tiktok.com/@MS4wLjABAAAAdsuFcOjPrzsw0ZdV9dJ926Ho7pioc9om6tM3vxIND75ZEKCwBhVwUDIH5q4iKVvo/video/7516334575765802258,2025-06-16,7,Mon,20,2537,14,3,2,2,0.83,Ta nói ăn 1 miếng là tốn 8 lít nước 🥵#khuyetnhaxi #anvat #cay,khuyetnhaxi anvat cay,original sound - bbrniy,⠀ 🥗🥪⠀𝓂ℯ𝒿𝒾ִ𓈒 🏖🥪 ୨୧ 𓈒,True,True,False
7516332004078538002,https://www.tiktok.com/@MS4wLjABAAAAdsuFcOjPrzsw0ZdV9dJ926Ho7pioc9om6tM3vxIND75ZEKCwBhVwUDIH5q4iKVvo/video/7516332004078538002,2025-06-16,7,Mon,25,378,14,1,2,1,4.76,Mk cùng ăn sáng nha 🍲#pho #phobo #ancathegioi #mukbang,pho phobo ancathegioi mukbang,Ăn Sáng Nha - Original Version,ERIK & Suni Ha Linh,False,False,False
7516178320615132423,https://www.tiktok.com/@MS4wLjABAAAAdsuFcOjPrzsw0ZdV9dJ926Ho7pioc9om6tM3vxIND75ZEKCwBhVwUDIH5q4iKVvo/video/7516178320615132423,2025-06-15,21,Sun,29,59400,612,25,104,79,1.38,Món thạch tuổi thơ của tui😋#thachraucaulonghai #thach #anvat#ancungti...,thachraucaulonghai thach anvat ancungti,original sound - userkskwkw9,Ty bé,True,True,False
7516171247181401351,https://www.tiktok.com/@MS4wLjABAAAAdsuFcOjPrzsw0ZdV9dJ926Ho7pioc9om6tM3vxIND75ZEKCwBhVwUDIH5q4iKVvo/video/7516171247181401351,2025-06-15,20,Sun,12,3966,18,0,3,1,0.55,Bánh tráng phô mai 😋#banhtrangphomai#banhtrang #anvat#ancungtiktok,banhtrangphomai banhtrang anvat ancungtiktok,original sound - norinpham_m4,NorinPham,True,True,True
7515777462731689223,https://www.tiktok.com/@MS4wLjABAAAAdsuFcOjPrzsw0ZdV9dJ926Ho7pioc9om6tM3vxIND75ZEKCwBhVwUDIH5q4iKVvo/video/7515777462731689223,2025-06-14,19,Sat,48,14500,46,2,15,4,0.46,Bánh phồng sữa #banhphongsua #dacsanquynhon #anvat,banhphongsua dacsanquynhon anvat,GOOD PARTS,୧🅻︎а𝗿а୭,True,True,True
7515659306558328072,https://www.tiktok.com/@MS4wLjABAAAAdsuFcOjPrzsw0ZdV9dJ926Ho7pioc9om6tM3vxIND75ZEKCwBhVwUDIH5q4iKVvo/video/7515659306558328072,2025-06-14,11,Sat,39,55500,219,7,70,30,0.59,Bò bía hông nè 😋#bobia #bobiangot #anvat #anvattuoitho #xh #anvat,bobia bobiangot anvat anvattuoitho xh anvat,C u p i d O r i g i n a l,Someone,True,True,True
7515653754620857618,https://www.tiktok.com/@MS4wLjABAAAAdsuFcOjPrzsw0ZdV9dJ926Ho7pioc9om6tM3vxIND75ZEKCwBhVwUDIH5q4iKVvo/video/7515653754620857618,2025-06-14,11,Sat,33,15000,56,5,43,10,0.76,Thạch cốc tuổi thơ ai cũng đã từng ăn qua 😋#thachraucaulonghai #thach...,thachraucaulonghai thach,original sound - thuamnhachayho,Kênh của Vợ Chingg,True,True,False
7515423031460728072,https://www.tiktok.com/@MS4wLjABAAAAdsuFcOjPrzsw0ZdV9dJ926Ho7pioc9om6tM3vxIND75ZEKCwBhVwUDIH5q4iKVvo/video/7515423031460728072,2025-06-13,20,Fri,47,20500,44,4,8,1,0.28,Bánh bông lan tươi 😋#banhbonglantuoi#banhbonglan #anvat #ansang #mukb...,banhbonglantuoi banhbonglan anvat ansang mukb,Titibok tibok,୨ .ᐟ ⨍𝚛ᥲ𝕟ᥴ౿ડ ⑅ 🩰 ଓ,True,True,True
7515210881530154258,https://www.tiktok.com/@MS4wLjABAAAAdsuFcOjPrzsw0ZdV9dJ926Ho7pioc9om6tM3vxIND75ZEKCwBhVwUDIH5q4iKVvo/video/7515210881530154258,2025-06-13,6,Fri,9,356,6,0,0,0,1.69,Móc khoá cute phô mai que 🐶#mockhoacute #mockhoa #socute,mockhoacute mockhoa socute,original sound - embedautay62,Em bé Dâu Tây 🍓❤️‍🔥,True,True,False
7515201132554177810,https://www.tiktok.com/@MS4wLjABAAAAdsuFcOjPrzsw0ZdV9dJ926Ho7pioc9om6tM3vxIND75ZEKCwBhVwUDIH5q4iKVvo/video/7515201132554177810,2025-06-13,5,Fri,16,443,5,0,1,1,1.58,Nhức cái nách 😋#banhtrangmuoisac #banhtrangcomai #banhtrang #anvat #x...,banhtrangmuoisac banhtrangcomai banhtrang anvat x,original sound - asmrchannel_25,AsmrChannel25,True,True,False
7515198108922383623,https://www.tiktok.com/@MS4wLjABAAAAdsuFcOjPrzsw0ZdV9dJ926Ho7pioc9om6tM3vxIND75ZEKCwBhVwUDIH5q4iKVvo/video/7515198108922383623,2025-06-13,5,Fri,10,704,4,0,0,2,0.85,#banhtranghanhphi #banhtrangtron #banhtrang#banhtrangcomai #anvat,banhtranghanhphi banhtrangtron banhtrang banhtrangcomai anvat,original sound - bematstore,Bé Mật Store 🌸,True,True,False
7515056781383470343,https://www.tiktok.com/@MS4wLjABAAAAdsuFcOjPrzsw0ZdV9dJ926Ho7pioc9om6tM3vxIND75ZEKCwBhVwUDIH5q4iKVvo/video/7515056781383470343,2025-06-12,20,Thu,42,1296,13,0,1,2,1.23,Mua 2 tặng 2 bánh quy nhân socola.   #banhquynhansocola #banhquysocol...,banhquynhansocola banhquysocol,G o o d p a r t s,Someone,True,True,False
7515036751816133896,https://www.tiktok.com/@MS4wLjABAAAAdsuFcOjPrzsw0ZdV9dJ926Ho7pioc9om6tM3vxIND75ZEKCwBhVwUDIH5q4iKVvo/video/7515036751816133896,2025-06-12,19,Thu,45,4298,23,1,2,5,0.72,Bà nào mê bánh xèo điểm danh 😋#banhxeo #banhxeotainha#mukbang#ancathe...,banhxeo banhxeotainha mukbang ancathe,original sound - t.r.i2199,T.R.I,True,False,False
7514929387427400968,https://www.tiktok.com/@MS4wLjABAAAAdsuFcOjPrzsw0ZdV9dJ926Ho7pioc9om6tM3vxIND75ZEKCwBhVwUDIH5q4iKVvo/video/7514929387427400968,2025-06-12,12,Thu,14,641,14,2,0,2,2.81,Dễ thương dữ zị trời 🐶#mockhoa #mockhoadethuong#mockhoadienthoai#deth...,mockhoa mockhoadethuong mockhoadienthoai deth,original sound - pike.yuiak982.0,𝐿𝑖𝑛𝑌𝑖𝑘𝑎𝑖,True,True,False
7514679987413339410,https://www.tiktok.com/@MS4wLjABAAAAdsuFcOjPrzsw0ZdV9dJ926Ho7pioc9om6tM3vxIND75ZEKCwBhVwUDIH5q4iKVvo/video/7514679987413339410,2025-06-11,20,Wed,47,7141,50,6,7,5,0.95,Bánh tráng muối sặc #banhtrangmuoisac #banhtrang #banhtrangcomai #anv...,banhtrangmuoisac banhtrang banhtrangcomai anv,original sound - beheobu0102,Bé heo bự🐷,True,True,True
7514318576858303762,https://www.tiktok.com/@MS4wLjABAAAAdsuFcOjPrzsw0ZdV9dJ926Ho7pioc9om6tM3vxIND75ZEKCwBhVwUDIH5q4iKVvo/video/7514318576858303762,2025-06-10,20,Tue,44,9179,41,1,5,9,0.61,Kẹo dừa nhân sữa 🌴 🥥 #keoduanhansua #keodua #anvat #unboxing #x,keoduanhansua keodua anvat unboxing x,original sound - beheobu0102,Bé heo bự🐷,True,True,True
7513933922938506514,https://www.tiktok.com/@MS4wLjABAAAAdsuFcOjPrzsw0ZdV9dJ926Ho7pioc9om6tM3vxIND75ZEKCwBhVwUDIH5q4iKVvo/video/7513933922938506514,2025-06-09,20,Mon,44,751900,4170,42,535,424,0.69,Bò bía ngọt tại nhà nè #bobia #anvattuotho #anvat#unboxing,bobia anvattuotho anvat unboxing,C u p i d O r i g i n a l,Someone,True,True,True
7513587863053733138,https://www.tiktok.com/@MS4wLjABAAAAdsuFcOjPrzsw0ZdV9dJ926Ho7pioc9om6tM3vxIND75ZEKCwBhVwUDIH5q4iKVvo/video/7513587863053733138,2025-06-08,21,Sun,38,299,31,6,2,3,14.05,Khui sầu 😂#saurieng #khuisaurieng #anvat,saurieng khuisaurieng anvat,original sound - anhkhiyeu087,🔥ANH KHỈ 087 🔥,True,False,False
7513582214311857416,https://www.tiktok.com/@MS4wLjABAAAAdsuFcOjPrzsw0ZdV9dJ926Ho7pioc9om6tM3vxIND75ZEKCwBhVwUDIH5q4iKVvo/video/7513582214311857416,2025-06-08,21,Sun,50,354,19,6,1,0,7.34,Có ai mê bánh tráng nhà Cô Mai giống tui hem 😋#banhtrang #banhtrangtr...,banhtrang banhtrangtr,Titibok tibok,୨ .ᐟ ⨍𝚛ᥲ𝕟ᥴ౿ડ ⑅ 🩰 ଓ,True,True,True
7513142862784040210,https://www.tiktok.com/@MS4wLjABAAAAdsuFcOjPrzsw0ZdV9dJ926Ho7pioc9om6tM3vxIND75ZEKCwBhVwUDIH5q4iKVvo/video/7513142862784040210,2025-06-07,16,Sat,44,721,50,6,10,4,9.71,Lần đầu ăn mà mê không lối thoát 😋#saurieng #mukbang #mukbangsaurieng...,saurieng mukbang mukbangsaurieng,Hamburger Mcdonald,Chuyện nhà bé Lucie 👧🏻,True,False,False
7512830813176696071,https://www.tiktok.com/@MS4wLjABAAAAdsuFcOjPrzsw0ZdV9dJ926Ho7pioc9om6tM3vxIND75ZEKCwBhVwUDIH5q4iKVvo/video/7512830813176696071,2025-06-06,20,Fri,36,162,8,0,0,1,5.56,Bổ sung vitamin C+D canxi Wonderplus#vitaminc #wonderplus #viennhaivi...,vitaminc wonderplus viennhaivi,original sound - bemauxanh.99,Bé Màu Xanh,True,True,True
7512446959949548818,https://www.tiktok.com/@MS4wLjABAAAAdsuFcOjPrzsw0ZdV9dJ926Ho7pioc9om6tM3vxIND75ZEKCwBhVwUDIH5q4iKVvo/video/7512446959949548818,2025-06-05,19,Thu,17,248,10,0,0,2,4.84,Que cay tuổi thơ nhà Đại Long 😋#quecay #quecaydailong #anvatdailong #...,quecay quecaydailong anvatdailong,original sound - luongthingocha,𝐍𝐠𝐚̂𝐧 𝐇𝐚̀ 🍌,True,True,False
7509865604644490504,https://www.tiktok.com/@MS4wLjABAAAAdsuFcOjPrzsw0ZdV9dJ926Ho7pioc9om6tM3vxIND75ZEKCwBhVwUDIH5q4iKVvo/video/7509865604644490504,2025-05-29,20,Thu,44,437,7,1,1,1,2.29,Kho quẹt full topping ăn với cơm là bá cháy 😋#khoquet #khoquetvixua #...,khoquet khoquetvixua,Mai này em sẽ nấu cơm,Lele nè,True,True,True
7509112394468150536,https://www.tiktok.com/@MS4wLjABAAAAdsuFcOjPrzsw0ZdV9dJ926Ho7pioc9om6tM3vxIND75ZEKCwBhVwUDIH5q4iKVvo/video/7509112394468150536,2025-05-27,20,Tue,6,4962,26,1,2,3,0.64,Snack cá viên chiên 😋#snackcavienchien #snack #anvat,snackcavienchien snack anvat,original sound - antitrangkhanzone1,Anti Trang Khàn zone,True,True,False
7508755236341828872,https://www.tiktok.com/@MS4wLjABAAAAdsuFcOjPrzsw0ZdV9dJ926Ho7pioc9om6tM3vxIND75ZEKCwBhVwUDIH5q4iKVvo/video/7508755236341828872,2025-05-26,21,Mon,9,40100000,91600,1555,16500,10600,0.3,Bánh tráng phô mai 🧀 #banhtrang #tiembanhtrangcute #banhtrangphomai #...,banhtrang tiembanhtrangcute banhtrangphomai,original sound - userkskwkw9,Ty bé,True,True,True
7508377778517970183,https://www.tiktok.com/@MS4wLjABAAAAdsuFcOjPrzsw0ZdV9dJ926Ho7pioc9om6tM3vxIND75ZEKCwBhVwUDIH5q4iKVvo/video/7508377778517970183,2025-05-25,20,Sun,40,348,6,0,1,1,2.3,Chân gà mà chấm sốt này thì nhức cái nách 😋#sotcham #chamcathegioi #m...,sotcham chamcathegioi m,original sound - chugiannho,Chú Gián Nhỏ chơi nhạc,True,True,False
7508032552171605256,https://www.tiktok.com/@MS4wLjABAAAAdsuFcOjPrzsw0ZdV9dJ926Ho7pioc9om6tM3vxIND75ZEKCwBhVwUDIH5q4iKVvo/video/7508032552171605256,2025-05-24,22,Sat,12,430,4,0,1,0,1.16,Khô bò miếng 😋#khobo #khobomieng #anvat #ngon,khobo khobomieng anvat ngon,original sound - lilymukbangidols,Lilly🥧🧃,True,True,False
7507637747360812295,https://www.tiktok.com/@MS4wLjABAAAAdsuFcOjPrzsw0ZdV9dJ926Ho7pioc9om6tM3vxIND75ZEKCwBhVwUDIH5q4iKVvo/video/7507637747360812295,2025-05-23,20,Fri,48,5831,44,0,15,2,1.05,Combo que cay Đại Long #anvat#DaiLong #quecay#ngon#chinhhang,anvat DaiLong quecay ngon chinhhang,C u p i d O r i g i n a l,Someone,True,True,True
7507268356190260498,https://www.tiktok.com/@MS4wLjABAAAAdsuFcOjPrzsw0ZdV9dJ926Ho7pioc9om6tM3vxIND75ZEKCwBhVwUDIH5q4iKVvo/video/7507268356190260498,2025-05-22,20,Thu,6,1026,13,1,3,1,1.75,#xoaisaydeo #xoaisay #xoaisaydeomuoiot #xoai #anvat#ngon,xoaisaydeo xoaisay xoaisaydeomuoiot xoai anvat ngon,original sound - lilikween_106,Henry👻,True,True,True
7506904221099363592,https://www.tiktok.com/@MS4wLjABAAAAdsuFcOjPrzsw0ZdV9dJ926Ho7pioc9om6tM3vxIND75ZEKCwBhVwUDIH5q4iKVvo/video/7506904221099363592,2025-05-21,21,Wed,65,576,7,0,4,4,2.6,Nước chấm thần thánh chấm cả thế giới 😋#nuoccham #nuocchamthanthanh #...,nuoccham nuocchamthanthanh,Lemon Cake,さゆみ/sam !,True,True,False
7506523127585721618,https://www.tiktok.com/@MS4wLjABAAAAdsuFcOjPrzsw0ZdV9dJ926Ho7pioc9om6tM3vxIND75ZEKCwBhVwUDIH5q4iKVvo/video/7506523127585721618,2025-05-20,20,Tue,16,837,5,0,0,0,0.6,Bánh tráng 😋#banhtrang #banhtrangtron #banhtrangphomai#anvat,banhtrang banhtrangtron banhtrangphomai anvat,original sound - akhangg08,ahkhang,True,True,True
7506142788900113682,https://www.tiktok.com/@MS4wLjABAAAAdsuFcOjPrzsw0ZdV9dJ926Ho7pioc9om6tM3vxIND75ZEKCwBhVwUDIH5q4iKVvo/video/7506142788900113682,2025-05-19,20,Mon,19,1676,10,0,5,1,0.95,#cocsaydeo #cocsaydeomuoiot #cocsay #anvat#omai,cocsaydeo cocsaydeomuoiot cocsay anvat omai,original sound - chobanhmi2911,chủ lầy tớ láo,True,True,True
7505208243161976082,https://www.tiktok.com/@MS4wLjABAAAAdsuFcOjPrzsw0ZdV9dJ926Ho7pioc9om6tM3vxIND75ZEKCwBhVwUDIH5q4iKVvo/video/7505208243161976082,2025-05-17,7,Sat,27,5303,33,2,4,3,0.79,Bánh tráng😋#banhtrang #banhtrangphomai #anvat#xh,banhtrang banhtrangphomai anvat xh,original sound - user_213_lelinh,khanhlinhh,True,True,True
7505028125068184839,https://www.tiktok.com/@MS4wLjABAAAAdsuFcOjPrzsw0ZdV9dJ926Ho7pioc9om6tM3vxIND75ZEKCwBhVwUDIH5q4iKVvo/video/7505028125068184839,2025-05-16,20,Fri,38,160,3,0,0,0,1.88,Trà búp ổi Mộc Nam 🍵  #trangonoinon #mocnam #trabupoimocnam,trangonoinon mocnam trabupoimocnam,original sound - culuan29071999,☘️1999🎧,True,True,False
7504665742441303303,https://www.tiktok.com/@MS4wLjABAAAAdsuFcOjPrzsw0ZdV9dJ926Ho7pioc9om6tM3vxIND75ZEKCwBhVwUDIH5q4iKVvo/video/7504665742441303303,2025-05-15,20,Thu,7,195,7,0,0,0,3.59,Xiên cá tuổi thơ 😋#xiencatuoitho #xiencay#xiencatamvi #anvattuoitho #...,xiencatuoitho xiencay xiencatamvi anvattuoitho,original sound - callmeabitsh,Đăng gì Flop đó :),True,True,False
7504277966549961992,https://www.tiktok.com/@MS4wLjABAAAAdsuFcOjPrzsw0ZdV9dJ926Ho7pioc9om6tM3vxIND75ZEKCwBhVwUDIH5q4iKVvo/video/7504277966549961992,2025-05-14,19,Wed,60,145,6,0,0,0,4.14,Trái cấy sấy 🍇🍊🍎🍑 #fruitocean #traicaysay #fruitoceantraicaysay #manc...,fruitocean traicaysay fruitoceantraicaysay manc,original sound - beheobu0102,Bé heo bự🐷,True,True,False
7504246148773842183,https://www.tiktok.com/@MS4wLjABAAAAdsuFcOjPrzsw0ZdV9dJ926Ho7pioc9om6tM3vxIND75ZEKCwBhVwUDIH5q4iKVvo/video/7504246148773842183,2025-05-14,17,Wed,44,316,3,0,0,0,0.95,Rong biển trộn cơm 😋#rongbien #rongbientroncom #comnam #comcuon #ngon#,rongbien rongbientroncom comnam comcuon ngon,E L E V E N,.,False,False,
7503897555076697352,https://www.tiktok.com/@MS4wLjABAAAAdsuFcOjPrzsw0ZdV9dJ926Ho7pioc9om6tM3vxIND75ZEKCwBhVwUDIH5q4iKVvo/video/7503897555076697352,2025-05-13,18,Tue,53,132,5,0,1,0,4.55,🥭🥭🥭#xoaáiaydeo#xoaisaydeomuoiot #xoaisay #anvat #unboxing,xoaáiaydeo xoaisaydeomuoiot xoaisay anvat unboxing,original sound - iam.yourtgb,tgb,True,True,False
7503182497656671496,https://www.tiktok.com/@MS4wLjABAAAAdsuFcOjPrzsw0ZdV9dJ926Ho7pioc9om6tM3vxIND75ZEKCwBhVwUDIH5q4iKVvo/video/7503182497656671496,2025-05-11,20,Sun,53,82300,356,4,154,99,0.74,Xiên cá tuổi thơ 😋#xienca #anvattuoitho #anvat #unboxing,xienca anvattuoitho anvat unboxing,E L E V E N,.,True,True,False
7503054483644108040,https://www.tiktok.com/@MS4wLjABAAAAdsuFcOjPrzsw0ZdV9dJ926Ho7pioc9om6tM3vxIND75ZEKCwBhVwUDIH5q4iKVvo/video/7503054483644108040,2025-05-11,12,Sun,9,3911,8,0,1,0,0.23,Matcha latte 🍵#matchalatte #matcha #botmacha #cozy,matchalatte matcha botmacha cozy,matcha latte đọu,đọu,True,True,True
7502772393614576903,https://www.tiktok.com/@MS4wLjABAAAAdsuFcOjPrzsw0ZdV9dJ926Ho7pioc9om6tM3vxIND75ZEKCwBhVwUDIH5q4iKVvo/video/7502772393614576903,2025-05-10,18,Sat,7,2206,8,0,1,0,0.41,Xoài sấy dẻo ngon bổ r.ẻ 49k 300g nè 😋 #xoaisaydeo#xoaisay #xoaisayde...,xoaisaydeo xoaisay xoaisayde,original sound - caucalongthanh2,XD Ngọc Tín Phát,True,True,True
7502419252054379784,https://www.tiktok.com/@MS4wLjABAAAAdsuFcOjPrzsw0ZdV9dJ926Ho7pioc9om6tM3vxIND75ZEKCwBhVwUDIH5q4iKVvo/video/7502419252054379784,2025-05-09,19,Fri,52,1208,9,0,0,1,0.83,Combo 12 gói tặng ngay 3 gói khô bò😋 #khobo #anvat #unboxing #xh #viral,khobo anvat unboxing xh viral,original sound - anytime.livemusic,Anytime,True,True,True
7502023683079261447,https://www.tiktok.com/@MS4wLjABAAAAdsuFcOjPrzsw0ZdV9dJ926Ho7pioc9om6tM3vxIND75ZEKCwBhVwUDIH5q4iKVvo/video/7502023683079261447,2025-05-08,17,Thu,14,2162,11,0,3,0,0.65,Xoài sấy dẻo 🥭🥭🥭#xoaisaydeo #xoaisaydeomuoiot #xoaisay #anvat #ancung...,xoaisaydeo xoaisaydeomuoiot xoaisay anvat ancung,original sound - callmeabitsh,Đăng gì Flop đó :),True,True,True
7501666264947969287,https://www.tiktok.com/@MS4wLjABAAAAdsuFcOjPrzsw0ZdV9dJ926Ho7pioc9om6tM3vxIND75ZEKCwBhVwUDIH5q4iKVvo/video/7501666264947969287,2025-05-07,18,Wed,8,1820,17,0,1,4,1.21,#khobo #khobomieng #ancungtiktok #anvat,khobo khobomieng ancungtiktok anvat,original sound - lilikween_106,Henry👻,True,True,True
7501598631342984455,https://www.tiktok.com/@MS4wLjABAAAAdsuFcOjPrzsw0ZdV9dJ926Ho7pioc9om6tM3vxIND75ZEKCwBhVwUDIH5q4iKVvo/video/7501598631342984455,2025-05-07,14,Wed,47,770,6,0,0,0,0.78,Nay thèm mì cay 🌶️ #micay #misiukay #ancungtiktok #unboxing,micay misiukay ancungtiktok unboxing,original sound - doiquatroioiii,Đói quá chời,True,True,False
7501241472218320136,https://www.tiktok.com/@MS4wLjABAAAAdsuFcOjPrzsw0ZdV9dJ926Ho7pioc9om6tM3vxIND75ZEKCwBhVwUDIH5q4iKVvo/video/7501241472218320136,2025-05-06,15,Tue,54,1473,18,0,0,0,1.22,1 kí snack tá lả giòn giòn chỉ với 70🐠 #snacktala #snack #anvat #bimb...,snacktala snack anvat bimb,original sound - _karin.tt,𖤐⭒๋࣭ ⭑ʀɪɴ,True,True,True
7500935949761694983,https://www.tiktok.com/@MS4wLjABAAAAdsuFcOjPrzsw0ZdV9dJ926Ho7pioc9om6tM3vxIND75ZEKCwBhVwUDIH5q4iKVvo/video/7500935949761694983,2025-05-05,19,Mon,55,3399,29,5,1,0,1.03,Xoài sấy dẻo Hana Nguyễn 🥭#Xoaisaydeo #xoaisaydeohananguyen #hananguy...,Xoaisaydeo xoaisaydeohananguyen hananguy,E L E V E N,.,True,True,True
7500565502113107208,https://www.tiktok.com/@MS4wLjABAAAAdsuFcOjPrzsw0ZdV9dJ926Ho7pioc9om6tM3vxIND75ZEKCwBhVwUDIH5q4iKVvo/video/7500565502113107208,2025-05-04,19,Sun,45,1000000,2824,29,484,323,0.37,Cóc sấy dẻo muối ớt #cocsaydeo #cocsaydeochuacay #anvat #unboxing #an...,cocsaydeo cocsaydeochuacay anvat unboxing an,original sound - anytime.livemusic,Anytime,True,True,True
7500213861014916360,https://www.tiktok.com/@MS4wLjABAAAAdsuFcOjPrzsw0ZdV9dJ926Ho7pioc9om6tM3vxIND75ZEKCwBhVwUDIH5q4iKVvo/video/7500213861014916360,2025-05-03,20,Sat,44,470,8,0,5,0,2.77,Rong biển ăn liền 😋#rongbienanlien #rongbien #rongbientroncom #unboxi...,rongbienanlien rongbien rongbientroncom unboxi,original sound - akhangg08,ahkhang,True,True,True
7499308075237543176,https://www.tiktok.com/@MS4wLjABAAAAdsuFcOjPrzsw0ZdV9dJ926Ho7pioc9om6tM3vxIND75ZEKCwBhVwUDIH5q4iKVvo/video/7499308075237543176,2025-05-01,10,Thu,19,8944,16,0,15,1,0.36,Ô mai cóc sấy dẻo #cocsaydeo #cocdeo #omai #anvat,cocsaydeo cocdeo omai anvat,original sound - antitrangkhanzone1,Anti Trang Khàn zone,True,True,True
7499098931515673864,https://www.tiktok.com/@MS4wLjABAAAAdsuFcOjPrzsw0ZdV9dJ926Ho7pioc9om6tM3vxIND75ZEKCwBhVwUDIH5q4iKVvo/video/7499098931515673864,2025-04-30,20,Wed,40,7709,41,0,3,5,0.64,Chảy nước miếng chưa nè 🤤#khobo #khobomieng #anvat #ngon,khobo khobomieng anvat ngon,original sound - antitrangkhanzone1,Anti Trang Khàn zone,True,True,True
7498641234072833298,https://www.tiktok.com/@MS4wLjABAAAAdsuFcOjPrzsw0ZdV9dJ926Ho7pioc9om6tM3vxIND75ZEKCwBhVwUDIH5q4iKVvo/video/7498641234072833298,2025-04-29,14,Tue,43,329,10,0,1,0,3.34,Cóc dẻo chua thái lát 😋😋😋#cocsaydeo #cocdeochuacay #omai #anvat #unbo...,cocsaydeo cocdeochuacay omai anvat unbo,original sound - snowychaezu,๑ ｡🥣 ♡ 채즈 ♡ 📓 ｡ ๑ ^^,True,True,True
7498358636582800647,https://www.tiktok.com/@MS4wLjABAAAAdsuFcOjPrzsw0ZdV9dJ926Ho7pioc9om6tM3vxIND75ZEKCwBhVwUDIH5q4iKVvo/video/7498358636582800647,2025-04-28,20,Mon,47,1580,8,0,1,3,0.76,Bột đậu nành cải thiện V1  nè 😋#botdaunanhnguyenchat #botdaunanh #cai...,botdaunanhnguyenchat botdaunanh cai,original sound - culuan29071999,☘️1999🎧,True,True,False
7498341501513010440,https://www.tiktok.com/@MS4wLjABAAAAdsuFcOjPrzsw0ZdV9dJ926Ho7pioc9om6tM3vxIND75ZEKCwBhVwUDIH5q4iKVvo/video/7498341501513010440,2025-04-28,19,Mon,57,841,6,0,2,0,0.95,Khô bò miếng đậm vị cay cay😋#khobomieng #khobo #anvat #riview #unboxi...,khobomieng khobo anvat riview unboxi,original sound - _karin.tt,𖤐⭒๋࣭ ⭑ʀɪɴ,True,True,False
7498165625882184978,https://www.tiktok.com/@MS4wLjABAAAAdsuFcOjPrzsw0ZdV9dJ926Ho7pioc9om6tM3vxIND75ZEKCwBhVwUDIH5q4iKVvo/video/7498165625882184978,2025-04-28,8,Mon,22,10900,123,6,23,21,1.59,Kẹo sữa chua hoa quả mix vị 😋#keosuachua #keodeo #keo #anvat #ancungt...,keosuachua keodeo keo anvat ancungt,original sound - chanhao2103,Musica Regis,True,True,False
7497894832803679506,https://www.tiktok.com/@MS4wLjABAAAAdsuFcOjPrzsw0ZdV9dJ926Ho7pioc9om6tM3vxIND75ZEKCwBhVwUDIH5q4iKVvo/video/7497894832803679506,2025-04-27,14,Sun,18,1200000,2369,38,432,241,0.26,Mê cái vị bánh tráng phô mai này quá đi 🤤#banhtrangphomai #banhtrang ...,banhtrangphomai banhtrang,Lemon Cake,さゆみ/sam !,True,True,True
7497837795264810248,https://www.tiktok.com/@MS4wLjABAAAAdsuFcOjPrzsw0ZdV9dJ926Ho7pioc9om6tM3vxIND75ZEKCwBhVwUDIH5q4iKVvo/video/7497837795264810248,2025-04-27,11,Sun,36,3235,9,1,2,1,0.4,"Tai nghe chính hãng chưa đến 200🐠,ngon bổ r.ẻ #tainghechinhhang #jeep...",tainghechinhhang jeep,same,maye ᢉ𐭩,True,True,True
7497795416960879880,https://www.tiktok.com/@MS4wLjABAAAAdsuFcOjPrzsw0ZdV9dJ926Ho7pioc9om6tM3vxIND75ZEKCwBhVwUDIH5q4iKVvo/video/7497795416960879880,2025-04-27,8,Sun,36,7216,18,1,21,2,0.58,Món nh.ậu thơm ngon khô ốc đặc sản Vũng Tàu 😋#khoocmongtay #khooc #da...,khoocmongtay khooc da,original sound - nhamnhamjt,Một chiếc bụng đói,True,True,False
7495024298176957714,https://www.tiktok.com/@MS4wLjABAAAAdsuFcOjPrzsw0ZdV9dJ926Ho7pioc9om6tM3vxIND75ZEKCwBhVwUDIH5q4iKVvo/video/7495024298176957714,2025-04-19,21,Sat,28,29800,406,7,42,57,1.72,Chân gà sốt thái chua chua cay cay 😋#changasotthai #changarutxuong #c...,changasotthai changarutxuong c,D a r a r i,⁎⁺˳⪩ 𝐀𝐲𝐮 ! 🍡៸៸,True,True,True
7494630872084221191,https://www.tiktok.com/@MS4wLjABAAAAdsuFcOjPrzsw0ZdV9dJ926Ho7pioc9om6tM3vxIND75ZEKCwBhVwUDIH5q4iKVvo/video/7494630872084221191,2025-04-18,19,Fri,36,1226,11,0,3,2,1.31,Khô ốc m.óng tay đặc sản Vũng Tàu cả nhà đã thử chưa 😋#khoocmongtay #...,khoocmongtay,original sound - akhangg08,ahkhang,True,True,False
7494506776193174791,https://www.tiktok.com/@MS4wLjABAAAAdsuFcOjPrzsw0ZdV9dJ926Ho7pioc9om6tM3vxIND75ZEKCwBhVwUDIH5q4iKVvo/video/7494506776193174791,2025-04-18,11,Fri,49,1487,12,1,1,0,0.94,+1 rong biển ăn liền siêu tốn cơm 🤤#rongbien #rongbienanlien #rongbie...,rongbien rongbienanlien rongbie,original sound - chobanhmi2911,chủ lầy tớ láo,True,True,False
7494257531720584455,https://www.tiktok.com/@MS4wLjABAAAAdsuFcOjPrzsw0ZdV9dJ926Ho7pioc9om6tM3vxIND75ZEKCwBhVwUDIH5q4iKVvo/video/7494257531720584455,2025-04-17,19,Thu,57,404,30,1,0,1,7.92,Mukbang nem nướng nha 😋#nemnuong #mukbang #ancathegioi #ngonngon #anv...,nemnuong mukbang ancathegioi ngonngon anv,E L E V E N,.,True,False,False
7494162132951387410,https://www.tiktok.com/@MS4wLjABAAAAdsuFcOjPrzsw0ZdV9dJ926Ho7pioc9om6tM3vxIND75ZEKCwBhVwUDIH5q4iKVvo/video/7494162132951387410,2025-04-17,13,Thu,22,413,7,0,2,0,2.18,Nhăm nhăm 😋#xoaisaydeo #xoaisay #xoaisaymuoiot #anvat #viral #xh,xoaisaydeo xoaisay xoaisaymuoiot anvat viral xh,original sound - nhamnhamjt,Một chiếc bụng đói,True,True,False
7493860926215572744,https://www.tiktok.com/@MS4wLjABAAAAdsuFcOjPrzsw0ZdV9dJ926Ho7pioc9om6tM3vxIND75ZEKCwBhVwUDIH5q4iKVvo/video/7493860926215572744,2025-04-16,17,Wed,60,3269,16,2,0,2,0.61,Cứ bị mê món xoài này ý 😋🥭😋#xoaisaydeo #xoaisaymuoiot #xoaisay #anvat...,xoaisaydeo xoaisaymuoiot xoaisay anvat,original sound - rapzone.channel,Rap Zone 🔥,True,True,True
7493693806420839688,https://www.tiktok.com/@MS4wLjABAAAAdsuFcOjPrzsw0ZdV9dJ926Ho7pioc9om6tM3vxIND75ZEKCwBhVwUDIH5q4iKVvo/video/7493693806420839688,2025-04-16,6,Wed,26,4341,20,3,4,2,0.67,Combo 10 chân gà tứ xuyên chỉ 45 🐟🫨🫨🫨#changa #changatuxuyen #anvat #u...,changa changatuxuyen anvat u,original sound - diemphatnhac,điểm phát nhạc,True,True,False
7492404908210146578,https://www.tiktok.com/@MS4wLjABAAAAdsuFcOjPrzsw0ZdV9dJ926Ho7pioc9om6tM3vxIND75ZEKCwBhVwUDIH5q4iKVvo/video/7492404908210146578,2025-04-12,19,Sat,21,3906,12,0,0,1,0.33,Túi thạch dừa 1kg chỉ 20🐟 #thachdua#thachdua1kg #anvat #xh #viral,thachdua thachdua1kg anvat xh viral,original sound - buon_.quadi,ai hoi.,True,True,False
7492388476244069640,https://www.tiktok.com/@MS4wLjABAAAAdsuFcOjPrzsw0ZdV9dJ926Ho7pioc9om6tM3vxIND75ZEKCwBhVwUDIH5q4iKVvo/video/7492388476244069640,2025-04-12,18,Sat,30,932,6,0,1,0,0.75,Đùi vịt cay tứ xuyên 😋#duivitcaytuxuyen #unboxing #anvat #xh #viral,duivitcaytuxuyen unboxing anvat xh viral,E L E V E N,.,True,True,True
7492254799065320712,https://www.tiktok.com/@MS4wLjABAAAAdsuFcOjPrzsw0ZdV9dJ926Ho7pioc9om6tM3vxIND75ZEKCwBhVwUDIH5q4iKVvo/video/7492254799065320712,2025-04-12,9,Sat,39,1476,12,0,2,1,1.02,Thạch dừa phiên bản 1 kí lô 😋#thachdua1kg #thachdua #unboxing #anvat ...,thachdua1kg thachdua unboxing anvat,original sound - culuan29071999,☘️1999🎧,True,True,False
7492031949196758280,https://www.tiktok.com/@MS4wLjABAAAAdsuFcOjPrzsw0ZdV9dJ926Ho7pioc9om6tM3vxIND75ZEKCwBhVwUDIH5q4iKVvo/video/7492031949196758280,2025-04-11,19,Fri,50,2318,15,2,1,0,0.78,Nhon nhon🥭🥭🥭#xoaisaydeo #xoaisaydeomuoiot #xoai #anvat #unboxing #rivew,xoaisaydeo xoaisaydeomuoiot xoai anvat unboxing rivew,E L E V E N,.,True,True,True
7491822186349481234,https://www.tiktok.com/@MS4wLjABAAAAdsuFcOjPrzsw0ZdV9dJ926Ho7pioc9om6tM3vxIND75ZEKCwBhVwUDIH5q4iKVvo/video/7491822186349481234,2025-04-11,5,Fri,88,290,14,0,0,0,4.83,Ăn một bát bún chả và lắng nghe âm thanh nhộn nhịp buổi sáng Hà Nội 😋...,,Animal baby,上野燿,False,False,False
7491713598415244562,https://www.tiktok.com/@MS4wLjABAAAAdsuFcOjPrzsw0ZdV9dJ926Ho7pioc9om6tM3vxIND75ZEKCwBhVwUDIH5q4iKVvo/video/7491713598415244562,2025-04-10,22,Thu,124,809,6,1,0,1,0.99,Xoài sấy dẻo 🥭🥭🥭#xoaisaydeo #xoai#anvat,xoaisaydeo xoai anvat,original sound - beheobu0102,Bé heo bự🐷,True,True,True
7491278816250268946,https://www.tiktok.com/@MS4wLjABAAAAdsuFcOjPrzsw0ZdV9dJ926Ho7pioc9om6tM3vxIND75ZEKCwBhVwUDIH5q4iKVvo/video/7491278816250268946,2025-04-09,18,Wed,110,5493,13,1,1,0,0.27,Matcha latte đơn giản tại nhà🍵#matchalatte #matchacozy #matcha,matchalatte matchacozy matcha,Acoustic guitar live performance Gentle and nimble in nature(1007339),Melonest,False,True,True
7490710692849306898,https://www.tiktok.com/@MS4wLjABAAAAdsuFcOjPrzsw0ZdV9dJ926Ho7pioc9om6tM3vxIND75ZEKCwBhVwUDIH5q4iKVvo/video/7490710692849306898,2025-04-08,6,Tue,15,6743,48,1,6,3,0.86,😋😋😋,,original sound - chanhao2103,Musica Regis,True,True,False
7490550573909937415,https://www.tiktok.com/@MS4wLjABAAAAdsuFcOjPrzsw0ZdV9dJ926Ho7pioc9om6tM3vxIND75ZEKCwBhVwUDIH5q4iKVvo/video/7490550573909937415,2025-04-07,19,Mon,17,265,6,0,0,0,2.26,Bánh mì tươi otto nhà Phạm Nguyên🥐 #banhmiotto #phamnguyen #banhmi #u...,banhmiotto phamnguyen banhmi u,พี่ชอบหนูที่สุดเลย (I Like You The Most) (Speed Up),PONCHET,False,True,True
7490472388048538935,https://www.tiktok.com/@MS4wLjABAAAAdsuFcOjPrzsw0ZdV9dJ926Ho7pioc9om6tM3vxIND75ZEKCwBhVwUDIH5q4iKVvo/video/7490472388048538935,2025-04-07,14,Mon,19,477,5,0,0,0,1.05,Xoài sấy dẻo Deluxnuts 🥭 🥭 🥭 #xoaisaydeo #deluxnuts #xoai #anvat #unb...,xoaisaydeo deluxnuts xoai anvat unb,original sound - buon_.quadi,ai hoi.,True,True,True
7490169706133998853,https://www.tiktok.com/@MS4wLjABAAAAdsuFcOjPrzsw0ZdV9dJ926Ho7pioc9om6tM3vxIND75ZEKCwBhVwUDIH5q4iKVvo/video/7490169706133998853,2025-04-06,19,Sun,23,892,9,2,3,2,1.79,Chân gà tứ xuyên chỉ 5k 1 chiếc 😋😋😋#changa #changatuxuyen #ngon #anva...,changa changatuxuyen ngon anva,original sound - akhangg08,ahkhang,True,True,False
7489420444752203013,https://www.tiktok.com/@MS4wLjABAAAAdsuFcOjPrzsw0ZdV9dJ926Ho7pioc9om6tM3vxIND75ZEKCwBhVwUDIH5q4iKVvo/video/7489420444752203013,2025-04-04,18,Fri,40,97,5,0,0,0,5.15,Chân gà gì chưa các người đẹp😋#mukbang#changa,mukbang changa,original sound - yowkiies,⁎⁺˳⪩ 𝐀𝐲𝐮 ! 🍡៸៸,True,True,False
7488694968245046534,https://www.tiktok.com/@MS4wLjABAAAAdsuFcOjPrzsw0ZdV9dJ926Ho7pioc9om6tM3vxIND75ZEKCwBhVwUDIH5q4iKVvo/video/7488694968245046534,2025-04-02,19,Wed,21,3125,17,0,15,2,1.09,Ăn vặt tuổi thơ Hổ kaka😋😋#anvat #tuoitho#anvattuoitho #rivew #ngon #u...,anvat tuoitho anvattuoitho rivew ngon u,original sound - akhangg08,ahkhang,True,True,False
7488565633425165623,https://www.tiktok.com/@MS4wLjABAAAAdsuFcOjPrzsw0ZdV9dJ926Ho7pioc9om6tM3vxIND75ZEKCwBhVwUDIH5q4iKVvo/video/7488565633425165623,2025-04-02,11,Wed,210,21300,46,6,0,3,0.26,Mukbang chân gà lúc nửa đêm 😋😋😋#changa #changaheyyo #changatecay #ngo...,changa changaheyyo changatecay ngo,original sound - beheobu0102,Bé heo bự🐷,True,True,True
7488314406422580486,https://www.tiktok.com/@MS4wLjABAAAAdsuFcOjPrzsw0ZdV9dJ926Ho7pioc9om6tM3vxIND75ZEKCwBhVwUDIH5q4iKVvo/video/7488314406422580486,2025-04-01,19,Tue,43,14500,75,0,27,9,0.77,"Chân gà Hey yo tê cay ,tê tái vị giác 😋😋😋#changa #changaheyyo #changa...",changa changaheyyo changa,original sound - akhangg08,ahkhang,True,True,False
7487206549224459526,https://www.tiktok.com/@MS4wLjABAAAAdsuFcOjPrzsw0ZdV9dJ926Ho7pioc9om6tM3vxIND75ZEKCwBhVwUDIH5q4iKVvo/video/7487206549224459526,2025-03-29,19,Sat,36,53800,466,14,113,50,1.2,Cay cay Hằng Đại 😋😋😋#caycay #hangdai #anvat #ngon #unboxing #viral #a...,caycay hangdai anvat ngon unboxing viral a,original sound - akhangg08,ahkhang,True,True,False
7486824034831781125,https://www.tiktok.com/@MS4wLjABAAAAdsuFcOjPrzsw0ZdV9dJ926Ho7pioc9om6tM3vxIND75ZEKCwBhVwUDIH5q4iKVvo/video/7486824034831781125,2025-03-28,18,Fri,26,455,5,0,0,0,1.1,Hạt dinh dưỡng mix vị ăn dính lám nhen#hatmixvi #hatmixvidinhduong #a...,hatmixvi hatmixvidinhduong a,original sound - anytime.livemusic,Anytime,True,True,False
7485367979799104786,https://www.tiktok.com/@MS4wLjABAAAAdsuFcOjPrzsw0ZdV9dJ926Ho7pioc9om6tM3vxIND75ZEKCwBhVwUDIH5q4iKVvo/video/7485367979799104786,2025-03-24,20,Mon,10,10400,12,3,1,2,0.17,Bánh tráng mix vị combo9 bịch 79 cá 🐠 #banhtrang #review #ngon #banht...,banhtrang review ngon banht,original sound - dulihouse.com,dulihouse,True,True,True
7484916540349910279,https://www.tiktok.com/@MS4wLjABAAAAdsuFcOjPrzsw0ZdV9dJ926Ho7pioc9om6tM3vxIND75ZEKCwBhVwUDIH5q4iKVvo/video/7484916540349910279,2025-03-23,15,Sun,6,2017,10,1,5,0,0.79,Matcha latte phiên bản 500ml 😋😋😋#matcha #matchalatte #antamvuisam #bo...,matcha matchalatte antamvuisam bo,matcha latte đọu,đọu,True,True,True
7484604391773998354,https://www.tiktok.com/@MS4wLjABAAAAdsuFcOjPrzsw0ZdV9dJ926Ho7pioc9om6tM3vxIND75ZEKCwBhVwUDIH5q4iKVvo/video/7484604391773998354,2025-03-22,19,Sat,41,2185,27,1,2,4,1.56,Matcha latte tại nhà đơn giản ngon bổ rẻ nha 🍵 😋#matcha #matchalatte ...,matcha matchalatte,original sound - rapzone.channel,Rap Zone 🔥,True,True,False
7484260685006851346,https://www.tiktok.com/@MS4wLjABAAAAdsuFcOjPrzsw0ZdV9dJ926Ho7pioc9om6tM3vxIND75ZEKCwBhVwUDIH5q4iKVvo/video/7484260685006851346,2025-03-21,20,Fri,22,3618,16,2,1,2,0.58,Combo 2 gói bánh phô mai 600g siêu cuốn 😋😋😋#banhtrang #banhtrangphoma...,banhtrang banhtrangphoma,original sound - anytime.livemusic,Anytime,True,True,True
7483960516491169032,https://www.tiktok.com/@MS4wLjABAAAAdsuFcOjPrzsw0ZdV9dJ926Ho7pioc9om6tM3vxIND75ZEKCwBhVwUDIH5q4iKVvo/video/7483960516491169032,2025-03-21,1,Fri,15,160,4,0,0,0,2.5,Bánh tráng phô mai 🧀 🧀🧀#banhtrangphomai #banhtrang #anvat #review #re...,banhtrangphomai banhtrang anvat review re,original sound - antitrangkhanzone1,Anti Trang Khàn zone,True,True,True
7483862731905338632,https://www.tiktok.com/@MS4wLjABAAAAdsuFcOjPrzsw0ZdV9dJ926Ho7pioc9om6tM3vxIND75ZEKCwBhVwUDIH5q4iKVvo/video/7483862731905338632,2025-03-20,19,Thu,15,201,4,0,0,0,1.99,Bánh tráng phô mai 🧀😋 #banhtrangphomai#banhtrang #anvat #mixvi #revie...,banhtrangphomai banhtrang anvat mixvi revie,original sound - antitrangkhanzone1,Anti Trang Khàn zone,True,True,False
7483494276731636999,https://www.tiktok.com/@MS4wLjABAAAAdsuFcOjPrzsw0ZdV9dJ926Ho7pioc9om6tM3vxIND75ZEKCwBhVwUDIH5q4iKVvo/video/7483494276731636999,2025-03-19,19,Wed,40,5045,34,1,3,2,0.79,Cá khô giã ớt Tây Bắc tốn cơm lắm nha 🐠#cakhogiatoiot #ngon #unboxing...,cakhogiatoiot ngon unboxing,same,maye ᢉ𐭩,True,True,False
7483130355483184402,https://www.tiktok.com/@MS4wLjABAAAAdsuFcOjPrzsw0ZdV9dJ926Ho7pioc9om6tM3vxIND75ZEKCwBhVwUDIH5q4iKVvo/video/7483130355483184402,2025-03-18,19,Tue,34,859,8,1,1,0,1.16,Combo 9bịch bánh tráng mix vị cho các nàng mê nha 🤗 #banhtrang #anvat...,banhtrang anvat,original sound - antitrangkhanzone1,Anti Trang Khàn zone,True,True,False
7483002045402778888,https://www.tiktok.com/@MS4wLjABAAAAdsuFcOjPrzsw0ZdV9dJ926Ho7pioc9om6tM3vxIND75ZEKCwBhVwUDIH5q4iKVvo/video/7483002045402778888,2025-03-18,11,Tue,35,241,4,0,0,1,2.07,"Xoài sấy thăng hoa ,giòn tan 🥭🥭🥭#xoaisay #xoaisaythanghoa #ngon #anva...",xoaisay xoaisaythanghoa ngon anva,original sound - louispham_203,Louispnp203,True,False,False
7482764542234103048,https://www.tiktok.com/@MS4wLjABAAAAdsuFcOjPrzsw0ZdV9dJ926Ho7pioc9om6tM3vxIND75ZEKCwBhVwUDIH5q4iKVvo/video/7482764542234103048,2025-03-17,20,Mon,43,1244,12,0,0,0,0.96,Hạt dẻ siêu to ngon quãi 🫨🫨🫨#hatde #ngon#unboxing #review #anvat,hatde ngon unboxing review anvat,original sound - akhangg08,ahkhang,True,True,True
7482037265158425863,https://www.tiktok.com/@MS4wLjABAAAAdsuFcOjPrzsw0ZdV9dJ926Ho7pioc9om6tM3vxIND75ZEKCwBhVwUDIH5q4iKVvo/video/7482037265158425863,2025-03-15,21,Sat,26,334,4,0,0,0,1.2,Combo 2 bat 2 thìa cute hạt me 😝#unboxing #bat #cute#review,unboxing bat cute review,same,maye ᢉ𐭩,True,True,False
7482013648853011720,https://www.tiktok.com/@MS4wLjABAAAAdsuFcOjPrzsw0ZdV9dJ926Ho7pioc9om6tM3vxIND75ZEKCwBhVwUDIH5q4iKVvo/video/7482013648853011720,2025-03-15,19,Sat,54,321,5,0,0,0,1.56,"Bữa sáng tiện lợi ,đầy đủ dinh dưỡng cùng bánh mì mix vị Otto Box 🍞 #...",,original sound - anytime.livemusic,Anytime,True,True,True
7481671426735426824,https://www.tiktok.com/@MS4wLjABAAAAdsuFcOjPrzsw0ZdV9dJ926Ho7pioc9om6tM3vxIND75ZEKCwBhVwUDIH5q4iKVvo/video/7481671426735426824,2025-03-14,21,Fri,61,161,2,0,0,0,1.24,Công thức dưỡng trắng da cùng Triệu Lộ Tư nha 🫶#tra #trachanhdaykimqu...,tra trachanhdaykimqu,original sound - tiemtraannhien_official,Tiệm Trà An Nhiên,True,True,False
7480927026728226055,https://www.tiktok.com/@MS4wLjABAAAAdsuFcOjPrzsw0ZdV9dJ926Ho7pioc9om6tM3vxIND75ZEKCwBhVwUDIH5q4iKVvo/video/7480927026728226055,2025-03-12,21,Wed,77,885,16,0,1,3,2.26,Trà sữa tại nhà chỉ với 49k đủ vị nha 😋 #trasua #trasuatranchau #ngon...,trasua trasuatranchau ngon,original sound - culuan29071999,☘️1999🎧,True,True,False
7480528608323226888,https://www.tiktok.com/@MS4wLjABAAAAdsuFcOjPrzsw0ZdV9dJ926Ho7pioc9om6tM3vxIND75ZEKCwBhVwUDIH5q4iKVvo/video/7480528608323226888,2025-03-11,19,Tue,24,55600,173,10,109,35,0.59,Snack cá viên chiên giòn giòn thơm ngon 😋#snack #bimbim #ngon #anvat ...,snack bimbim ngon anvat,original sound - userkskwkw9,Ty bé,True,True,False
7480418137008049416,https://www.tiktok.com/@MS4wLjABAAAAdsuFcOjPrzsw0ZdV9dJ926Ho7pioc9om6tM3vxIND75ZEKCwBhVwUDIH5q4iKVvo/video/7480418137008049416,2025-03-11,12,Tue,36,3394,48,0,8,2,1.71,Lạp xưởng nướng đá tại nhà chỉ 10cành 1 chiếc 😋😋😋#lapxuong #lapxuongn...,lapxuong lapxuongn,original sound - bossnews.official,BOSS NEWS 📮,True,True,False
7480179456049450258,https://www.tiktok.com/@MS4wLjABAAAAdsuFcOjPrzsw0ZdV9dJ926Ho7pioc9om6tM3vxIND75ZEKCwBhVwUDIH5q4iKVvo/video/7480179456049450258,2025-03-10,20,Mon,72,359,17,2,0,0,5.29,Mukbang gà ủ muối nha người đẹp 😋#gaumuoi #mukbang #ngon #anvat #ancu...,gaumuoi mukbang ngon anvat ancu,蜜桃物语,仁辰 & 于行,False,False,False
7479818564371844370,https://www.tiktok.com/@MS4wLjABAAAAdsuFcOjPrzsw0ZdV9dJ926Ho7pioc9om6tM3vxIND75ZEKCwBhVwUDIH5q4iKVvo/video/7479818564371844370,2025-03-09,21,Sun,55,6316,19,0,3,5,0.43,Snack bạch tuộc nướng #bimbim#anvat #ngon #ancungtiktok #xh,bimbim anvat ngon ancungtiktok xh,C u p i d O r i g i n a l,Someone,True,True,True
7479416692712410376,https://www.tiktok.com/@MS4wLjABAAAAdsuFcOjPrzsw0ZdV9dJ926Ho7pioc9om6tM3vxIND75ZEKCwBhVwUDIH5q4iKVvo/video/7479416692712410376,2025-03-08,19,Sat,40,1872,23,1,3,3,1.6,Bánh nấm socola😋#socola #anvat #ngon #xh #banh,socola anvat ngon xh banh,original sound - doiquatroioiii,Đói quá chời,True,False,False
7479043914247179538,https://www.tiktok.com/@MS4wLjABAAAAdsuFcOjPrzsw0ZdV9dJ926Ho7pioc9om6tM3vxIND75ZEKCwBhVwUDIH5q4iKVvo/video/7479043914247179538,2025-03-07,19,Fri,76,222,6,0,0,0,2.7,Chảy nước miếng chưa mấy bà 😋#xoailacmuoiot #anvat #ngon #qua #xh,xoailacmuoiot anvat ngon qua xh,original sound - culuan29071999,☘️1999🎧,True,True,False
7478683305102052615,https://www.tiktok.com/@MS4wLjABAAAAdsuFcOjPrzsw0ZdV9dJ926Ho7pioc9om6tM3vxIND75ZEKCwBhVwUDIH5q4iKVvo/video/7478683305102052615,2025-03-06,20,Thu,48,6326,76,3,4,10,1.47,Ai mê chân gà như tui hem 😋#changa #changatuxuyen #unboxing #xh #anvat,changa changatuxuyen unboxing xh anvat,original sound - anytime.livemusic,Anytime,True,True,False
7478194347935059208,https://www.tiktok.com/@MS4wLjABAAAAdsuFcOjPrzsw0ZdV9dJ926Ho7pioc9om6tM3vxIND75ZEKCwBhVwUDIH5q4iKVvo/video/7478194347935059208,2025-03-05,12,Wed,39,165,22,1,0,1,14.55,Bữa cơm nhà đơn gian ❤️#ngon #comnha,ngon comnha,Đến Giờ Cơm,Forest Studio & Ái Phương,False,False,False
7477939535305903367,https://www.tiktok.com/@MS4wLjABAAAAdsuFcOjPrzsw0ZdV9dJ926Ho7pioc9om6tM3vxIND75ZEKCwBhVwUDIH5q4iKVvo/video/7477939535305903367,2025-03-04,20,Tue,47,4032,14,1,6,1,0.55,Thạch dừa tuổi thơ mát lành ngày hè 😋#unboxing #thachdua #ngon #xh,unboxing thachdua ngon xh,original sound - anhhangxom86,Anh Hàng Xóm,True,True,False
7477904983640345863,https://www.tiktok.com/@MS4wLjABAAAAdsuFcOjPrzsw0ZdV9dJ926Ho7pioc9om6tM3vxIND75ZEKCwBhVwUDIH5q4iKVvo/video/7477904983640345863,2025-03-04,17,Tue,65,145,7,2,0,0,6.21,Cơm nước gì chưa người đẹp #ngon #banh#xh,ngon banh xh,恋爱频率,Sasablue,False,False,False
7477810925353929991,https://www.tiktok.com/@MS4wLjABAAAAdsuFcOjPrzsw0ZdV9dJ926Ho7pioc9om6tM3vxIND75ZEKCwBhVwUDIH5q4iKVvo/video/7477810925353929991,2025-03-04,11,Tue,37,1502,10,0,2,0,0.8,hương vị tuổi thơ snack cánh gà ngon bá cháy 🤤#unboxing #anvattuoitho...,unboxing anvattuoitho,original sound - july_09_th,Gái đẹp nóng tính,True,True,False
7477574663401409810,https://www.tiktok.com/@MS4wLjABAAAAdsuFcOjPrzsw0ZdV9dJ926Ho7pioc9om6tM3vxIND75ZEKCwBhVwUDIH5q4iKVvo/video/7477574663401409810,2025-03-03,20,Mon,30,447,16,3,3,1,5.15,Mukbang dâu tây 🍓 cùng mình nhé 😋#mukbangs #dautay🍓 #anvat #ngon #hoa...,mukbangs dautay anvat ngon hoa,original sound - skysunshine213,Bồ Công Anh🍀,True,False,False
7477555223867968776,https://www.tiktok.com/@MS4wLjABAAAAdsuFcOjPrzsw0ZdV9dJ926Ho7pioc9om6tM3vxIND75ZEKCwBhVwUDIH5q4iKVvo/video/7477555223867968776,2025-03-03,19,Mon,39,1333,13,2,0,0,1.13,Mukbang chân gà bà Tuyết 😋#mukbangs #changarutxuong #changabatuyet #n...,mukbangs changarutxuong changabatuyet n,original sound - bossnews.official,BOSS NEWS 📮,True,True,False
7477376607905189138,https://www.tiktok.com/@MS4wLjABAAAAdsuFcOjPrzsw0ZdV9dJ926Ho7pioc9om6tM3vxIND75ZEKCwBhVwUDIH5q4iKVvo/video/7477376607905189138,2025-03-03,7,Mon,62,550,46,1,4,0,9.27,Mỳ cay gì chưa người đẹp 🫨#mycay #my #ngon,mycay my ngon,Ghệ Mới - B Ray Ver,B Ray,False,False,False
7477184466822188306,https://www.tiktok.com/@MS4wLjABAAAAdsuFcOjPrzsw0ZdV9dJ926Ho7pioc9om6tM3vxIND75ZEKCwBhVwUDIH5q4iKVvo/video/7477184466822188306,2025-03-02,19,Sun,26,241,5,0,1,0,2.49,Hương vị giống hổ kakaka ý cả nhà 🤤thử ngay nhé #unboxing #anvat #que...,unboxing anvat que,24_7 speed up,1x4everr,True,True,False
7477095688547994887,https://www.tiktok.com/@MS4wLjABAAAAdsuFcOjPrzsw0ZdV9dJ926Ho7pioc9om6tM3vxIND75ZEKCwBhVwUDIH5q4iKVvo/video/7477095688547994887,2025-03-02,13,Sun,34,9697,59,0,13,6,0.8,Snack khoai tây giòn dụm🤤#unboxing #bimbim #snack #anvat #viral #xhhh...,unboxing bimbim snack anvat viral xhhh,original sound - hellodituyet,ﾟ°☆Diye hay mắc cỡ☆° ﾟ,True,True,False
7476809139344264466,https://www.tiktok.com/@MS4wLjABAAAAdsuFcOjPrzsw0ZdV9dJ926Ho7pioc9om6tM3vxIND75ZEKCwBhVwUDIH5q4iKVvo/video/7476809139344264466,2025-03-01,18,Sat,36,12400,52,2,5,5,0.52,Bánh trứng DOHA 🤤#unboxing #anvat #banhtrung #xh #viral,unboxing anvat banhtrung xh viral,original sound - yowkiies,⁎⁺˳⪩ 𝐀𝐲𝐮 ! 🍡៸៸,True,True,True
7468551766112505095,https://www.tiktok.com/@MS4wLjABAAAAdsuFcOjPrzsw0ZdV9dJ926Ho7pioc9om6tM3vxIND75ZEKCwBhVwUDIH5q4iKVvo/video/7468551766112505095,2025-02-07,12,Fri,22,205,5,0,0,0,2.44,Ví xinh #vinu #unboxing #xuhuong #xhhhhhhhhhhhhhhhhhhhhhhh 🥹,vinu unboxing xuhuong xhhhhhhhhhhhhhhhhhhhhhhh,original sound - dhninawonderland,dhn,True,True,False
7446782922104884488,https://www.tiktok.com/@MS4wLjABAAAAdsuFcOjPrzsw0ZdV9dJ926Ho7pioc9om6tM3vxIND75ZEKCwBhVwUDIH5q4iKVvo/video/7446782922104884488,2024-12-10,21,Tue,40,609,9,0,0,0,1.48,Bánh trung thu trái mùa 🤤#banhtrungthu #lamthuy #unboxing ##anvat #xu...,banhtrungthu lamthuy unboxing anvat xu, Yêu Là Cưới (DJ Đại Mèo Remix),Phát Hồ,False,True,False
7446037262107823368,https://www.tiktok.com/@MS4wLjABAAAAdsuFcOjPrzsw0ZdV9dJ926Ho7pioc9om6tM3vxIND75ZEKCwBhVwUDIH5q4iKVvo/video/7446037262107823368,2024-12-08,20,Sun,12,820,7,0,1,1,1.1,Mlem mlem 🤤 #banhtrang #satetom #unboxing #anvat #xuhuongtiktok,banhtrang satetom unboxing anvat xuhuongtiktok,original sound - callmeabitsh,Đăng gì Flop đó :),True,True,False
7445292728898080007,https://www.tiktok.com/@MS4wLjABAAAAdsuFcOjPrzsw0ZdV9dJ926Ho7pioc9om6tM3vxIND75ZEKCwBhVwUDIH5q4iKVvo/video/7445292728898080007,2024-12-06,20,Fri,16,713,4,0,3,0,0.98,Ngon ngon#banhtrang #satetom #phomai #unboxing #anvat #xuhuongtiktok,banhtrang satetom phomai unboxing anvat xuhuongtiktok,original sound - sontrinhtrinh,Trình Trình,True,True,False
7444912715962928392,https://www.tiktok.com/@MS4wLjABAAAAdsuFcOjPrzsw0ZdV9dJ926Ho7pioc9om6tM3vxIND75ZEKCwBhVwUDIH5q4iKVvo/video/7444912715962928392,2024-12-05,20,Thu,27,9458,48,2,4,3,0.6,Báng tráng 1k 😋#banhtrang#phomai#unboxing #anvat,banhtrang phomai unboxing anvat,original sound - user_213_lelinh,khanhlinhh,True,True,False
7444175499514957064,https://www.tiktok.com/@MS4wLjABAAAAdsuFcOjPrzsw0ZdV9dJ926Ho7pioc9om6tM3vxIND75ZEKCwBhVwUDIH5q4iKVvo/video/7444175499514957064,2024-12-03,20,Tue,42,4863,27,3,4,4,0.78,Kẹo bắp nhân chảy #dailong #keodeo #keotraicay #unboxing #anvat #food...,dailong keodeo keotraicay unboxing anvat food,Magnetic Meme Mashup,Martin,True,True,False
7443803150449970450,https://www.tiktok.com/@MS4wLjABAAAAdsuFcOjPrzsw0ZdV9dJ926Ho7pioc9om6tM3vxIND75ZEKCwBhVwUDIH5q4iKVvo/video/7443803150449970450,2024-12-02,20,Mon,59,355,5,3,0,0,2.25,Combo bánh tráng Paco food 😋chỉ xx ngon xỉu🤗#banhtrangbo #banhtrangph...,banhtrangbo banhtrangph,original sound - cwitieesofty,๑˙❥✿𝖼ω𝗂𝗍𝗂𝖾𝗌ⱺ𝖿𝗍𝗒✿๑˙,True,True,False
7443066643875515666,https://www.tiktok.com/@MS4wLjABAAAAdsuFcOjPrzsw0ZdV9dJ926Ho7pioc9om6tM3vxIND75ZEKCwBhVwUDIH5q4iKVvo/video/7443066643875515666,2024-11-30,20,Sat,57,821,15,0,0,2,2.07,Đùi gà mix 7 vị Bà Tuyết 😋tính kiếm 2 củ ăn tết mà khó quá 🥹#ancungba...,ancungba,แจกเสียงไว้ทำvlog,⋅˚₊‧ ୨ 𝒎𝒎𝒊𝒊 ୧ ‧₊˚ ⋅,True,True,False
7441946903308242194,https://www.tiktok.com/@MS4wLjABAAAAdsuFcOjPrzsw0ZdV9dJ926Ho7pioc9om6tM3vxIND75ZEKCwBhVwUDIH5q4iKVvo/video/7441946903308242194,2024-11-27,20,Wed,74,424,8,0,0,0,1.89,Kẹo tết này có gì 😋#keotet #keonhapkhau#keocafe #banhquy#rivewfood #u...,keotet keonhapkhau keocafe banhquy rivewfood u,original sound - yowkiies,⁎⁺˳⪩ 𝐀𝐲𝐮 ! 🍡៸៸,True,True,False
7439716694978727175,https://www.tiktok.com/@MS4wLjABAAAAdsuFcOjPrzsw0ZdV9dJ926Ho7pioc9om6tM3vxIND75ZEKCwBhVwUDIH5q4iKVvo/video/7439716694978727175,2024-11-21,20,Thu,19,686,8,0,3,0,1.6,Xoài sấy dẻo #xoaisaydeo #zendafood#rivewfood #unboxing #anvat,xoaisaydeo zendafood rivewfood unboxing anvat,Lemon Cake,さゆみ/sam !,True,True,False
7439349137323085074,https://www.tiktok.com/@MS4wLjABAAAAdsuFcOjPrzsw0ZdV9dJ926Ho7pioc9om6tM3vxIND75ZEKCwBhVwUDIH5q4iKVvo/video/7439349137323085074,2024-11-20,20,Wed,60,263,16,1,0,4,7.98,Kẹo dẻo trái cây bóc vỏ BOBO 🫨#keodeo #keodeobocvo #bobo #rivewfood #...,keodeo keodeobocvo bobo rivewfood,G o o d p a r t s,Someone,True,True,False
7437863013526326535,https://www.tiktok.com/@MS4wLjABAAAAdsuFcOjPrzsw0ZdV9dJ926Ho7pioc9om6tM3vxIND75ZEKCwBhVwUDIH5q4iKVvo/video/7437863013526326535,2024-11-16,20,Sat,67,19300,233,25,32,23,1.62,Burger táo đỏ QuangLinh food 🤤chảy nước miếng 🥹#quanglinhfood #taodo#...,quanglinhfood taodo,APT.,ROSÉ & Bruno Mars,False,False,False
7436751682924514567,https://www.tiktok.com/@MS4wLjABAAAAdsuFcOjPrzsw0ZdV9dJ926Ho7pioc9om6tM3vxIND75ZEKCwBhVwUDIH5q4iKVvo/video/7436751682924514567,2024-11-13,20,Wed,31,880,7,0,0,0,0.8,#banhtrang#anvat #rivewfood #unboxing#xuhuong,banhtrang anvat rivewfood unboxing xuhuong,original sound - yowkiies,⁎⁺˳⪩ 𝐀𝐲𝐮 ! 🍡៸៸,True,True,False
7435276635785415954,https://www.tiktok.com/@MS4wLjABAAAAdsuFcOjPrzsw0ZdV9dJ926Ho7pioc9om6tM3vxIND75ZEKCwBhVwUDIH5q4iKVvo/video/7435276635785415954,2024-11-09,20,Sat,42,1135,4,1,2,2,0.79,Combo bánh dinh dưỡng nhà Gulu food 😋#banhtrungcuon #gulufood#reviewf...,banhtrungcuon gulufood reviewf,พี่ชอบหนูที่สุดเลย (I Like You The Most) (Speed Up),PONCHET,False,True,False
7434176989180775687,https://www.tiktok.com/@MS4wLjABAAAAdsuFcOjPrzsw0ZdV9dJ926Ho7pioc9om6tM3vxIND75ZEKCwBhVwUDIH5q4iKVvo/video/7434176989180775687,2024-11-06,21,Wed,20,19800,52,2,15,16,0.43,Chân gà sả tắc cùng bà tuyết 🫨😋🤗#changabatuyet #reviewfood #anvat #ch...,changabatuyet reviewfood anvat ch,original sound - ancungbatuyet86,Ăn Cùng Bà Tuyết,True,True,True
7433765917714042130,https://www.tiktok.com/@MS4wLjABAAAAdsuFcOjPrzsw0ZdV9dJ926Ho7pioc9om6tM3vxIND75ZEKCwBhVwUDIH5q4iKVvo/video/7433765917714042130,2024-11-05,19,Tue,67,927,9,0,1,1,1.19,Bánh trung thu trái mùa chỉ 10k 🫢#banhtrungthulamthuy #reviewfood #an...,banhtrungthulamthuy reviewfood an,蜜桃物语,仁辰 & 于行,False,True,False
7433038353152445714,https://www.tiktok.com/@MS4wLjABAAAAdsuFcOjPrzsw0ZdV9dJ926Ho7pioc9om6tM3vxIND75ZEKCwBhVwUDIH5q4iKVvo/video/7433038353152445714,2024-11-03,20,Sun,29,1445,15,2,2,6,1.73,Mê thiệt thử ngay nha🫨#reviewfood #anvat #xhtiktok #xuhuong #fyp,reviewfood anvat xhtiktok xuhuong fyp,original sound - may.didauday,Mây đi đâu đấy?,True,True,False
7432676246028356882,https://www.tiktok.com/@MS4wLjABAAAAdsuFcOjPrzsw0ZdV9dJ926Ho7pioc9om6tM3vxIND75ZEKCwBhVwUDIH5q4iKVvo/video/7432676246028356882,2024-11-02,20,Sat,59,834,8,1,4,3,1.92,Bánh trứng da cuộn Gulufood 🫨chị Hằng Du Mục thích có gì ???#gulufood...,gulufood,original sound - forevyone_.2,♥️♥️,True,True,False
7431193803903601928,https://www.tiktok.com/@MS4wLjABAAAAdsuFcOjPrzsw0ZdV9dJ926Ho7pioc9om6tM3vxIND75ZEKCwBhVwUDIH5q4iKVvo/video/7431193803903601928,2024-10-29,20,Tue,9,248,10,0,2,2,5.65,#banhtrangmuoisac #banhtrang #reviewfood #anvat #xuhuong #xhtiktok #fyp,banhtrangmuoisac banhtrang reviewfood anvat xuhuong xhtiktok fyp,original sound - giadinhbongbang9x,NHÀ BỐNG BANG,True,True,False
7430820482863189255,https://www.tiktok.com/@MS4wLjABAAAAdsuFcOjPrzsw0ZdV9dJ926Ho7pioc9om6tM3vxIND75ZEKCwBhVwUDIH5q4iKVvo/video/7430820482863189255,2024-10-28,20,Mon,28,581,11,0,6,4,3.61,Chà bông ruốc heo 🐷ngon bổ hạt rẻ 🌰nha🤤#chabongheo #reviewfood #anvat...,chabongheo reviewfood anvat,พี่ชอบหนูที่สุดเลย (I Like You The Most) (Speed Up),PONCHET,False,True,False
7430443713127615752,https://www.tiktok.com/@MS4wLjABAAAAdsuFcOjPrzsw0ZdV9dJ926Ho7pioc9om6tM3vxIND75ZEKCwBhVwUDIH5q4iKVvo/video/7430443713127615752,2024-10-27,20,Sun,44,702,8,0,5,1,1.99,Kẹo trái cây ăn là dính nha #keotraicay #anvat #candy #unboxing #revi...,keotraicay anvat candy unboxing revi,original sound - forevyone_.2,♥️♥️,True,True,False
7430262078654483720,https://www.tiktok.com/@MS4wLjABAAAAdsuFcOjPrzsw0ZdV9dJ926Ho7pioc9om6tM3vxIND75ZEKCwBhVwUDIH5q4iKVvo/video/7430262078654483720,2024-10-27,8,Sun,41,236,12,0,3,2,7.2,Combo collagen và vitaminc DHC #DHC #vitaminc #collagen #xhtiktok #fyp,DHC vitaminc collagen xhtiktok fyp,original sound - beheobu0102,Bé heo bự🐷,True,False,False
7430175030023146759,https://www.tiktok.com/@MS4wLjABAAAAdsuFcOjPrzsw0ZdV9dJ926Ho7pioc9om6tM3vxIND75ZEKCwBhVwUDIH5q4iKVvo/video/7430175030023146759,2024-10-27,2,Sun,17,276,12,1,3,2,6.52,#banhtrangphomai #banhtrang #reviewbanhtrang #reviewfood #xhtiktok #,banhtrangphomai banhtrang reviewbanhtrang reviewfood xhtiktok,APT.,ROSÉ & Bruno Mars,False,False,False
7430013909559545095,https://www.tiktok.com/@MS4wLjABAAAAdsuFcOjPrzsw0ZdV9dJ926Ho7pioc9om6tM3vxIND75ZEKCwBhVwUDIH5q4iKVvo/video/7430013909559545095,2024-10-26,16,Sat,52,506,15,1,0,1,3.36,Xoài sấy dẻo nhà Zemdafood #xoaisaydeo #zendafood #ancungtiktok #xhti...,xoaisaydeo zendafood ancungtiktok xhti,original sound - diemphatnhac,điểm phát nhạc,True,True,False
7429699761634069768,https://www.tiktok.com/@MS4wLjABAAAAdsuFcOjPrzsw0ZdV9dJ926Ho7pioc9om6tM3vxIND75ZEKCwBhVwUDIH5q4iKVvo/video/7429699761634069768,2024-10-25,20,Fri,44,239,4,1,4,1,4.18,#banhtrangphoisuong #banhtrang #ancungtiktok #xhtiktok #xhtiktok #anv...,banhtrangphoisuong banhtrang ancungtiktok xhtiktok xhtiktok anv,B u b b l e G u m,⁎⁺˳⪩ 𝐀𝐲𝐮 ! 🍡៸៸,True,True,False
7429514169130421512,https://www.tiktok.com/@MS4wLjABAAAAdsuFcOjPrzsw0ZdV9dJ926Ho7pioc9om6tM3vxIND75ZEKCwBhVwUDIH5q4iKVvo/video/7429514169130421512,2024-10-25,8,Fri,39,1390,30,0,2,2,2.45,#banhtrang #banhtrangphomai #banhtrangrongbien #ancungtiktok #xhtikto...,banhtrang banhtrangphomai banhtrangrongbien ancungtiktok xhtikto,bounce (i just wanna dance),фрози & joyful,False,False,False
7429362455408545042,https://www.tiktok.com/@MS4wLjABAAAAdsuFcOjPrzsw0ZdV9dJ926Ho7pioc9om6tM3vxIND75ZEKCwBhVwUDIH5q4iKVvo/video/7429362455408545042,2024-10-24,22,Thu,11,5132,64,2,8,2,1.48,Bánh tráng phô mai🤤 chỉ với 7k 🫨#banhtrangphomai #banhtrang #ancungti...,banhtrangphomai banhtrang ancungti,original sound - norinpham_m4,NorinPham,True,True,False
7429307058404609298,https://www.tiktok.com/@MS4wLjABAAAAdsuFcOjPrzsw0ZdV9dJ926Ho7pioc9om6tM3vxIND75ZEKCwBhVwUDIH5q4iKVvo/video/7429307058404609298,2024-10-24,18,Thu,43,615500,2092,42,361,266,0.45,Bánh tráng phô mai 🫨tiệm bánh tráng cute 🤤#banhtrangphomai #banhtrang...,banhtrangphomai banhtrang,"NGÁO NGƠ (feat. HIEUTHUHAI, ERIK, Anh Tú Atus, JSOL & Orange)","ANH TRAI ""SAY HI""",False,True,True
7428973958583766290,https://www.tiktok.com/@MS4wLjABAAAAdsuFcOjPrzsw0ZdV9dJ926Ho7pioc9om6tM3vxIND75ZEKCwBhVwUDIH5q4iKVvo/video/7428973958583766290,2024-10-23,21,Wed,61,336,9,0,1,1,3.27,Bánh tráng phơi sương🫨combo nghiền 🫢#banhtrangphoisuong #banhtrang #r...,banhtrangphoisuong banhtrang r,Animal baby,上野燿,False,True,False
7428763352710647058,https://www.tiktok.com/@MS4wLjABAAAAdsuFcOjPrzsw0ZdV9dJ926Ho7pioc9om6tM3vxIND75ZEKCwBhVwUDIH5q4iKVvo/video/7428763352710647058,2024-10-23,7,Wed,32,692,7,0,2,1,1.45,Combo bánh tráng 45 cành siêu to khổng lồ 🫨#banhtrangnguoimehientu #c...,banhtrangnguoimehientu c,A THÔI NHÂN NHƯợNG REMIX KIỀU CHI COVER,PHÁP SƯ VIỆT NAM,True,True,False
7428578382981483784,https://www.tiktok.com/@MS4wLjABAAAAdsuFcOjPrzsw0ZdV9dJ926Ho7pioc9om6tM3vxIND75ZEKCwBhVwUDIH5q4iKVvo/video/7428578382981483784,2024-10-22,19,Tue,27,1560,7,2,2,2,0.83,Bánh tráng muối sặc ăn là mê ê ê 🫨#banhtrangmuoisac #banhtrang #revie...,banhtrangmuoisac banhtrang revie,original sound - thuanvo1993,Thựn Điện Máy Xanh,True,True,False
7428506206995516679,https://www.tiktok.com/@MS4wLjABAAAAdsuFcOjPrzsw0ZdV9dJ926Ho7pioc9om6tM3vxIND75ZEKCwBhVwUDIH5q4iKVvo/video/7428506206995516679,2024-10-22,14,Tue,29,25600,158,5,18,22,0.79,Bánh tráng mix vị 🫨#banhtrangmixvi #banhtrang #reviewbanhtrang #revie...,banhtrangmixvi banhtrang reviewbanhtrang revie,c u p i d,ෆ - 🥥 ╹s a s h a ╹,True,True,True
7428216438785199367,https://www.tiktok.com/@MS4wLjABAAAAdsuFcOjPrzsw0ZdV9dJ926Ho7pioc9om6tM3vxIND75ZEKCwBhVwUDIH5q4iKVvo/video/7428216438785199367,2024-10-21,20,Mon,21,9114,90,1,17,9,1.28,Bánh tráng của người mẹ Hiền Từ 🫨#banhtrang #reviewbanhtrang #reviewf...,banhtrang reviewbanhtrang reviewf,C u p i d O r i g i n a l,Someone,True,True,False
7428077019692371218,https://www.tiktok.com/@MS4wLjABAAAAdsuFcOjPrzsw0ZdV9dJ926Ho7pioc9om6tM3vxIND75ZEKCwBhVwUDIH5q4iKVvo/video/7428077019692371218,2024-10-21,11,Mon,12,1605,11,0,2,2,0.93,#banhtrangmuoisac #reviewbanhtrang #banhtrang #reviewfood #ancungtikt...,banhtrangmuoisac reviewbanhtrang banhtrang reviewfood ancungtikt,Animal baby,上野燿,False,True,False
7427843290138987783,https://www.tiktok.com/@MS4wLjABAAAAdsuFcOjPrzsw0ZdV9dJ926Ho7pioc9om6tM3vxIND75ZEKCwBhVwUDIH5q4iKVvo/video/7427843290138987783,2024-10-20,20,Sun,21,1618,11,0,1,1,0.8,Ngon ko lối thoát 😋#banhtrangmuoisac #reviewbanhtrang #banhtrang #rev...,banhtrangmuoisac reviewbanhtrang banhtrang rev,original sound - cherrybear_nk,𝑪𝒉𝒆𝒓𝒓𝒚 𝑩𝒆𝒂𝒓,True,True,False
7427780087107292424,https://www.tiktok.com/@MS4wLjABAAAAdsuFcOjPrzsw0ZdV9dJ926Ho7pioc9om6tM3vxIND75ZEKCwBhVwUDIH5q4iKVvo/video/7427780087107292424,2024-10-20,16,Sun,31,280,9,0,2,2,4.64,Khô gà Cô Diệp Food 🤤#khoga #codiepfood #xhtiktok #ancungtiktok #revi...,khoga codiepfood xhtiktok ancungtiktok revi,B U B B L E G U M,୨ rae. 🪽,True,True,False
7427688221795978503,https://www.tiktok.com/@MS4wLjABAAAAdsuFcOjPrzsw0ZdV9dJ926Ho7pioc9om6tM3vxIND75ZEKCwBhVwUDIH5q4iKVvo/video/7427688221795978503,2024-10-20,10,Sun,32,195,5,1,1,2,4.62,Combo bánh tráng siêu to chỉ 45🐠 🫨#banhtrangmixvi #banhtrang #reviewb...,banhtrangmixvi banhtrang reviewb,"TÌNH ĐẦU QUÁ CHÉN (feat. Quang Hùng MasterD, Negav, Pháp Kiều & Erik)","ANH TRAI ""SAY HI""",False,True,False
7427474646829747474,https://www.tiktok.com/@MS4wLjABAAAAdsuFcOjPrzsw0ZdV9dJ926Ho7pioc9om6tM3vxIND75ZEKCwBhVwUDIH5q4iKVvo/video/7427474646829747474,2024-10-19,20,Sat,31,397200,3500,82,342,347,1.08,🫨#banhtrangmixvi #banhtrang #reviewbanhtrang #xhtiktok #ancungtiktok ...,banhtrangmixvi banhtrang reviewbanhtrang xhtiktok ancungtiktok,original sound - user_213_lelinh,khanhlinhh,True,True,True
7427336458664480008,https://www.tiktok.com/@MS4wLjABAAAAdsuFcOjPrzsw0ZdV9dJ926Ho7pioc9om6tM3vxIND75ZEKCwBhVwUDIH5q4iKVvo/video/7427336458664480008,2024-10-19,11,Sat,10,1785,16,1,5,3,1.4,Mờ lem mờ lem#banhtrangmuoisac #banhtrang #reviewbanhtrang #xhtiktok ...,banhtrangmuoisac banhtrang reviewbanhtrang xhtiktok,original sound - lilikween_106,Henry👻,True,True,False
7427285288700955911,https://www.tiktok.com/@MS4wLjABAAAAdsuFcOjPrzsw0ZdV9dJ926Ho7pioc9om6tM3vxIND75ZEKCwBhVwUDIH5q4iKVvo/video/7427285288700955911,2024-10-19,8,Sat,29,4103,369,0,13,11,9.58,Nó ngon khủng khiếp 🫨#banhtrangmuoisac #banhtrang #reviewbanhtrang##x...,banhtrangmuoisac banhtrang reviewbanhtrang x,Life Goes On,Oliver Tree,False,True,False
