id,url,upload_date,upload_hour_vn,weekday_vn,duration_sec,views,likes,comments,shares,saves,engagement_rate_pct,caption,hashtags,music_title,music_author,is_original_sound,is_tiktokshop,is_ad
7631855030068497684,https://www.tiktok.com/@MS4wLjABAAAAMPnpn3EKG8gfAcqX7d5udBoWXobxoz2ltAK86h-KWmiWW8FQpaasKuCVtgQOhoIi/video/7631855030068497684,2026-04-23,14,Thu,31,94,1,0,0,1,2.13,Món tuổi thơ của anh#anvatcungtiktok #fyp #quecay #xuhuong #doanvat,anvatcungtiktok fyp quecay xuhuong doanvat,original sound - kemyeuoi._.moc,Kem cà lem,True,True,False
7631603060107791636,https://www.tiktok.com/@MS4wLjABAAAAMPnpn3EKG8gfAcqX7d5udBoWXobxoz2ltAK86h-KWmiWW8FQpaasKuCVtgQOhoIi/video/7631603060107791636,2026-04-22,22,Wed,28,8919,32,5,3,6,0.52,các vợ thì saoo#anvatcungtiktok #fyp #khoaitayphomai #xuhuong #doanvat,anvatcungtiktok fyp khoaitayphomai xuhuong doanvat,original sound - doyan.makan7,ASMR🔥,True,True,True
7631581841782525204,https://www.tiktok.com/@MS4wLjABAAAAMPnpn3EKG8gfAcqX7d5udBoWXobxoz2ltAK86h-KWmiWW8FQpaasKuCVtgQOhoIi/video/7631581841782525204,2026-04-22,20,Wed,31,1430,8,1,0,3,0.84,nó mlem nó ngon na#anvatcungtiktok #fyp #bocaymieng#xuhuong #doanvat,anvatcungtiktok fyp bocaymieng xuhuong doanvat,original sound - woowhasisb,woowhasisb,True,True,True
7631550557487975700,https://www.tiktok.com/@MS4wLjABAAAAMPnpn3EKG8gfAcqX7d5udBoWXobxoz2ltAK86h-KWmiWW8FQpaasKuCVtgQOhoIi/video/7631550557487975700,2026-04-22,18,Wed,33,7258,13,3,2,3,0.29,mlem vãi bây#anvatcungtiktok #fyp #chuoisaymegung #xuhuong #doanvat,anvatcungtiktok fyp chuoisaymegung xuhuong doanvat,original sound - doyan.makan7,ASMR🔥,True,True,True
7631489819201326357,https://www.tiktok.com/@MS4wLjABAAAAMPnpn3EKG8gfAcqX7d5udBoWXobxoz2ltAK86h-KWmiWW8FQpaasKuCVtgQOhoIi/video/7631489819201326357,2026-04-22,14,Wed,30,18400,23,5,6,3,0.2,vui quá bay ơi#anvatcungtiktok #fyp #snack #xuhuong #doanvat,anvatcungtiktok fyp snack xuhuong doanvat,original sound - doyan.makan7,ASMR🔥,True,True,True
7631234795447651605,https://www.tiktok.com/@MS4wLjABAAAAMPnpn3EKG8gfAcqX7d5udBoWXobxoz2ltAK86h-KWmiWW8FQpaasKuCVtgQOhoIi/video/7631234795447651605,2026-04-21,22,Tue,30,4011,3,0,0,2,0.12,Mê cái nui chuên mắm tối này#anvatcungtiktok #fyp #nuichiengion #xuhu...,anvatcungtiktok fyp nuichiengion xuhu,original sound - doyan.makan7,ASMR🔥,True,True,True
7631217991329402133,https://www.tiktok.com/@MS4wLjABAAAAMPnpn3EKG8gfAcqX7d5udBoWXobxoz2ltAK86h-KWmiWW8FQpaasKuCVtgQOhoIi/video/7631217991329402133,2026-04-21,21,Tue,33,1825,7,2,1,1,0.6,nó mlem nha chúng bây#anvatcungtiktok #fyp #khoheochaytoi #xuhuong #d...,anvatcungtiktok fyp khoheochaytoi xuhuong d,original sound - yuisi41,Clean Plate🍽️,True,True,True
7631207769302895893,https://www.tiktok.com/@MS4wLjABAAAAMPnpn3EKG8gfAcqX7d5udBoWXobxoz2ltAK86h-KWmiWW8FQpaasKuCVtgQOhoIi/video/7631207769302895893,2026-04-21,20,Tue,31,1951,2,0,1,2,0.26,Má tụi bay chứ#anvatcungtiktok #fyp #quecayvuongthanlong #xuhuong #do...,anvatcungtiktok fyp quecayvuongthanlong xuhuong do,original sound - woowhasisb,woowhasisb,True,True,True
7631184490290826517,https://www.tiktok.com/@MS4wLjABAAAAMPnpn3EKG8gfAcqX7d5udBoWXobxoz2ltAK86h-KWmiWW8FQpaasKuCVtgQOhoIi/video/7631184490290826517,2026-04-21,19,Tue,28,6751,8,2,2,1,0.19,mlem mlem na#anvatcungtiktok #fyp #snackkimchi #quecay #xuhuong,anvatcungtiktok fyp snackkimchi quecay xuhuong,original sound - antitrangkhanzone1,Anti Trang Khàn zone,True,True,True
7631111589344578837,https://www.tiktok.com/@MS4wLjABAAAAMPnpn3EKG8gfAcqX7d5udBoWXobxoz2ltAK86h-KWmiWW8FQpaasKuCVtgQOhoIi/video/7631111589344578837,2026-04-21,14,Tue,28,6380,6,2,4,4,0.25,Sỡ néch mực nướng#anvatcungtiktok #fyp #snack #xuhuong #doanvat,anvatcungtiktok fyp snack xuhuong doanvat,original sound - doyan.makan7,ASMR🔥,True,True,True
7630848654940589333,https://www.tiktok.com/@MS4wLjABAAAAMPnpn3EKG8gfAcqX7d5udBoWXobxoz2ltAK86h-KWmiWW8FQpaasKuCVtgQOhoIi/video/7630848654940589333,2026-04-20,21,Mon,30,609,3,2,1,1,1.15,Nhoăm nhoăm#anvatcungtiktok #fyp #suondenuong #quecay #xuhuong,anvatcungtiktok fyp suondenuong quecay xuhuong,original sound - itsciezaa,Angel Cieza,True,True,False
7630841744866692372,https://www.tiktok.com/@MS4wLjABAAAAMPnpn3EKG8gfAcqX7d5udBoWXobxoz2ltAK86h-KWmiWW8FQpaasKuCVtgQOhoIi/video/7630841744866692372,2026-04-20,21,Mon,32,7245,12,0,2,4,0.25,Ngon quãi các vợ ơi#anvatcungtiktok #fyp #comchaymamhanh #xuhuong #do...,anvatcungtiktok fyp comchaymamhanh xuhuong do,original sound - doyan.makan7,ASMR🔥,True,True,True
7630778462713679124,https://www.tiktok.com/@MS4wLjABAAAAMPnpn3EKG8gfAcqX7d5udBoWXobxoz2ltAK86h-KWmiWW8FQpaasKuCVtgQOhoIi/video/7630778462713679124,2026-04-20,16,Mon,28,100900,77,15,44,20,0.15,Ê ê tụi bay ơi#anvatcungtiktok #fyp #bocaymieng #xuhuong #doanvat,anvatcungtiktok fyp bocaymieng xuhuong doanvat,original sound - antitrangkhanzone1,Anti Trang Khàn zone,True,True,True
7630744869551656213,https://www.tiktok.com/@MS4wLjABAAAAMPnpn3EKG8gfAcqX7d5udBoWXobxoz2ltAK86h-KWmiWW8FQpaasKuCVtgQOhoIi/video/7630744869551656213,2026-04-20,14,Mon,28,9848,11,1,4,4,0.2,mê cái món này#anvatcungtiktok #fyp #suachuasaythanghoa #xuhuong #doa...,anvatcungtiktok fyp suachuasaythanghoa xuhuong doa,original sound - doyan.makan7,ASMR🔥,True,True,True
7630501286357503252,https://www.tiktok.com/@MS4wLjABAAAAMPnpn3EKG8gfAcqX7d5udBoWXobxoz2ltAK86h-KWmiWW8FQpaasKuCVtgQOhoIi/video/7630501286357503252,2026-04-19,23,Sun,28,44900,47,2,16,9,0.16,chắc không mlem đâu#anvatcungtiktok #fyp #quecayvuongthanlong #xuhuon...,anvatcungtiktok fyp quecayvuongthanlong xuhuon,original sound - woowhasisb,woowhasisb,True,True,True
7630486646563147028,https://www.tiktok.com/@MS4wLjABAAAAMPnpn3EKG8gfAcqX7d5udBoWXobxoz2ltAK86h-KWmiWW8FQpaasKuCVtgQOhoIi/video/7630486646563147028,2026-04-19,22,Sun,29,1201,6,0,0,1,0.58,ngon lắm nha chúng bây#anvatcungtiktok #fyp #xoaisaygion #xuhuong #do...,anvatcungtiktok fyp xoaisaygion xuhuong do,original sound - doyan.makan7,ASMR🔥,True,True,True
7630468551257722132,https://www.tiktok.com/@MS4wLjABAAAAMPnpn3EKG8gfAcqX7d5udBoWXobxoz2ltAK86h-KWmiWW8FQpaasKuCVtgQOhoIi/video/7630468551257722132,2026-04-19,20,Sun,33,10800,18,0,5,3,0.24,Má ơi ngonnnn#anvatcungtiktok #fyp #khoheochaytoi #xuhuong #doanvat,anvatcungtiktok fyp khoheochaytoi xuhuong doanvat,Dongchio_COTICHVIETNAM,Trần An Đông,True,True,True
7630417833649884436,https://www.tiktok.com/@MS4wLjABAAAAMPnpn3EKG8gfAcqX7d5udBoWXobxoz2ltAK86h-KWmiWW8FQpaasKuCVtgQOhoIi/video/7630417833649884436,2026-04-19,17,Sun,31,1534,4,2,0,1,0.46,Mê cái món này ghê#anvatcungtiktok #fyp #keokimcuong #xuhuong #doanvat,anvatcungtiktok fyp keokimcuong xuhuong doanvat,Happy Feels (NPC Life),Trendify,False,True,True
7630374440072645908,https://www.tiktok.com/@MS4wLjABAAAAMPnpn3EKG8gfAcqX7d5udBoWXobxoz2ltAK86h-KWmiWW8FQpaasKuCVtgQOhoIi/video/7630374440072645908,2026-04-19,14,Sun,31,13700,7,2,4,3,0.12,Cơm cháy mắm hành#anvatcungtiktok #fyp #comchaymamhanh #xuhuong #doan...,anvatcungtiktok fyp comchaymamhanh xuhuong doan,original sound - doyan.makan7,ASMR🔥,True,True,True
7630126173875457300,https://www.tiktok.com/@MS4wLjABAAAAMPnpn3EKG8gfAcqX7d5udBoWXobxoz2ltAK86h-KWmiWW8FQpaasKuCVtgQOhoIi/video/7630126173875457300,2026-04-18,22,Sat,34,7543,8,2,6,3,0.25,Nó mlem lắm ấy chúng bay#anvatcungtiktok #fyp #quecayvuongthanlong #x...,anvatcungtiktok fyp quecayvuongthanlong x,original sound - antitrangkhanzone1,Anti Trang Khàn zone,True,True,True
7630120986045713685,https://www.tiktok.com/@MS4wLjABAAAAMPnpn3EKG8gfAcqX7d5udBoWXobxoz2ltAK86h-KWmiWW8FQpaasKuCVtgQOhoIi/video/7630120986045713685,2026-04-18,22,Sat,33,15900,28,2,5,6,0.26,Ăn nó bị ngon á bay#anvatcungtiktok #fyp #bocaymieng #xuhuong #doanvat,anvatcungtiktok fyp bocaymieng xuhuong doanvat,original sound - itsciezaa,Angel Cieza,True,True,True
7630100296122862869,https://www.tiktok.com/@MS4wLjABAAAAMPnpn3EKG8gfAcqX7d5udBoWXobxoz2ltAK86h-KWmiWW8FQpaasKuCVtgQOhoIi/video/7630100296122862869,2026-04-18,21,Sat,32,37900,16,6,2,5,0.08,"Má ơi, giòn giòn, mlem đieng#anvatcungtiktok #fyp #snack #xuhuong #do...",anvatcungtiktok fyp snack xuhuong do,original sound - doyan.makan7,ASMR🔥,True,True,True
7630048921733057813,https://www.tiktok.com/@MS4wLjABAAAAMPnpn3EKG8gfAcqX7d5udBoWXobxoz2ltAK86h-KWmiWW8FQpaasKuCVtgQOhoIi/video/7630048921733057813,2026-04-18,17,Sat,31,17100,10,1,2,3,0.09,Ăn bị dính quãi#anvatcungtiktok #fyp #quecay #xuhuong #doanvat,anvatcungtiktok fyp quecay xuhuong doanvat,original sound - woowhasisb,woowhasisb,True,True,True
7629998420664585493,https://www.tiktok.com/@MS4wLjABAAAAMPnpn3EKG8gfAcqX7d5udBoWXobxoz2ltAK86h-KWmiWW8FQpaasKuCVtgQOhoIi/video/7629998420664585493,2026-04-18,14,Sat,31,6243,11,2,5,2,0.32,ngonn điêngg má#anvatcungtiktok #fyp #quecay #xuhuong #doanvat,anvatcungtiktok fyp quecay xuhuong doanvat,original sound - antitrangkhanzone1,Anti Trang Khàn zone,True,True,True
7629759211664100629,https://www.tiktok.com/@MS4wLjABAAAAMPnpn3EKG8gfAcqX7d5udBoWXobxoz2ltAK86h-KWmiWW8FQpaasKuCVtgQOhoIi/video/7629759211664100629,2026-04-17,23,Fri,28,29100,21,6,8,5,0.14,Mlem mlem quãi bay#anvatcungtiktok #fyp #comchaymamhanh #xuhuong #doa...,anvatcungtiktok fyp comchaymamhanh xuhuong doa,original sound - viulvwcnx0g,yummy,True,True,True
7629739703280962836,https://www.tiktok.com/@MS4wLjABAAAAMPnpn3EKG8gfAcqX7d5udBoWXobxoz2ltAK86h-KWmiWW8FQpaasKuCVtgQOhoIi/video/7629739703280962836,2026-04-17,21,Fri,32,14700,9,6,4,2,0.14,"Nó cuốn, nó mlem#anvatcungtiktok #fyp #khoheochaytoi #xuhuong #doanvat",anvatcungtiktok fyp khoheochaytoi xuhuong doanvat,original sound - asmrhieak,🔊🥧👩,True,True,True
7629722937188306197,https://www.tiktok.com/@MS4wLjABAAAAMPnpn3EKG8gfAcqX7d5udBoWXobxoz2ltAK86h-KWmiWW8FQpaasKuCVtgQOhoIi/video/7629722937188306197,2026-04-17,20,Fri,29,5411,13,4,6,2,0.46,Tụi nào tụi nào#anvatcungtiktok #fyp #bocaymieng #xuhuong #doanvat,anvatcungtiktok fyp bocaymieng xuhuong doanvat,original sound - woowhasisb,woowhasisb,True,True,True
7629668477296561428,https://www.tiktok.com/@MS4wLjABAAAAMPnpn3EKG8gfAcqX7d5udBoWXobxoz2ltAK86h-KWmiWW8FQpaasKuCVtgQOhoIi/video/7629668477296561428,2026-04-17,17,Fri,31,17900,18,4,3,5,0.17,má chúng bay#anvatcungtiktok #fyp #quecayvuongthanlong #xuhuong #doan...,anvatcungtiktok fyp quecayvuongthanlong xuhuong doan,original sound - woowhasisb,woowhasisb,True,True,True
7629620790111096084,https://www.tiktok.com/@MS4wLjABAAAAMPnpn3EKG8gfAcqX7d5udBoWXobxoz2ltAK86h-KWmiWW8FQpaasKuCVtgQOhoIi/video/7629620790111096084,2026-04-17,14,Fri,30,4777,9,3,9,2,0.48,Ăn cứ bị cuốnnn#anvatcungtiktok #fyp #khoaimonmamhanh #xuhuong #doanvat,anvatcungtiktok fyp khoaimonmamhanh xuhuong doanvat,original sound - doyan.makan7,ASMR🔥,True,True,True
7629390069903805716,https://www.tiktok.com/@MS4wLjABAAAAMPnpn3EKG8gfAcqX7d5udBoWXobxoz2ltAK86h-KWmiWW8FQpaasKuCVtgQOhoIi/video/7629390069903805716,2026-04-16,23,Thu,27,1632,3,0,2,1,0.37,Lẹ dùm anh nha các vợ#anvatcungtiktok #fyp #xucxich #xuhuong #doanvat,anvatcungtiktok fyp xucxich xuhuong doanvat,Happy Feels (NPC Life),Trendify,False,True,True
7629376521454505236,https://www.tiktok.com/@MS4wLjABAAAAMPnpn3EKG8gfAcqX7d5udBoWXobxoz2ltAK86h-KWmiWW8FQpaasKuCVtgQOhoIi/video/7629376521454505236,2026-04-16,22,Thu,31,205,2,1,1,2,2.93,Xú xích phô mai mini#anvatcungtiktok #fyp #xucxichphomai #xuhuong #do...,anvatcungtiktok fyp xucxichphomai xuhuong do,Meow number 16 - The kitten's nose,AtilaKw,False,True,False
7629354171568885012,https://www.tiktok.com/@MS4wLjABAAAAMPnpn3EKG8gfAcqX7d5udBoWXobxoz2ltAK86h-KWmiWW8FQpaasKuCVtgQOhoIi/video/7629354171568885012,2026-04-16,20,Thu,31,4838,3,1,3,2,0.19,mlem nha mấy vợ #anvatcungtiktok #fyp #quecayvuongthanlong #xuhuong #...,anvatcungtiktok fyp quecayvuongthanlong xuhuong,original sound - woowhasisb,woowhasisb,True,True,True
7629328751637318933,https://www.tiktok.com/@MS4wLjABAAAAMPnpn3EKG8gfAcqX7d5udBoWXobxoz2ltAK86h-KWmiWW8FQpaasKuCVtgQOhoIi/video/7629328751637318933,2026-04-16,19,Thu,28,9290,6,3,2,1,0.13,Ngon quãi bây ơi#anvatcungtiktok #fyp #comchaymamhanh #xuhuong #doanvat,anvatcungtiktok fyp comchaymamhanh xuhuong doanvat,original sound - doyan.makan7,ASMR🔥,True,True,True
7629254799338310932,https://www.tiktok.com/@MS4wLjABAAAAMPnpn3EKG8gfAcqX7d5udBoWXobxoz2ltAK86h-KWmiWW8FQpaasKuCVtgQOhoIi/video/7629254799338310932,2026-04-16,14,Thu,29,7186,11,1,5,2,0.26,Mlem ơi là mlem#anvatcungtiktok #fyp #khoheochaytoi #xuhuong #doanvat,anvatcungtiktok fyp khoheochaytoi xuhuong doanvat,original sound - asmrhieak,🔊🥧👩,True,True,True
7629025034329246997,https://www.tiktok.com/@MS4wLjABAAAAMPnpn3EKG8gfAcqX7d5udBoWXobxoz2ltAK86h-KWmiWW8FQpaasKuCVtgQOhoIi/video/7629025034329246997,2026-04-15,23,Wed,28,128800,117,7,50,23,0.15,"cay cay, tê tê, mờ lem mờ lem",,original sound - antitrangkhanzone1,Anti Trang Khàn zone,True,True,True
7629008238696025364,https://www.tiktok.com/@MS4wLjABAAAAMPnpn3EKG8gfAcqX7d5udBoWXobxoz2ltAK86h-KWmiWW8FQpaasKuCVtgQOhoIi/video/7629008238696025364,2026-04-15,22,Wed,29,36300,39,6,11,8,0.18,Chài ơi nó giòn rụm rụm#anvatcungtiktok #fyp #comchaymamhanh #xuhuong...,anvatcungtiktok fyp comchaymamhanh xuhuong,original sound - yen_doanvathot,Yến Review🍔,True,True,True
7628991945523596564,https://www.tiktok.com/@MS4wLjABAAAAMPnpn3EKG8gfAcqX7d5udBoWXobxoz2ltAK86h-KWmiWW8FQpaasKuCVtgQOhoIi/video/7628991945523596564,2026-04-15,21,Wed,29,36300,70,3,11,11,0.26,Ngon ngon quãi ạ#anvatcungtiktok #fyp #quecay #xuhuong #doanvat,anvatcungtiktok fyp quecay xuhuong doanvat,original sound - antitrangkhanzone1,Anti Trang Khàn zone,True,True,True
7628961466271517973,https://www.tiktok.com/@MS4wLjABAAAAMPnpn3EKG8gfAcqX7d5udBoWXobxoz2ltAK86h-KWmiWW8FQpaasKuCVtgQOhoIi/video/7628961466271517973,2026-04-15,19,Wed,29,1299,3,1,0,1,0.38,ngon quãii lun#anvatcungtiktok #fyp #khoaimonmamhanh #xuhuong #doanvat,anvatcungtiktok fyp khoaimonmamhanh xuhuong doanvat,original sound - doyan.makan7,ASMR🔥,True,True,True
7628937702343331093,https://www.tiktok.com/@MS4wLjABAAAAMPnpn3EKG8gfAcqX7d5udBoWXobxoz2ltAK86h-KWmiWW8FQpaasKuCVtgQOhoIi/video/7628937702343331093,2026-04-15,17,Wed,30,21000,24,15,3,4,0.22,mê quãi bay ơi#anvatcungtiktok #fyp #khoheochaytoi #xuhuong #doanvat,anvatcungtiktok fyp khoheochaytoi xuhuong doanvat,original sound - asmrhieak,🔊🥧👩,True,True,True
7628641652726402325,https://www.tiktok.com/@MS4wLjABAAAAMPnpn3EKG8gfAcqX7d5udBoWXobxoz2ltAK86h-KWmiWW8FQpaasKuCVtgQOhoIi/video/7628641652726402325,2026-04-14,22,Tue,29,4936,5,0,2,3,0.2,Ngon điengggg#anvatcungtiktok #fyp #chumruotsaymuoiot #xuhuong #doanvat,anvatcungtiktok fyp chumruotsaymuoiot xuhuong doanvat,original sound - antitrangkhanzone1,Anti Trang Khàn zone,True,True,True
7628619098779290900,https://www.tiktok.com/@MS4wLjABAAAAMPnpn3EKG8gfAcqX7d5udBoWXobxoz2ltAK86h-KWmiWW8FQpaasKuCVtgQOhoIi/video/7628619098779290900,2026-04-14,21,Tue,30,59500,136,6,44,14,0.34,Ngon vãi bây ơi bây#anvatcungtiktok #fyp #quecayvuongthanlong #xuhuon...,anvatcungtiktok fyp quecayvuongthanlong xuhuon,original sound - woowhasisb,woowhasisb,True,True,True
7628599293359967509,https://www.tiktok.com/@MS4wLjABAAAAMPnpn3EKG8gfAcqX7d5udBoWXobxoz2ltAK86h-KWmiWW8FQpaasKuCVtgQOhoIi/video/7628599293359967509,2026-04-14,20,Tue,30,108100,116,2,14,16,0.14,Mlem mlem mlem#anvatcungtiktok #fyp #khoheochaytoi #xuhuong #doanvat,anvatcungtiktok fyp khoheochaytoi xuhuong doanvat,original sound - asmrhieak,🔊🥧👩,True,True,True
7628568720666873109,https://www.tiktok.com/@MS4wLjABAAAAMPnpn3EKG8gfAcqX7d5udBoWXobxoz2ltAK86h-KWmiWW8FQpaasKuCVtgQOhoIi/video/7628568720666873109,2026-04-14,18,Tue,30,5327,14,0,5,3,0.41,Ngon quaiiiii#anvatcungtiktok #fyp #mitron #xuhuong #doanvat,anvatcungtiktok fyp mitron xuhuong doanvat,original sound - videomukbangg,Dunia mukbang,True,True,True
7628491366493867285,https://www.tiktok.com/@MS4wLjABAAAAMPnpn3EKG8gfAcqX7d5udBoWXobxoz2ltAK86h-KWmiWW8FQpaasKuCVtgQOhoIi/video/7628491366493867285,2026-04-14,13,Tue,32,74400,111,9,24,14,0.21,chài ơi mlem mlem#anvatcungtiktok #fyp #khoaimonmamhanh #xuhuong #doa...,anvatcungtiktok fyp khoaimonmamhanh xuhuong doa,original sound - doyan.makan7,ASMR🔥,True,True,True
7628270345249754389,https://www.tiktok.com/@MS4wLjABAAAAMPnpn3EKG8gfAcqX7d5udBoWXobxoz2ltAK86h-KWmiWW8FQpaasKuCVtgQOhoIi/video/7628270345249754389,2026-04-13,22,Mon,31,2145,7,4,2,1,0.65,mlem nhức néc#anvatcungtiktok #fyp #quecay #xuhuong #doanvat,anvatcungtiktok fyp quecay xuhuong doanvat,original sound - itsciezaa,Angel Cieza,True,True,True
7628257708247895316,https://www.tiktok.com/@MS4wLjABAAAAMPnpn3EKG8gfAcqX7d5udBoWXobxoz2ltAK86h-KWmiWW8FQpaasKuCVtgQOhoIi/video/7628257708247895316,2026-04-13,21,Mon,29,2646,2,2,0,1,0.19,mlem mlem quai#anvatcungtiktok #fyp #nuichien #xuhuong #doanvat,anvatcungtiktok fyp nuichien xuhuong doanvat,original sound - doyan.makan7,ASMR🔥,True,True,True
7628223277600935188,https://www.tiktok.com/@MS4wLjABAAAAMPnpn3EKG8gfAcqX7d5udBoWXobxoz2ltAK86h-KWmiWW8FQpaasKuCVtgQOhoIi/video/7628223277600935188,2026-04-13,19,Mon,33,489,1,0,0,1,0.41,chài ơi nó ngonn#anvatcungtiktok #fyp #snack #xuhuong #doanvat,anvatcungtiktok fyp snack xuhuong doanvat,original sound - yen_doanvathot,Yến Review🍔,True,True,False
7628187052336631061,https://www.tiktok.com/@MS4wLjABAAAAMPnpn3EKG8gfAcqX7d5udBoWXobxoz2ltAK86h-KWmiWW8FQpaasKuCVtgQOhoIi/video/7628187052336631061,2026-04-13,17,Mon,31,13500,15,1,9,7,0.24,Mlem mlem qué các vợ#anvatcungtiktok #fyp #khoaimonmamhanh #xuhuong #...,anvatcungtiktok fyp khoaimonmamhanh xuhuong,original sound - doyan.makan7,ASMR🔥,True,True,True
7627894486739275028,https://www.tiktok.com/@MS4wLjABAAAAMPnpn3EKG8gfAcqX7d5udBoWXobxoz2ltAK86h-KWmiWW8FQpaasKuCVtgQOhoIi/video/7627894486739275028,2026-04-12,22,Sun,29,476,4,2,2,1,1.89,Sờ néc tá lả#anvatcungtiktok #fyp #snack #xuhuong #doanvat,anvatcungtiktok fyp snack xuhuong doanvat,original sound - doyan.makan7,ASMR🔥,True,True,False
7627889750938144020,https://www.tiktok.com/@MS4wLjABAAAAMPnpn3EKG8gfAcqX7d5udBoWXobxoz2ltAK86h-KWmiWW8FQpaasKuCVtgQOhoIi/video/7627889750938144020,2026-04-12,22,Sun,31,11000,12,3,3,4,0.2,Ê nó đậm vị#anvatcungtiktok #fyp #khoheochaytoi #xuhuong #doanvat,anvatcungtiktok fyp khoheochaytoi xuhuong doanvat,original sound - asmrhieak,🔊🥧👩,True,True,True
7627834717831826708,https://www.tiktok.com/@MS4wLjABAAAAMPnpn3EKG8gfAcqX7d5udBoWXobxoz2ltAK86h-KWmiWW8FQpaasKuCVtgQOhoIi/video/7627834717831826708,2026-04-12,18,Sun,31,45400,53,10,18,7,0.19,Thử lẹ dùm anh đi#anvatcungtiktok #fyp #khoaimonmamhanh #xuhuong #doa...,anvatcungtiktok fyp khoaimonmamhanh xuhuong doa,original sound - doyan.makan7,ASMR🔥,True,True,True
7627811271173295381,https://www.tiktok.com/@MS4wLjABAAAAMPnpn3EKG8gfAcqX7d5udBoWXobxoz2ltAK86h-KWmiWW8FQpaasKuCVtgQOhoIi/video/7627811271173295381,2026-04-12,17,Sun,31,257400,556,42,130,78,0.31,Lẹ dùm anh các vợ#anvatcungtiktok #fyp #bocaymieng #xuhuong #doanvat,anvatcungtiktok fyp bocaymieng xuhuong doanvat,original sound - antitrangkhanzone1,Anti Trang Khàn zone,True,True,True
7627538179524005141,https://www.tiktok.com/@MS4wLjABAAAAMPnpn3EKG8gfAcqX7d5udBoWXobxoz2ltAK86h-KWmiWW8FQpaasKuCVtgQOhoIi/video/7627538179524005141,2026-04-11,23,Sat,29,79500,68,0,10,13,0.11,Mlem mlem#anvatcungtiktok #fyp #chumruotsaymuoiot #xuhuong #doanvat,anvatcungtiktok fyp chumruotsaymuoiot xuhuong doanvat,original sound - kemyeuoi._.moc,Kem cà lem,True,True,True
7627523379603541269,https://www.tiktok.com/@MS4wLjABAAAAMPnpn3EKG8gfAcqX7d5udBoWXobxoz2ltAK86h-KWmiWW8FQpaasKuCVtgQOhoIi/video/7627523379603541269,2026-04-11,22,Sat,34,6269,3,0,2,1,0.1,"Mlem mlem, cay cay#anvatcungtiktok #fyp #quecayvuongthanlong #xuhuong...",anvatcungtiktok fyp quecayvuongthanlong xuhuong,original sound - woowhasisb,woowhasisb,True,True,True
7627483829774683412,https://www.tiktok.com/@MS4wLjABAAAAMPnpn3EKG8gfAcqX7d5udBoWXobxoz2ltAK86h-KWmiWW8FQpaasKuCVtgQOhoIi/video/7627483829774683412,2026-04-11,19,Sat,30,5085,14,0,1,3,0.35,Ngon bây ơi#anvatcungtiktok #fyp #khoaitayphomai #xuhuong #doanvat,anvatcungtiktok fyp khoaitayphomai xuhuong doanvat,original sound - yen_doanvathot,Yến Review🍔,True,True,True
7627443946813361429,https://www.tiktok.com/@MS4wLjABAAAAMPnpn3EKG8gfAcqX7d5udBoWXobxoz2ltAK86h-KWmiWW8FQpaasKuCVtgQOhoIi/video/7627443946813361429,2026-04-11,17,Sat,30,9444,10,1,1,2,0.15,Ngongg đieng má ơi#anvatcungtiktok #fyp #khoaimonmamhanh #xuhuong #do...,anvatcungtiktok fyp khoaimonmamhanh xuhuong do,original sound - doyan.makan7,ASMR🔥,True,True,True
7627365878895496469,https://www.tiktok.com/@MS4wLjABAAAAMPnpn3EKG8gfAcqX7d5udBoWXobxoz2ltAK86h-KWmiWW8FQpaasKuCVtgQOhoIi/video/7627365878895496469,2026-04-11,12,Sat,32,4472,6,0,2,3,0.25,Mlem nha má#anvatcungtiktok #fyp #chumruotsaymuoiot #xuhuong #doanvat,anvatcungtiktok fyp chumruotsaymuoiot xuhuong doanvat,original sound - antitrangkhanzone1,Anti Trang Khàn zone,True,True,True
7627165375838358804,https://www.tiktok.com/@MS4wLjABAAAAMPnpn3EKG8gfAcqX7d5udBoWXobxoz2ltAK86h-KWmiWW8FQpaasKuCVtgQOhoIi/video/7627165375838358804,2026-04-10,23,Fri,28,56200,71,15,28,12,0.22,mlem mlem quai bây ơi#anvatcungtiktok #fyp #quecayvuongthanlong #xuhu...,anvatcungtiktok fyp quecayvuongthanlong xuhu,original sound - antitrangkhanzone1,Anti Trang Khàn zone,True,True,True
7627145669152705812,https://www.tiktok.com/@MS4wLjABAAAAMPnpn3EKG8gfAcqX7d5udBoWXobxoz2ltAK86h-KWmiWW8FQpaasKuCVtgQOhoIi/video/7627145669152705812,2026-04-10,22,Fri,29,2916,4,0,2,1,0.24,Ê má nó ngon#anvatcungtiktok #fyp #khoaimonmamhanh #xuhuong #doanvat,anvatcungtiktok fyp khoaimonmamhanh xuhuong doanvat,original sound - woowhasisb,woowhasisb,True,True,True
7627108037211196693,https://www.tiktok.com/@MS4wLjABAAAAMPnpn3EKG8gfAcqX7d5udBoWXobxoz2ltAK86h-KWmiWW8FQpaasKuCVtgQOhoIi/video/7627108037211196693,2026-04-10,19,Fri,31,1695,2,0,4,2,0.47,Mlem mlem mlem#anvatcungtiktok #fyp #khoaimonmamhanh #xuhuong #doanvat,anvatcungtiktok fyp khoaimonmamhanh xuhuong doanvat,original sound - yen_doanvathot,Yến Review🍔,True,True,True
7627061000964967701,https://www.tiktok.com/@MS4wLjABAAAAMPnpn3EKG8gfAcqX7d5udBoWXobxoz2ltAK86h-KWmiWW8FQpaasKuCVtgQOhoIi/video/7627061000964967701,2026-04-10,16,Fri,30,15400,10,0,3,2,0.1,Ê má nó ngon#anvatcungtiktok #fyp #bocaymieng #xuhuong #doanvat,anvatcungtiktok fyp bocaymieng xuhuong doanvat,original sound - itsciezaa,Angel Cieza,True,True,True
7626790829700435221,https://www.tiktok.com/@MS4wLjABAAAAMPnpn3EKG8gfAcqX7d5udBoWXobxoz2ltAK86h-KWmiWW8FQpaasKuCVtgQOhoIi/video/7626790829700435221,2026-04-09,23,Thu,29,262,3,2,2,1,3.05,Ngon quai lun#anvatcungtiktok #fyp #snack #xuhuong #doanvat,anvatcungtiktok fyp snack xuhuong doanvat,original sound - doyan.makan7,ASMR🔥,True,True,False
7626751895238888725,https://www.tiktok.com/@MS4wLjABAAAAMPnpn3EKG8gfAcqX7d5udBoWXobxoz2ltAK86h-KWmiWW8FQpaasKuCVtgQOhoIi/video/7626751895238888725,2026-04-09,20,Thu,32,4158,6,2,1,1,0.24,nó mlem bay ơi#anvatcungtiktok #fyp #snack #xuhuong #doanvat,anvatcungtiktok fyp snack xuhuong doanvat,original sound - doyan.makan7,ASMR🔥,True,True,True
7626693790811770133,https://www.tiktok.com/@MS4wLjABAAAAMPnpn3EKG8gfAcqX7d5udBoWXobxoz2ltAK86h-KWmiWW8FQpaasKuCVtgQOhoIi/video/7626693790811770133,2026-04-09,16,Thu,34,342,4,0,1,1,1.75,ngon đingg lun các vợ#anvatcungtiktok #fyp #mitronindomie #xuhuong #d...,anvatcungtiktok fyp mitronindomie xuhuong d,original sound - mukbang.rendom,Foodie🍜🧋,True,True,False
7626635427939699988,https://www.tiktok.com/@MS4wLjABAAAAMPnpn3EKG8gfAcqX7d5udBoWXobxoz2ltAK86h-KWmiWW8FQpaasKuCVtgQOhoIi/video/7626635427939699988,2026-04-09,13,Thu,33,2638,3,1,3,3,0.38,Mlem qué tụi bay#anvatcungtiktok #fyp #quecayvuongthanlong #xuhuong #...,anvatcungtiktok fyp quecayvuongthanlong xuhuong,original sound - itsciezaa,Angel Cieza,True,True,True
7626585717761740052,https://www.tiktok.com/@MS4wLjABAAAAMPnpn3EKG8gfAcqX7d5udBoWXobxoz2ltAK86h-KWmiWW8FQpaasKuCVtgQOhoIi/video/7626585717761740052,2026-04-09,9,Thu,31,25400,13,2,4,3,0.09,hốt kẹ các vợ ơi#anvatcungtiktok #fyp #quecay #xuhuong #doanvat,anvatcungtiktok fyp quecay xuhuong doanvat,original sound - itsciezaa,Angel Cieza,True,True,True
7626403583575018772,https://www.tiktok.com/@MS4wLjABAAAAMPnpn3EKG8gfAcqX7d5udBoWXobxoz2ltAK86h-KWmiWW8FQpaasKuCVtgQOhoIi/video/7626403583575018772,2026-04-08,22,Wed,28,262,3,1,1,1,2.29,Má ơi nó giòn tan#anvatcungtiktok #fyp #khoaitayphomai #xuhuong #doan...,anvatcungtiktok fyp khoaitayphomai xuhuong doan,original sound - yen_doanvathot,Yến Review🍔,True,True,False
7626370699535469844,https://www.tiktok.com/@MS4wLjABAAAAMPnpn3EKG8gfAcqX7d5udBoWXobxoz2ltAK86h-KWmiWW8FQpaasKuCVtgQOhoIi/video/7626370699535469844,2026-04-08,19,Wed,35,595300,1675,100,514,241,0.42,Mlem lunnnn trời#anvatcungtiktok #fyp #bocaymieng #xuhuong #doanvat,anvatcungtiktok fyp bocaymieng xuhuong doanvat,original sound - antitrangkhanzone1,Anti Trang Khàn zone,True,True,True
7626322022800395540,https://www.tiktok.com/@MS4wLjABAAAAMPnpn3EKG8gfAcqX7d5udBoWXobxoz2ltAK86h-KWmiWW8FQpaasKuCVtgQOhoIi/video/7626322022800395540,2026-04-08,16,Wed,30,37300,51,6,8,2,0.18,Ê nó ngon tỵt luôn má#anvatcungtiktok #fyp #quecayvuongthanlong #xuhu...,anvatcungtiktok fyp quecayvuongthanlong xuhu,original sound - woowhasisb,woowhasisb,True,True,True
7626247446699576596,https://www.tiktok.com/@MS4wLjABAAAAMPnpn3EKG8gfAcqX7d5udBoWXobxoz2ltAK86h-KWmiWW8FQpaasKuCVtgQOhoIi/video/7626247446699576596,2026-04-08,11,Wed,30,1716,10,2,2,1,0.87,Lẹ lẹ dùm anh nha vợ#anvatcungtiktok #fyp #snack #xuhuong #doanvat,anvatcungtiktok fyp snack xuhuong doanvat,original sound - yen_doanvathot,Yến Review🍔,True,True,False
7626226005023214869,https://www.tiktok.com/@MS4wLjABAAAAMPnpn3EKG8gfAcqX7d5udBoWXobxoz2ltAK86h-KWmiWW8FQpaasKuCVtgQOhoIi/video/7626226005023214869,2026-04-08,10,Wed,30,3206,3,1,3,1,0.25,ê các mày ơi ngon#anvatcungtiktok #fyp #topmo #xuhuong #doanvat,anvatcungtiktok fyp topmo xuhuong doanvat,Happy Feels (NPC Life),Trendify,False,True,True
7626041643367484692,https://www.tiktok.com/@MS4wLjABAAAAMPnpn3EKG8gfAcqX7d5udBoWXobxoz2ltAK86h-KWmiWW8FQpaasKuCVtgQOhoIi/video/7626041643367484692,2026-04-07,22,Tue,31,3579,4,2,2,2,0.28,Cái món này cu.ố.n#anvatcungtiktok #fyp #nuichien #xuhuong #doanvat,anvatcungtiktok fyp nuichien xuhuong doanvat,Meow number 16 - The kitten's nose,AtilaKw,False,True,True
7626007657870019860,https://www.tiktok.com/@MS4wLjABAAAAMPnpn3EKG8gfAcqX7d5udBoWXobxoz2ltAK86h-KWmiWW8FQpaasKuCVtgQOhoIi/video/7626007657870019860,2026-04-07,20,Tue,29,1996,5,1,2,2,0.5,Chài ưi nó ngonn#anvatcungtiktok #fyp #quecay #xuhuong #doanvat,anvatcungtiktok fyp quecay xuhuong doanvat,Meow number 16 - The kitten's nose,AtilaKw,False,True,True
7625980163137867028,https://www.tiktok.com/@MS4wLjABAAAAMPnpn3EKG8gfAcqX7d5udBoWXobxoz2ltAK86h-KWmiWW8FQpaasKuCVtgQOhoIi/video/7625980163137867028,2026-04-07,18,Tue,30,115700,105,19,42,18,0.16,Đứa nào đưa nào#anvatcungtiktok #fyp #quecayvuongthanlong #xuhuong #d...,anvatcungtiktok fyp quecayvuongthanlong xuhuong d,original sound - woowhasisb,woowhasisb,True,True,True
7625900247356689684,https://www.tiktok.com/@MS4wLjABAAAAMPnpn3EKG8gfAcqX7d5udBoWXobxoz2ltAK86h-KWmiWW8FQpaasKuCVtgQOhoIi/video/7625900247356689684,2026-04-07,13,Tue,33,297500,388,18,163,46,0.21,nó mlem mlem#anvatcungtiktok #fyp #quecayvuongthanlong#xuhuong #doanvat,anvatcungtiktok fyp quecayvuongthanlong xuhuong doanvat,original sound - itsciezaa,Angel Cieza,True,True,True
7625861456780659988,https://www.tiktok.com/@MS4wLjABAAAAMPnpn3EKG8gfAcqX7d5udBoWXobxoz2ltAK86h-KWmiWW8FQpaasKuCVtgQOhoIi/video/7625861456780659988,2026-04-07,10,Tue,28,17900,33,2,3,5,0.24,Mem mem mem#anvatcungtiktok #fyp #khoheochaytoi #xuhuong #doanvat,anvatcungtiktok fyp khoheochaytoi xuhuong doanvat,original sound - thisismohon,This is Mỏ Hỗn,True,True,True
7625678782942432533,https://www.tiktok.com/@MS4wLjABAAAAMPnpn3EKG8gfAcqX7d5udBoWXobxoz2ltAK86h-KWmiWW8FQpaasKuCVtgQOhoIi/video/7625678782942432533,2026-04-06,23,Mon,31,5653,9,1,3,2,0.27,Nui chiên mắm tỏi🌶️#anvatcungtiktok #fyp #nuichien #xuhuong #doanvat,anvatcungtiktok fyp nuichien xuhuong doanvat,original sound - doyan.makan7,ASMR🔥,True,True,True
7625664635760315669,https://www.tiktok.com/@MS4wLjABAAAAMPnpn3EKG8gfAcqX7d5udBoWXobxoz2ltAK86h-KWmiWW8FQpaasKuCVtgQOhoIi/video/7625664635760315669,2026-04-06,22,Mon,29,4637,9,0,3,2,0.3,"Nó ngon, nó giòn, nó mlem#anvatcungtiktok #fyp #khoaitayphomai #xuhuo...",anvatcungtiktok fyp khoaitayphomai xuhuo,original sound - mukbang.rendom,Foodie🍜🧋,True,True,True
7625639258363022612,https://www.tiktok.com/@MS4wLjABAAAAMPnpn3EKG8gfAcqX7d5udBoWXobxoz2ltAK86h-KWmiWW8FQpaasKuCVtgQOhoIi/video/7625639258363022612,2026-04-06,20,Mon,30,845,4,0,0,2,0.71,Má nó mlem#anvatcungtiktok #fyp #khoaitayphomai #xuhuong #doanvat,anvatcungtiktok fyp khoaitayphomai xuhuong doanvat,original sound - doyan.makan7,ASMR🔥,True,True,False
7625590668366400789,https://www.tiktok.com/@MS4wLjABAAAAMPnpn3EKG8gfAcqX7d5udBoWXobxoz2ltAK86h-KWmiWW8FQpaasKuCVtgQOhoIi/video/7625590668366400789,2026-04-06,17,Mon,30,5570,6,0,8,1,0.27,Ê mlem quai vợ ui#anvatcungtiktok #fyp #quecayvuongthanlon#xuhuong #d...,anvatcungtiktok fyp quecayvuongthanlon xuhuong d,original sound - itsciezaa,Angel Cieza,True,True,True
7625493083534167316,https://www.tiktok.com/@MS4wLjABAAAAMPnpn3EKG8gfAcqX7d5udBoWXobxoz2ltAK86h-KWmiWW8FQpaasKuCVtgQOhoIi/video/7625493083534167316,2026-04-06,11,Mon,31,73800,63,3,12,18,0.13,Snack mực nướng#anvatcungtiktok #fyp #snack #xuhuong #doanvat,anvatcungtiktok fyp snack xuhuong doanvat,original sound - yen_doanvathot,Yến Review🍔,True,True,True
7625297507735719189,https://www.tiktok.com/@MS4wLjABAAAAMPnpn3EKG8gfAcqX7d5udBoWXobxoz2ltAK86h-KWmiWW8FQpaasKuCVtgQOhoIi/video/7625297507735719189,2026-04-05,22,Sun,30,213000,400,29,131,65,0.29,Mlem mlem đienggg luon má#anvatcungtiktok #fyp #nuichien #xuhuong #do...,anvatcungtiktok fyp nuichien xuhuong do,original sound - doyan.makan7,ASMR🔥,True,True,True
7625277147929742612,https://www.tiktok.com/@MS4wLjABAAAAMPnpn3EKG8gfAcqX7d5udBoWXobxoz2ltAK86h-KWmiWW8FQpaasKuCVtgQOhoIi/video/7625277147929742612,2026-04-05,21,Sun,31,11600,21,2,13,4,0.34,Bich bự ê hê ê hê luôn các vợ#anvatcungtiktok #fyp #banhtrang#xuhuong...,anvatcungtiktok fyp banhtrang xuhuong,Meow number 16 - The kitten's nose,AtilaKw,False,True,True
7625250638498155796,https://www.tiktok.com/@MS4wLjABAAAAMPnpn3EKG8gfAcqX7d5udBoWXobxoz2ltAK86h-KWmiWW8FQpaasKuCVtgQOhoIi/video/7625250638498155796,2026-04-05,19,Sun,32,191500,419,13,194,51,0.35,Sổ néch vương thần long#anvatcungtiktok #fyp #quecayvuongthanlong #xu...,anvatcungtiktok fyp quecayvuongthanlong xu,original sound - itsciezaa,Angel Cieza,True,True,True
7625124006340906260,https://www.tiktok.com/@MS4wLjABAAAAMPnpn3EKG8gfAcqX7d5udBoWXobxoz2ltAK86h-KWmiWW8FQpaasKuCVtgQOhoIi/video/7625124006340906260,2026-04-05,11,Sun,27,90300,98,2,25,13,0.15,Côm bô này ăn nó đã#anvatcungtiktok #fyp #snack #xuhuong #doanvat,anvatcungtiktok fyp snack xuhuong doanvat,original sound - doyan.makan7,ASMR🔥,True,True,True
7624940083904253205,https://www.tiktok.com/@MS4wLjABAAAAMPnpn3EKG8gfAcqX7d5udBoWXobxoz2ltAK86h-KWmiWW8FQpaasKuCVtgQOhoIi/video/7624940083904253205,2026-04-04,23,Sat,30,34100,53,0,13,2,0.2,Mlem quaii đuyy#anvatcungtiktok #fyp #bocaymieng #xuhuong #doanvat,anvatcungtiktok fyp bocaymieng xuhuong doanvat,original sound - itsciezaa,Angel Cieza,True,True,True
7624821944633789717,https://www.tiktok.com/@MS4wLjABAAAAMPnpn3EKG8gfAcqX7d5udBoWXobxoz2ltAK86h-KWmiWW8FQpaasKuCVtgQOhoIi/video/7624821944633789717,2026-04-04,15,Sat,32,1400000,4995,323,1488,682,0.53,nó mlem mlem lắm ấy chúng mày#anvatcungtiktok #fyp #quecayvuongthanlo...,anvatcungtiktok fyp quecayvuongthanlo,original sound - itsciezaa,Angel Cieza,True,True,True
7624750309688200469,https://www.tiktok.com/@MS4wLjABAAAAMPnpn3EKG8gfAcqX7d5udBoWXobxoz2ltAK86h-KWmiWW8FQpaasKuCVtgQOhoIi/video/7624750309688200469,2026-04-04,11,Sat,32,499,4,2,3,4,2.61,Mềm mềm mê nha#anvatcungtiktok #fyp #banhbonglan #xuhuong #doanvat,anvatcungtiktok fyp banhbonglan xuhuong doanvat,Meow number 16 - The kitten's nose,AtilaKw,False,True,False
7624552184297819412,https://www.tiktok.com/@MS4wLjABAAAAMPnpn3EKG8gfAcqX7d5udBoWXobxoz2ltAK86h-KWmiWW8FQpaasKuCVtgQOhoIi/video/7624552184297819412,2026-04-03,22,Fri,28,21700,10,1,3,2,0.07,Mê cái món này các mày ơi#anvatcungtiktok #fyp #bocaymieng #xuhuong #...,anvatcungtiktok fyp bocaymieng xuhuong,original sound - itsciezaa,Angel Cieza,True,True,True
7624524039507250453,https://www.tiktok.com/@MS4wLjABAAAAMPnpn3EKG8gfAcqX7d5udBoWXobxoz2ltAK86h-KWmiWW8FQpaasKuCVtgQOhoIi/video/7624524039507250453,2026-04-03,20,Fri,29,20800,14,0,1,3,0.09,mlem lém luôngg#anvatcungtiktok #fyp #snack #xuhuong #doanvat,anvatcungtiktok fyp snack xuhuong doanvat,original sound - mukbang.rendom,Foodie🍜🧋,True,True,True
7624486099217386772,https://www.tiktok.com/@MS4wLjABAAAAMPnpn3EKG8gfAcqX7d5udBoWXobxoz2ltAK86h-KWmiWW8FQpaasKuCVtgQOhoIi/video/7624486099217386772,2026-04-03,18,Fri,29,39100,94,82,10,15,0.51,mlem mlem điêngg luônggg#anvatcungtiktok#fyp #nuichien #xuhuong #doan...,anvatcungtiktok fyp nuichien xuhuong doan,original sound - doyan.makan7,ASMR🔥,True,True,True
7624414730748235028,https://www.tiktok.com/@MS4wLjABAAAAMPnpn3EKG8gfAcqX7d5udBoWXobxoz2ltAK86h-KWmiWW8FQpaasKuCVtgQOhoIi/video/7624414730748235028,2026-04-03,13,Fri,31,72600,132,13,83,18,0.34,Mlem mlem lắm vợ ơi#anvatcungtiktok #fyp #quecayvuongthanlong #xuhuon...,anvatcungtiktok fyp quecayvuongthanlong xuhuon,original sound - itsciezaa,Angel Cieza,True,True,True
7624185542413978901,https://www.tiktok.com/@MS4wLjABAAAAMPnpn3EKG8gfAcqX7d5udBoWXobxoz2ltAK86h-KWmiWW8FQpaasKuCVtgQOhoIi/video/7624185542413978901,2026-04-02,22,Thu,29,2810,5,0,2,1,0.28,Mlem lứmmmmm#anvatcungtiktok #fyp #snack #xuhuong #doanvat,anvatcungtiktok fyp snack xuhuong doanvat,original sound - mukbang.rendom,Foodie🍜🧋,True,True,True
7624150637999099157,https://www.tiktok.com/@MS4wLjABAAAAMPnpn3EKG8gfAcqX7d5udBoWXobxoz2ltAK86h-KWmiWW8FQpaasKuCVtgQOhoIi/video/7624150637999099157,2026-04-02,20,Thu,31,684,8,0,2,2,1.75,Nó cay nó tê mê#anvatcungtiktok #fyp #quecay #hangdai #xuhuong,anvatcungtiktok fyp quecay hangdai xuhuong,original sound - antitrangkhanzone1,Anti Trang Khàn zone,True,True,False
7624101638592122132,https://www.tiktok.com/@MS4wLjABAAAAMPnpn3EKG8gfAcqX7d5udBoWXobxoz2ltAK86h-KWmiWW8FQpaasKuCVtgQOhoIi/video/7624101638592122132,2026-04-02,17,Thu,30,8658,11,4,4,4,0.27,Nui chiên mắm tỏi🌶️#anvatcungtiktok #fyp #nuichien #xuhuong #doanvat,anvatcungtiktok fyp nuichien xuhuong doanvat,original sound - doyan.makan7,ASMR🔥,True,True,True
7624044453405232404,https://www.tiktok.com/@MS4wLjABAAAAMPnpn3EKG8gfAcqX7d5udBoWXobxoz2ltAK86h-KWmiWW8FQpaasKuCVtgQOhoIi/video/7624044453405232404,2026-04-02,13,Thu,29,36600,35,3,10,2,0.14,Mờ lem mờ lem#anvatcungtiktok #fyp #khoaitaylacphomai #xuhuong #doanvat,anvatcungtiktok fyp khoaitaylacphomai xuhuong doanvat,original sound - yen_doanvathot,Yến Review🍔,True,True,True
7623816424523353364,https://www.tiktok.com/@MS4wLjABAAAAMPnpn3EKG8gfAcqX7d5udBoWXobxoz2ltAK86h-KWmiWW8FQpaasKuCVtgQOhoIi/video/7623816424523353364,2026-04-01,22,Wed,33,10900,11,8,9,4,0.29,Mlem các vợ ơi#anvatcungtiktok #fyp #quecayvuongthanlong #xuhuong #do...,anvatcungtiktok fyp quecayvuongthanlong xuhuong do,original sound - itsciezaa,Angel Cieza,True,True,True
7623781474432535828,https://www.tiktok.com/@MS4wLjABAAAAMPnpn3EKG8gfAcqX7d5udBoWXobxoz2ltAK86h-KWmiWW8FQpaasKuCVtgQOhoIi/video/7623781474432535828,2026-04-01,20,Wed,30,182900,290,16,70,40,0.23,Xì néch mực nướng#anvatcungtiktok #fyp #snack #xuhuong #doanvat,anvatcungtiktok fyp snack xuhuong doanvat,original sound - doyan.makan7,ASMR🔥,True,True,True
7623730326459698452,https://www.tiktok.com/@MS4wLjABAAAAMPnpn3EKG8gfAcqX7d5udBoWXobxoz2ltAK86h-KWmiWW8FQpaasKuCVtgQOhoIi/video/7623730326459698452,2026-04-01,17,Wed,29,2073,18,4,3,2,1.3,Ê ê ê các vợ#anvatcungtiktok #fyp #khoaitaylac #xuhuong #doanvat,anvatcungtiktok fyp khoaitaylac xuhuong doanvat,original sound - mukbang.rendom,Foodie🍜🧋,True,True,True
7623671404604673300,https://www.tiktok.com/@MS4wLjABAAAAMPnpn3EKG8gfAcqX7d5udBoWXobxoz2ltAK86h-KWmiWW8FQpaasKuCVtgQOhoIi/video/7623671404604673300,2026-04-01,13,Wed,32,256600,561,55,145,97,0.33,"Nó mlem, nó ngon, nó cuốnnn#anvatcungtiktok #fyp #nuichien #xuhuong #...",anvatcungtiktok fyp nuichien xuhuong,original sound - doyan.makan7,ASMR🔥,True,True,True
7623456185613552917,https://www.tiktok.com/@MS4wLjABAAAAMPnpn3EKG8gfAcqX7d5udBoWXobxoz2ltAK86h-KWmiWW8FQpaasKuCVtgQOhoIi/video/7623456185613552917,2026-03-31,23,Tue,29,19700,15,1,21,4,0.21,lẹ dùm anh đi#anvatcungtiktok #fyp #quecayvuongthanlong #xuhuong #doa...,anvatcungtiktok fyp quecayvuongthanlong xuhuong doa,original sound - woowhasisb,woowhasisb,True,True,True
7623417351140101397,https://www.tiktok.com/@MS4wLjABAAAAMPnpn3EKG8gfAcqX7d5udBoWXobxoz2ltAK86h-KWmiWW8FQpaasKuCVtgQOhoIi/video/7623417351140101397,2026-03-31,20,Tue,30,92400,192,4,48,28,0.29,Nò cay miếnggg#anvatcungtiktok #fyp #bocaymieng #xuhuong #doanvat,anvatcungtiktok fyp bocaymieng xuhuong doanvat,Meow number 16 - The kitten's nose,AtilaKw,False,True,True
7623385938558766356,https://www.tiktok.com/@MS4wLjABAAAAMPnpn3EKG8gfAcqX7d5udBoWXobxoz2ltAK86h-KWmiWW8FQpaasKuCVtgQOhoIi/video/7623385938558766356,2026-03-31,18,Tue,32,939300,1525,124,418,295,0.25,Ê nó mlem vãi tụi bay#anvatcungtiktok #fyp #nuichien #xuhuong #doanvat,anvatcungtiktok fyp nuichien xuhuong doanvat,original sound - doyan.makan7,ASMR🔥,True,True,True
7623301046152023317,https://www.tiktok.com/@MS4wLjABAAAAMPnpn3EKG8gfAcqX7d5udBoWXobxoz2ltAK86h-KWmiWW8FQpaasKuCVtgQOhoIi/video/7623301046152023317,2026-03-31,13,Tue,29,16200,24,4,6,8,0.26,combo ê hê ê hê này các vợ#fyp #fyp #snack #xuhuong #doanvat,fyp fyp snack xuhuong doanvat,original sound - doyan.makan7,ASMR🔥,True,True,True
7623083053836930324,https://www.tiktok.com/@MS4wLjABAAAAMPnpn3EKG8gfAcqX7d5udBoWXobxoz2ltAK86h-KWmiWW8FQpaasKuCVtgQOhoIi/video/7623083053836930324,2026-03-30,23,Mon,30,81900,83,16,14,25,0.17,thử đi các vợ ơi#anvatcungtiktok #fyp #snack #xuhuong #doanvat,anvatcungtiktok fyp snack xuhuong doanvat,original sound - yen_doanvathot,Yến Review🍔,True,True,True
7623066878407216405,https://www.tiktok.com/@MS4wLjABAAAAMPnpn3EKG8gfAcqX7d5udBoWXobxoz2ltAK86h-KWmiWW8FQpaasKuCVtgQOhoIi/video/7623066878407216405,2026-03-30,22,Mon,33,203700,498,44,269,60,0.43,ngon ngon ngon#anvatcungtiktok #fyp #quecayvuongthanlong #xuhuong #do...,anvatcungtiktok fyp quecayvuongthanlong xuhuong do,original sound - itsciezaa,Angel Cieza,True,True,True
7623054094512557333,https://www.tiktok.com/@MS4wLjABAAAAMPnpn3EKG8gfAcqX7d5udBoWXobxoz2ltAK86h-KWmiWW8FQpaasKuCVtgQOhoIi/video/7623054094512557333,2026-03-30,21,Mon,29,88000,266,83,37,22,0.46,Mlem điengg luôn#anvatcungtiktok #fyp #nuichien #xuhuong #doanvat,anvatcungtiktok fyp nuichien xuhuong doanvat,original sound - doyan.makan7,ASMR🔥,True,True,True
7622930787083488533,https://www.tiktok.com/@MS4wLjABAAAAMPnpn3EKG8gfAcqX7d5udBoWXobxoz2ltAK86h-KWmiWW8FQpaasKuCVtgQOhoIi/video/7622930787083488533,2026-03-30,13,Mon,29,50900,60,3,57,12,0.26,ngon bây ơiii#anvatcungtiktok #fyp #bocaymieng #xuhuong #doanvat,anvatcungtiktok fyp bocaymieng xuhuong doanvat,Meow number 16 - The kitten's nose,AtilaKw,False,True,True
7622689100390255893,https://www.tiktok.com/@MS4wLjABAAAAMPnpn3EKG8gfAcqX7d5udBoWXobxoz2ltAK86h-KWmiWW8FQpaasKuCVtgQOhoIi/video/7622689100390255893,2026-03-29,21,Sun,34,8268,11,6,3,1,0.25,Mlem mlem mlem wua#anvatcungtiktok #fyp #quecayvuongthanlong #xuhuong...,anvatcungtiktok fyp quecayvuongthanlong xuhuong,original sound - itsciezaa,Angel Cieza,True,True,True
7622665938151771412,https://www.tiktok.com/@MS4wLjABAAAAMPnpn3EKG8gfAcqX7d5udBoWXobxoz2ltAK86h-KWmiWW8FQpaasKuCVtgQOhoIi/video/7622665938151771412,2026-03-29,20,Sun,32,3019,5,0,3,2,0.33,Nước yến đông trùng hạ thảo#anvatcungtiktok #fyp #nuocyendongtrunghao...,anvatcungtiktok fyp nuocyendongtrunghao,My Coffee,Saki Music,False,True,True
7622619994941459733,https://www.tiktok.com/@MS4wLjABAAAAMPnpn3EKG8gfAcqX7d5udBoWXobxoz2ltAK86h-KWmiWW8FQpaasKuCVtgQOhoIi/video/7622619994941459733,2026-03-29,17,Sun,31,5117,13,8,3,5,0.57,Mlem mlem wuai#anvatcungtiktok #fyp #nuichien #xuhuong #doanvat,anvatcungtiktok fyp nuichien xuhuong doanvat,Meow number 16 - The kitten's nose,AtilaKw,False,True,True
7622558913971801365,https://www.tiktok.com/@MS4wLjABAAAAMPnpn3EKG8gfAcqX7d5udBoWXobxoz2ltAK86h-KWmiWW8FQpaasKuCVtgQOhoIi/video/7622558913971801365,2026-03-29,13,Sun,29,8902,20,2,9,7,0.43,giòn mê các vợ ơi#anvatcungtiktok #fyp #snack #mienaak #xuhuong,anvatcungtiktok fyp snack mienaak xuhuong,original sound - doyan.makan7,ASMR🔥,True,True,True
7622340106728344852,https://www.tiktok.com/@MS4wLjABAAAAMPnpn3EKG8gfAcqX7d5udBoWXobxoz2ltAK86h-KWmiWW8FQpaasKuCVtgQOhoIi/video/7622340106728344852,2026-03-28,23,Sat,28,3300000,7781,665,3189,934,0.38,Mlem mlem quai luôn#anvatcungtiktok #fyp #quecayvuongthanlong #xuhuon...,anvatcungtiktok fyp quecayvuongthanlong xuhuon,original sound - itsciezaa,Angel Cieza,True,True,True
7622294638950354197,https://www.tiktok.com/@MS4wLjABAAAAMPnpn3EKG8gfAcqX7d5udBoWXobxoz2ltAK86h-KWmiWW8FQpaasKuCVtgQOhoIi/video/7622294638950354197,2026-03-28,20,Sat,30,2268,6,1,1,3,0.49,ngon lắm các vợ ơii#anvatcungtiktok #fyp #mitron #indomie #xuhuong,anvatcungtiktok fyp mitron indomie xuhuong,s o u n d s,՞ ܸ 𐔌 ༝ ⍺chel ៸ 🎀 𓈒,True,True,False
7622242819750677781,https://www.tiktok.com/@MS4wLjABAAAAMPnpn3EKG8gfAcqX7d5udBoWXobxoz2ltAK86h-KWmiWW8FQpaasKuCVtgQOhoIi/video/7622242819750677781,2026-03-28,16,Sat,30,231700,556,67,202,70,0.39,Má nó mlem wuaaa#anvatcungtiktok #fyp #nuichien #xuhuong #doanvat,anvatcungtiktok fyp nuichien xuhuong doanvat,Meow number 16 - The kitten's nose,AtilaKw,False,True,True
7622175618225949972,https://www.tiktok.com/@MS4wLjABAAAAMPnpn3EKG8gfAcqX7d5udBoWXobxoz2ltAK86h-KWmiWW8FQpaasKuCVtgQOhoIi/video/7622175618225949972,2026-03-28,12,Sat,30,27700,58,4,11,22,0.34,mlem lắm các vợ#anvatcungtiktok #fyp #quecay #xuhuong #doanvat,anvatcungtiktok fyp quecay xuhuong doanvat,original sound - viulvwcnx0g,yummy,True,True,True
7621960639921065237,https://www.tiktok.com/@MS4wLjABAAAAMPnpn3EKG8gfAcqX7d5udBoWXobxoz2ltAK86h-KWmiWW8FQpaasKuCVtgQOhoIi/video/7621960639921065237,2026-03-27,22,Fri,30,934,6,0,2,3,1.18,Món này tàu mê#anvatcungtiktok #fyp #xucxichphomai #xuhuong #doanvat,anvatcungtiktok fyp xucxichphomai xuhuong doanvat,s o u n d s,՞ ܸ 𐔌 ༝ ⍺chel ៸ 🎀 𓈒,True,True,True
7621933204835945748,https://www.tiktok.com/@MS4wLjABAAAAMPnpn3EKG8gfAcqX7d5udBoWXobxoz2ltAK86h-KWmiWW8FQpaasKuCVtgQOhoIi/video/7621933204835945748,2026-03-27,20,Fri,31,9799,7,1,3,2,0.13,Mê mê mê#anvatcungtiktok #fyp #quecayvuongthanlong #xuhuong #doanvat,anvatcungtiktok fyp quecayvuongthanlong xuhuong doanvat,original sound - itsciezaa,Angel Cieza,True,True,True
7621912418330955029,https://www.tiktok.com/@MS4wLjABAAAAMPnpn3EKG8gfAcqX7d5udBoWXobxoz2ltAK86h-KWmiWW8FQpaasKuCVtgQOhoIi/video/7621912418330955029,2026-03-27,19,Fri,32,42000,97,74,24,13,0.5,Ngon các vợ của anh ơi#anvatcungtiktok #fyp #nuichien #xuhuong #doanvat,anvatcungtiktok fyp nuichien xuhuong doanvat,original sound - doyan.makan7,ASMR🔥,True,True,True
7621867348768722196,https://www.tiktok.com/@MS4wLjABAAAAMPnpn3EKG8gfAcqX7d5udBoWXobxoz2ltAK86h-KWmiWW8FQpaasKuCVtgQOhoIi/video/7621867348768722196,2026-03-27,16,Fri,29,42700,103,11,35,16,0.39,cay hơn nycu#anvatcungtiktok #fyp #banhtrangxikesieucay #xuhuong #doa...,anvatcungtiktok fyp banhtrangxikesieucay xuhuong doa,original sound - antitrangkhanzone1,Anti Trang Khàn zone,True,True,True
7621595154075405588,https://www.tiktok.com/@MS4wLjABAAAAMPnpn3EKG8gfAcqX7d5udBoWXobxoz2ltAK86h-KWmiWW8FQpaasKuCVtgQOhoIi/video/7621595154075405588,2026-03-26,23,Thu,33,17800,33,3,9,10,0.31,lẹ lẹ nào các vợ#anvatcungtiktok #fyp #bocaymieng #xuhuong#doanvat,anvatcungtiktok fyp bocaymieng xuhuong doanvat,Meow number 16 - The kitten's nose,AtilaKw,False,True,True
7621564037523852565,https://www.tiktok.com/@MS4wLjABAAAAMPnpn3EKG8gfAcqX7d5udBoWXobxoz2ltAK86h-KWmiWW8FQpaasKuCVtgQOhoIi/video/7621564037523852565,2026-03-26,21,Thu,31,19300,6,0,3,1,0.05,Ngon quãi luôn má#anvatcungtiktok #fyp #snackbocay #xuhuong #doanvat,anvatcungtiktok fyp snackbocay xuhuong doanvat,original sound - woowhasisb,woowhasisb,True,True,True
7621517792872893717,https://www.tiktok.com/@MS4wLjABAAAAMPnpn3EKG8gfAcqX7d5udBoWXobxoz2ltAK86h-KWmiWW8FQpaasKuCVtgQOhoIi/video/7621517792872893717,2026-03-26,18,Thu,29,148800,268,15,153,33,0.32,Trả lời @Gọi em là vợ mlem lắm ấy các vợ#anvatcungtiktok #fyp #quecay...,anvatcungtiktok fyp quecay,original sound - itsciezaa,Angel Cieza,True,True,True
7621437827569519893,https://www.tiktok.com/@MS4wLjABAAAAMPnpn3EKG8gfAcqX7d5udBoWXobxoz2ltAK86h-KWmiWW8FQpaasKuCVtgQOhoIi/video/7621437827569519893,2026-03-26,12,Thu,30,16200,33,2,23,6,0.4,Cay cay cay#anvatcungtiktok #fyp #banhtrangtron #xuhuong #doanvat,anvatcungtiktok fyp banhtrangtron xuhuong doanvat,original sound - mukbang.rendom,Foodie🍜🧋,True,True,True
7621217272899767572,https://www.tiktok.com/@MS4wLjABAAAAMPnpn3EKG8gfAcqX7d5udBoWXobxoz2ltAK86h-KWmiWW8FQpaasKuCVtgQOhoIi/video/7621217272899767572,2026-03-25,22,Wed,30,266400,1451,58,365,184,0.77,thử lẹ đi các vợ#anvatcungtiktok #fyp #mitron #indomie #xuhuong,anvatcungtiktok fyp mitron indomie xuhuong,original sound - mukbang.rendom,Foodie🍜🧋,True,True,False
7621179095992306964,https://www.tiktok.com/@MS4wLjABAAAAMPnpn3EKG8gfAcqX7d5udBoWXobxoz2ltAK86h-KWmiWW8FQpaasKuCVtgQOhoIi/video/7621179095992306964,2026-03-25,20,Wed,32,706900,1758,161,776,189,0.41,Sổ nách vương thần long#anvatcungtiktok #fyp #quecayvuongthanlong #xu...,anvatcungtiktok fyp quecayvuongthanlong xu,original sound - itsciezaa,Angel Cieza,True,True,True
7621165770898263316,https://www.tiktok.com/@MS4wLjABAAAAMPnpn3EKG8gfAcqX7d5udBoWXobxoz2ltAK86h-KWmiWW8FQpaasKuCVtgQOhoIi/video/7621165770898263316,2026-03-25,19,Wed,31,467,5,1,4,2,2.57,Nó giòn rụm luôn ấy#anvatcungtiktok #fyp #banhdaymatmia #xuhuong #doa...,anvatcungtiktok fyp banhdaymatmia xuhuong doa,Happy Feels (NPC Life),Trendify,False,True,False
7621066320993455381,https://www.tiktok.com/@MS4wLjABAAAAMPnpn3EKG8gfAcqX7d5udBoWXobxoz2ltAK86h-KWmiWW8FQpaasKuCVtgQOhoIi/video/7621066320993455381,2026-03-25,12,Wed,30,15700,46,0,8,8,0.39,má ăn nó cuốnnn#anvatcungtiktok #fyp #quecay #xuhuong #doanvat,anvatcungtiktok fyp quecay xuhuong doanvat,original sound - viulvwcnx0g,yummy,True,True,True
7620844125935455508,https://www.tiktok.com/@MS4wLjABAAAAMPnpn3EKG8gfAcqX7d5udBoWXobxoz2ltAK86h-KWmiWW8FQpaasKuCVtgQOhoIi/video/7620844125935455508,2026-03-24,22,Tue,31,5427,7,0,1,1,0.17,Mê ẻm này quá các vợ#anvatcungtiktok #fyp #xucxichphomai #xuhuong #do...,anvatcungtiktok fyp xucxichphomai xuhuong do,s o u n d s,՞ ܸ 𐔌 ༝ ⍺chel ៸ 🎀 𓈒,True,True,True
7620761875923406101,https://www.tiktok.com/@MS4wLjABAAAAMPnpn3EKG8gfAcqX7d5udBoWXobxoz2ltAK86h-KWmiWW8FQpaasKuCVtgQOhoIi/video/7620761875923406101,2026-03-24,17,Tue,29,324300,603,100,260,71,0.32,mlem mlem mlem#anvatcungtiktok #fyp #quecayvuongthanlong #xuhuong #do...,anvatcungtiktok fyp quecayvuongthanlong xuhuong do,original sound - itsciezaa,Angel Cieza,True,True,True
7620668333788089621,https://www.tiktok.com/@MS4wLjABAAAAMPnpn3EKG8gfAcqX7d5udBoWXobxoz2ltAK86h-KWmiWW8FQpaasKuCVtgQOhoIi/video/7620668333788089621,2026-03-24,11,Tue,31,5304,8,1,2,5,0.3,các con vợ đâu rồi#anvatcungtiktok #fyp #bocaymieng #xuhuong #doanvat,anvatcungtiktok fyp bocaymieng xuhuong doanvat,Meow number 16 - The kitten's nose,AtilaKw,False,True,True
7620474845721267477,https://www.tiktok.com/@MS4wLjABAAAAMPnpn3EKG8gfAcqX7d5udBoWXobxoz2ltAK86h-KWmiWW8FQpaasKuCVtgQOhoIi/video/7620474845721267477,2026-03-23,22,Mon,28,9730,13,0,13,5,0.32,e hê e hê lun#anvatcungtiktok #fyp #banhtrang #xuhuong #doanvat,anvatcungtiktok fyp banhtrang xuhuong doanvat,Meow number 16 - The kitten's nose,AtilaKw,False,True,True
7620449740123016469,https://www.tiktok.com/@MS4wLjABAAAAMPnpn3EKG8gfAcqX7d5udBoWXobxoz2ltAK86h-KWmiWW8FQpaasKuCVtgQOhoIi/video/7620449740123016469,2026-03-23,20,Mon,31,50700,144,3,43,27,0.43,Ê ê mlem vai#anvatcungtiktok #fyp #quecay #xuhuong #doanvat,anvatcungtiktok fyp quecay xuhuong doanvat,original sound - viulvwcnx0g,yummy,True,True,True
7620421596750122260,https://www.tiktok.com/@MS4wLjABAAAAMPnpn3EKG8gfAcqX7d5udBoWXobxoz2ltAK86h-KWmiWW8FQpaasKuCVtgQOhoIi/video/7620421596750122260,2026-03-23,19,Mon,36,3803,10,4,2,3,0.5,Lẹ dùm tàu đi các mày#anvatcungtiktok #fyp #quecayvuongthanlong #xuhu...,anvatcungtiktok fyp quecayvuongthanlong xuhu,original sound - itsciezaa,Angel Cieza,True,True,True
7620337573562518805,https://www.tiktok.com/@MS4wLjABAAAAMPnpn3EKG8gfAcqX7d5udBoWXobxoz2ltAK86h-KWmiWW8FQpaasKuCVtgQOhoIi/video/7620337573562518805,2026-03-23,13,Mon,31,1398,8,5,1,4,1.29,Ngon quai các vợ ơi#anvatcungtiktok #fyp #xucxichphomai #xuhuong #doa...,anvatcungtiktok fyp xucxichphomai xuhuong doa,Meow number 16 - The kitten's nose,AtilaKw,False,True,True
7620102598141545748,https://www.tiktok.com/@MS4wLjABAAAAMPnpn3EKG8gfAcqX7d5udBoWXobxoz2ltAK86h-KWmiWW8FQpaasKuCVtgQOhoIi/video/7620102598141545748,2026-03-22,22,Sun,36,5435,21,2,19,5,0.86,Ngon vai chúng mày ơi#anvatcungtiktok #fyp #quecay #xuhuong #doanvat,anvatcungtiktok fyp quecay xuhuong doanvat,Meow number 16 - The kitten's nose,AtilaKw,False,True,True
7620083630269844757,https://www.tiktok.com/@MS4wLjABAAAAMPnpn3EKG8gfAcqX7d5udBoWXobxoz2ltAK86h-KWmiWW8FQpaasKuCVtgQOhoIi/video/7620083630269844757,2026-03-22,21,Sun,33,331000,643,18,286,89,0.31,Lẹ nha các bay#anvatcungtiktok #fyp #bocaymieng #hangdai #xuhuong,anvatcungtiktok fyp bocaymieng hangdai xuhuong,Happy Feels (NPC Life),Trendify,False,True,True
7620027076644441365,https://www.tiktok.com/@MS4wLjABAAAAMPnpn3EKG8gfAcqX7d5udBoWXobxoz2ltAK86h-KWmiWW8FQpaasKuCVtgQOhoIi/video/7620027076644441365,2026-03-22,17,Sun,34,2736,8,6,4,4,0.8,Ê hề ê hề phô mai lun#anvatcungtiktok #fyp #xucxichphomai #xuhuong #d...,anvatcungtiktok fyp xucxichphomai xuhuong d,Meow number 16 - The kitten's nose,AtilaKw,False,True,True
7619954791497616661,https://www.tiktok.com/@MS4wLjABAAAAMPnpn3EKG8gfAcqX7d5udBoWXobxoz2ltAK86h-KWmiWW8FQpaasKuCVtgQOhoIi/video/7619954791497616661,2026-03-22,12,Sun,30,27300,22,5,8,5,0.15,Lẹ lẹ đi mấy vợ#anvatcungtiktok #fyp #banhtrang #xuhuong #doanvat,anvatcungtiktok fyp banhtrang xuhuong doanvat,Meow number 16 - The kitten's nose,AtilaKw,False,True,True
7619724253964963093,https://www.tiktok.com/@MS4wLjABAAAAMPnpn3EKG8gfAcqX7d5udBoWXobxoz2ltAK86h-KWmiWW8FQpaasKuCVtgQOhoIi/video/7619724253964963093,2026-03-21,22,Sat,31,64800,81,7,25,13,0.19,Snack giòn tan luôn#anvatcungtiktok #fyp #snack #xuhuong #doanvat,anvatcungtiktok fyp snack xuhuong doanvat,original sound - doyan.makan7,ASMR🔥,True,True,True
7619715198437379348,https://www.tiktok.com/@MS4wLjABAAAAMPnpn3EKG8gfAcqX7d5udBoWXobxoz2ltAK86h-KWmiWW8FQpaasKuCVtgQOhoIi/video/7619715198437379348,2026-03-21,21,Sat,30,18600,28,1,7,10,0.25,Bò cay cay#anvatcungtiktok #fyp #snackbocay #xuhuong #doanvat,anvatcungtiktok fyp snackbocay xuhuong doanvat,original sound - itsciezaa,Angel Cieza,True,True,True
7619666891992239380,https://www.tiktok.com/@MS4wLjABAAAAMPnpn3EKG8gfAcqX7d5udBoWXobxoz2ltAK86h-KWmiWW8FQpaasKuCVtgQOhoIi/video/7619666891992239380,2026-03-21,18,Sat,31,594800,2374,204,780,283,0.61,Má ơi mê mê mê#anvatcungtiktok #fyp #quecayvuongthanlong #xuhuong #do...,anvatcungtiktok fyp quecayvuongthanlong xuhuong do,original sound - itsciezaa,Angel Cieza,True,True,True
7619603682212089108,https://www.tiktok.com/@MS4wLjABAAAAMPnpn3EKG8gfAcqX7d5udBoWXobxoz2ltAK86h-KWmiWW8FQpaasKuCVtgQOhoIi/video/7619603682212089108,2026-03-21,14,Sat,33,5765,35,0,2,5,0.73,Các mày mua lẹ đi#anvatcungtiktok #fyp #lapxuongnuongda #xuhuong #doa...,anvatcungtiktok fyp lapxuongnuongda xuhuong doa,original sound - hatde_999,Mê Ăn Ngon review,True,True,False
7619374495475862804,https://www.tiktok.com/@MS4wLjABAAAAMPnpn3EKG8gfAcqX7d5udBoWXobxoz2ltAK86h-KWmiWW8FQpaasKuCVtgQOhoIi/video/7619374495475862804,2026-03-20,23,Fri,31,4927,8,0,1,1,0.2,Con vợ nào bị mắng vì ăn cái này#anvatcungtiktok #fyp #bocaymieng #xu...,anvatcungtiktok fyp bocaymieng xu,Meow number 16 - The kitten's nose,AtilaKw,False,True,True
7619349841734274324,https://www.tiktok.com/@MS4wLjABAAAAMPnpn3EKG8gfAcqX7d5udBoWXobxoz2ltAK86h-KWmiWW8FQpaasKuCVtgQOhoIi/video/7619349841734274324,2026-03-20,21,Fri,31,43200,137,16,31,23,0.48,Săn lẹ đi các vợ của anh#anvatcungtiktok #fyp #banhtrang #xuhuong #do...,anvatcungtiktok fyp banhtrang xuhuong do,Meow number 16 - The kitten's nose,AtilaKw,False,True,True
7619291688628047124,https://www.tiktok.com/@MS4wLjABAAAAMPnpn3EKG8gfAcqX7d5udBoWXobxoz2ltAK86h-KWmiWW8FQpaasKuCVtgQOhoIi/video/7619291688628047124,2026-03-20,18,Fri,32,4446,22,1,4,3,0.67,lạp xưởng nướng đá#anvatcungtiktok #fyp #lapxuongnuongda #xuhuong #do...,anvatcungtiktok fyp lapxuongnuongda xuhuong do,original sound - hhmusic06,HH Music 🎧🎶,True,True,False
7619187805566012693,https://www.tiktok.com/@MS4wLjABAAAAMPnpn3EKG8gfAcqX7d5udBoWXobxoz2ltAK86h-KWmiWW8FQpaasKuCVtgQOhoIi/video/7619187805566012693,2026-03-20,11,Fri,30,47200,50,12,21,9,0.19,Mlem wua bay#anvatcungtiktok #fyp #quecayvuongthanlong #xuhuong #doan...,anvatcungtiktok fyp quecayvuongthanlong xuhuong doan,original sound - itsciezaa,Angel Cieza,True,True,True
7618911383572188437,https://www.tiktok.com/@MS4wLjABAAAAMPnpn3EKG8gfAcqX7d5udBoWXobxoz2ltAK86h-KWmiWW8FQpaasKuCVtgQOhoIi/video/7618911383572188437,2026-03-19,17,Thu,31,13700,16,2,7,3,0.2,Hốt lẹ đi dùm tao đi tụi bay#anvatcungtiktok #fyp #bocaymieng #hangda...,anvatcungtiktok fyp bocaymieng hangda,Meow number 16 - The kitten's nose,AtilaKw,False,True,True
7618844821670595861,https://www.tiktok.com/@MS4wLjABAAAAMPnpn3EKG8gfAcqX7d5udBoWXobxoz2ltAK86h-KWmiWW8FQpaasKuCVtgQOhoIi/video/7618844821670595861,2026-03-19,13,Thu,34,15300,31,1,10,5,0.31,Má ơi nó cay tê luôn bay#anvatcungtiktok #fyp #banhtrangxikesieucay #...,anvatcungtiktok fyp banhtrangxikesieucay,original sound - woowhasisb,woowhasisb,True,True,True
7618633550929087765,https://www.tiktok.com/@MS4wLjABAAAAMPnpn3EKG8gfAcqX7d5udBoWXobxoz2ltAK86h-KWmiWW8FQpaasKuCVtgQOhoIi/video/7618633550929087765,2026-03-18,23,Wed,30,9499,12,0,5,2,0.2,lỗi zá lỗi zá rồi chúng bây#anvatcungtiktok #fyp #banhtrang #xuhuong ...,anvatcungtiktok fyp banhtrang xuhuong,Meow number 16 - The kitten's nose,AtilaKw,False,True,True
7618630798882721044,https://www.tiktok.com/@MS4wLjABAAAAMPnpn3EKG8gfAcqX7d5udBoWXobxoz2ltAK86h-KWmiWW8FQpaasKuCVtgQOhoIi/video/7618630798882721044,2026-03-18,23,Wed,28,1714,6,1,2,3,0.7,Hũ đá năng lượng#anvatcungtiktok #fyp #hudanangluong #xuhuong,anvatcungtiktok fyp hudanangluong xuhuong,original sound - maypodcast,MÂY Podcast,True,True,True
7618559699738234133,https://www.tiktok.com/@MS4wLjABAAAAMPnpn3EKG8gfAcqX7d5udBoWXobxoz2ltAK86h-KWmiWW8FQpaasKuCVtgQOhoIi/video/7618559699738234133,2026-03-18,18,Wed,29,1295,4,0,1,2,0.54,Thử đi các vợ ơiii#anvatcungtiktok #fyp #banhbaomini #xuhuong #doanvat,anvatcungtiktok fyp banhbaomini xuhuong doanvat,âm thanh gốc - Yến Review🍔,Yến Review🍔,False,False,
7618469150758817044,https://www.tiktok.com/@MS4wLjABAAAAMPnpn3EKG8gfAcqX7d5udBoWXobxoz2ltAK86h-KWmiWW8FQpaasKuCVtgQOhoIi/video/7618469150758817044,2026-03-18,12,Wed,31,3798,11,2,5,3,0.55,"cay cay, tê te ngon quãi#anvatcungtiktok #fyp #tamcay #hangdai #xuhuong",anvatcungtiktok fyp tamcay hangdai xuhuong,original sound - itsciezaa,Angel Cieza,True,True,True
7618248925337931028,https://www.tiktok.com/@MS4wLjABAAAAMPnpn3EKG8gfAcqX7d5udBoWXobxoz2ltAK86h-KWmiWW8FQpaasKuCVtgQOhoIi/video/7618248925337931028,2026-03-17,22,Tue,29,41400,30,17,19,5,0.17,Ngon nha các bây#anvatcungtiktok #fyp #quecayvuongthanlong #xuhuong #...,anvatcungtiktok fyp quecayvuongthanlong xuhuong,original sound - itsciezaa,Angel Cieza,True,True,True
7618241297454779668,https://www.tiktok.com/@MS4wLjABAAAAMPnpn3EKG8gfAcqX7d5udBoWXobxoz2ltAK86h-KWmiWW8FQpaasKuCVtgQOhoIi/video/7618241297454779668,2026-03-17,22,Tue,27,1100000,4262,133,735,499,0.51,còn gì để nói hả tụi bay#anvatcungtiktok #fyp #banhtrang #xuhuong #do...,anvatcungtiktok fyp banhtrang xuhuong do,Meow number 16 - The kitten's nose,AtilaKw,False,True,True
7618210014766877972,https://www.tiktok.com/@MS4wLjABAAAAMPnpn3EKG8gfAcqX7d5udBoWXobxoz2ltAK86h-KWmiWW8FQpaasKuCVtgQOhoIi/video/7618210014766877972,2026-03-17,20,Tue,29,724,7,2,3,3,2.07,Thử lẹ đi các con vợ#anvatcungtiktok #fyp #snack #xuhuong #doanvat,anvatcungtiktok fyp snack xuhuong doanvat,original sound - yen_doanvathot,Yến Review🍔,True,True,False
7618088639041473812,https://www.tiktok.com/@MS4wLjABAAAAMPnpn3EKG8gfAcqX7d5udBoWXobxoz2ltAK86h-KWmiWW8FQpaasKuCVtgQOhoIi/video/7618088639041473812,2026-03-17,12,Tue,29,411,4,1,2,2,2.19,Côm bô này ngin tuỵt#anvatcungtiktok #fyp #snack #xuhuong #doanvat,anvatcungtiktok fyp snack xuhuong doanvat,original sound - doyan.makan7,ASMR🔥,True,True,False
7617876122340052244,https://www.tiktok.com/@MS4wLjABAAAAMPnpn3EKG8gfAcqX7d5udBoWXobxoz2ltAK86h-KWmiWW8FQpaasKuCVtgQOhoIi/video/7617876122340052244,2026-03-16,22,Mon,28,8375,14,1,3,5,0.27,Còm mem cho tao biết đi#anvatcungtiktok #fyp #banhtrang #xuhuong #doa...,anvatcungtiktok fyp banhtrang xuhuong doa,Meow number 16 - The kitten's nose,AtilaKw,False,True,True
7617858697288568084,https://www.tiktok.com/@MS4wLjABAAAAMPnpn3EKG8gfAcqX7d5udBoWXobxoz2ltAK86h-KWmiWW8FQpaasKuCVtgQOhoIi/video/7617858697288568084,2026-03-16,21,Mon,29,710200,3320,154,854,459,0.67,lẹ đi tụi bay#anvatcungtiktok #fyp #bocaymieng #xuhuong #doanvat,anvatcungtiktok fyp bocaymieng xuhuong doanvat,Meow number 16 - The kitten's nose,AtilaKw,False,True,True
7617739118038076692,https://www.tiktok.com/@MS4wLjABAAAAMPnpn3EKG8gfAcqX7d5udBoWXobxoz2ltAK86h-KWmiWW8FQpaasKuCVtgQOhoIi/video/7617739118038076692,2026-03-16,13,Mon,29,5254,9,6,4,2,0.4,ê nó mlem wua chúng mày#anvatcungtiktok #fyp #quecayvuongthanlong #xu...,anvatcungtiktok fyp quecayvuongthanlong xu,original sound - itsciezaa,Angel Cieza,True,True,True
7617512951897165077,https://www.tiktok.com/@MS4wLjABAAAAMPnpn3EKG8gfAcqX7d5udBoWXobxoz2ltAK86h-KWmiWW8FQpaasKuCVtgQOhoIi/video/7617512951897165077,2026-03-15,23,Sun,30,52300,135,19,20,23,0.38,Con guộc con ghẻ đâu#anvatcungtiktok #fyp #banhtrang #xuhuong #doanvat,anvatcungtiktok fyp banhtrang xuhuong doanvat,Happy Feels (NPC Life),Trendify,False,True,True
7617474200491838740,https://www.tiktok.com/@MS4wLjABAAAAMPnpn3EKG8gfAcqX7d5udBoWXobxoz2ltAK86h-KWmiWW8FQpaasKuCVtgQOhoIi/video/7617474200491838740,2026-03-15,20,Sun,29,3775,8,4,5,4,0.56,Ai mê kẹo dẻo như tao khong?#anvatcungtiktok #fyp #keodeotraicay #leo...,anvatcungtiktok fyp keodeotraicay leo,Meow number 16 - The kitten's nose,AtilaKw,False,True,True
7617443908871556372,https://www.tiktok.com/@MS4wLjABAAAAMPnpn3EKG8gfAcqX7d5udBoWXobxoz2ltAK86h-KWmiWW8FQpaasKuCVtgQOhoIi/video/7617443908871556372,2026-03-15,18,Sun,32,25100,36,17,60,9,0.49,nghe tao mua đi tụi mày#anvatcungtiktok #fyp #snack #xuhuong #doanvat,anvatcungtiktok fyp snack xuhuong doanvat,original sound - yen_doanvathot,Yến Review🍔,True,True,True
7617350035067522324,https://www.tiktok.com/@MS4wLjABAAAAMPnpn3EKG8gfAcqX7d5udBoWXobxoz2ltAK86h-KWmiWW8FQpaasKuCVtgQOhoIi/video/7617350035067522324,2026-03-15,12,Sun,29,3172,3,2,3,2,0.32,Má nó chứ#anvatcungtiktok #fyp #bocaymieng #hangdai #xuhuong,anvatcungtiktok fyp bocaymieng hangdai xuhuong,original sound - yen_doanvathot,Yến Review🍔,True,True,True
7617130245837081876,https://www.tiktok.com/@MS4wLjABAAAAMPnpn3EKG8gfAcqX7d5udBoWXobxoz2ltAK86h-KWmiWW8FQpaasKuCVtgQOhoIi/video/7617130245837081876,2026-03-14,22,Sat,30,11900,21,6,5,5,0.31,Sốp đam mê khó bỏ rồi#anvatcungtiktok #fyp #banhtrang #xuhuong #doanvat,anvatcungtiktok fyp banhtrang xuhuong doanvat,Meow number 16 - The kitten's nose,AtilaKw,False,True,True
7617042266737216788,https://www.tiktok.com/@MS4wLjABAAAAMPnpn3EKG8gfAcqX7d5udBoWXobxoz2ltAK86h-KWmiWW8FQpaasKuCVtgQOhoIi/video/7617042266737216788,2026-03-14,16,Sat,31,497,9,2,0,3,2.82,Ê mlem quá rồi đấy#anvatcungtiktok #fyp #quecayvuongthanlong #xuhuong...,anvatcungtiktok fyp quecayvuongthanlong xuhuong,Happy Feels (NPC Life),Trendify,False,True,True
7616985991173147925,https://www.tiktok.com/@MS4wLjABAAAAMPnpn3EKG8gfAcqX7d5udBoWXobxoz2ltAK86h-KWmiWW8FQpaasKuCVtgQOhoIi/video/7616985991173147925,2026-03-14,12,Sat,29,57000,72,15,27,15,0.23,Má edit mà chảy dãi#anvatcungtiktok #fyp #bocaymieng #hangdai #xuhuong,anvatcungtiktok fyp bocaymieng hangdai xuhuong,Meow number 16 - The kitten's nose,AtilaKw,False,True,True
7616732973416893716,https://www.tiktok.com/@MS4wLjABAAAAMPnpn3EKG8gfAcqX7d5udBoWXobxoz2ltAK86h-KWmiWW8FQpaasKuCVtgQOhoIi/video/7616732973416893716,2026-03-13,20,Fri,27,2526,16,11,3,7,1.46,thử đi các vợ#anvatcungtiktok #fyp #caphesaylanh#xuhuong #doanvat,anvatcungtiktok fyp caphesaylanh xuhuong doanvat,Happy Feels (NPC Life),Trendify,False,True,True
7616390035377540372,https://www.tiktok.com/@MS4wLjABAAAAMPnpn3EKG8gfAcqX7d5udBoWXobxoz2ltAK86h-KWmiWW8FQpaasKuCVtgQOhoIi/video/7616390035377540372,2026-03-12,22,Thu,30,428800,2253,93,406,275,0.71,Ê chúng mày mua lẹ giúp tao đi#anvatcungtiktok #fyp #banhtrang #xuhuo...,anvatcungtiktok fyp banhtrang xuhuo,Meow number 16 - The kitten's nose,AtilaKw,False,True,True
7616365431296707861,https://www.tiktok.com/@MS4wLjABAAAAMPnpn3EKG8gfAcqX7d5udBoWXobxoz2ltAK86h-KWmiWW8FQpaasKuCVtgQOhoIi/video/7616365431296707861,2026-03-12,20,Thu,28,209,4,1,4,2,5.26,Ê giòn tan luôn con vợ ơi#anvatcungtiktok #fyp #khoaitayphomai #xuhuo...,anvatcungtiktok fyp khoaitayphomai xuhuo,original sound - doyan.makan7,ASMR🔥,True,True,False
7616337322241510676,https://www.tiktok.com/@MS4wLjABAAAAMPnpn3EKG8gfAcqX7d5udBoWXobxoz2ltAK86h-KWmiWW8FQpaasKuCVtgQOhoIi/video/7616337322241510676,2026-03-12,18,Thu,27,207,10,4,6,3,11.11,meo meo mèo yêu cá😋#anvatcungtiktok #fyp #meoyeuca #hangdai #xuhuong,anvatcungtiktok fyp meoyeuca hangdai xuhuong,original sound - woowhasisb,woowhasisb,True,True,False
7616304466811276565,https://www.tiktok.com/@MS4wLjABAAAAMPnpn3EKG8gfAcqX7d5udBoWXobxoz2ltAK86h-KWmiWW8FQpaasKuCVtgQOhoIi/video/7616304466811276565,2026-03-12,16,Thu,30,5113,15,1,3,2,0.41,Ngon lắm chúng mày ơi#anvatcungtiktok #fyp #quecayvuongthanlong #xuhu...,anvatcungtiktok fyp quecayvuongthanlong xuhu,Meow number 16 - The kitten's nose,AtilaKw,False,False,
7616012379779845397,https://www.tiktok.com/@MS4wLjABAAAAMPnpn3EKG8gfAcqX7d5udBoWXobxoz2ltAK86h-KWmiWW8FQpaasKuCVtgQOhoIi/video/7616012379779845397,2026-03-11,21,Wed,30,13200,24,5,4,3,0.27,ê ê các mày ơi#anvatcungtiktok #fyp #banhtrang #xuhuong #doanvat,anvatcungtiktok fyp banhtrang xuhuong doanvat,Meow number 16 - The kitten's nose,AtilaKw,False,True,True
7615984522479357205,https://www.tiktok.com/@MS4wLjABAAAAMPnpn3EKG8gfAcqX7d5udBoWXobxoz2ltAK86h-KWmiWW8FQpaasKuCVtgQOhoIi/video/7615984522479357205,2026-03-11,20,Wed,25,262,6,0,2,2,3.82,mê cái em này#anvatcungtiktok #fyp #snack#xuhuong #doanvat,anvatcungtiktok fyp snack xuhuong doanvat,suara asli - asmr.,ASMR🔥,False,False,
7615929680041872661,https://www.tiktok.com/@MS4wLjABAAAAMPnpn3EKG8gfAcqX7d5udBoWXobxoz2ltAK86h-KWmiWW8FQpaasKuCVtgQOhoIi/video/7615929680041872661,2026-03-11,16,Wed,31,19000,19,4,6,7,0.19,Mlem wua chúng mày ơi#anvatcungtiktok #fyp #quecayvuongthanlong #xuhu...,anvatcungtiktok fyp quecayvuongthanlong xuhu,original sound - woowhasisb,woowhasisb,True,True,True
7615634500088794389,https://www.tiktok.com/@MS4wLjABAAAAMPnpn3EKG8gfAcqX7d5udBoWXobxoz2ltAK86h-KWmiWW8FQpaasKuCVtgQOhoIi/video/7615634500088794389,2026-03-10,21,Tue,28,2803,6,0,2,2,0.36,mlem mlem#anvatcungtiktok #fyp #bocaymieng #hangdai #xuhuong,anvatcungtiktok fyp bocaymieng hangdai xuhuong,original sound - antitrangkhanzone1,Anti Trang Khàn zone,True,True,True
7615578911732305173,https://www.tiktok.com/@MS4wLjABAAAAMPnpn3EKG8gfAcqX7d5udBoWXobxoz2ltAK86h-KWmiWW8FQpaasKuCVtgQOhoIi/video/7615578911732305173,2026-03-10,17,Tue,31,873,7,1,1,1,1.15,cuốn thiệt nha#anvatcungtiktok #fyp #snacks #xuhuong #doanvat,anvatcungtiktok fyp snacks xuhuong doanvat,âm thanh gốc - Yến Review🍔,Yến Review🍔,False,False,
7615488484975070485,https://www.tiktok.com/@MS4wLjABAAAAMPnpn3EKG8gfAcqX7d5udBoWXobxoz2ltAK86h-KWmiWW8FQpaasKuCVtgQOhoIi/video/7615488484975070485,2026-03-10,12,Tue,31,17700,30,19,11,5,0.37,Aaa tao mún phốt#anvatcungtiktok #fyp #banhtrang #xuhuong #doanvat,anvatcungtiktok fyp banhtrang xuhuong doanvat,Meow number 16 - The kitten's nose,AtilaKw,False,True,True
7615287793626909972,https://www.tiktok.com/@MS4wLjABAAAAMPnpn3EKG8gfAcqX7d5udBoWXobxoz2ltAK86h-KWmiWW8FQpaasKuCVtgQOhoIi/video/7615287793626909972,2026-03-09,23,Mon,30,8267,8,2,2,2,0.17,má nó ê hề#anvatcungtiktok #fyp #quecayvuongthanlong #xuhuong #doanvat,anvatcungtiktok fyp quecayvuongthanlong xuhuong doanvat,original sound - woowhasisb,woowhasisb,True,True,True
7615230209041698069,https://www.tiktok.com/@MS4wLjABAAAAMPnpn3EKG8gfAcqX7d5udBoWXobxoz2ltAK86h-KWmiWW8FQpaasKuCVtgQOhoIi/video/7615230209041698069,2026-03-09,19,Mon,30,925,3,0,45,1,5.3,ê có kem chảy thật nè các mày#anvatcungtiktok #fyp #banhruoc #hangdai...,anvatcungtiktok fyp banhruoc hangdai,Meow number 16 - The kitten's nose,AtilaKw,False,True,True
7615186716806155541,https://www.tiktok.com/@MS4wLjABAAAAMPnpn3EKG8gfAcqX7d5udBoWXobxoz2ltAK86h-KWmiWW8FQpaasKuCVtgQOhoIi/video/7615186716806155541,2026-03-09,16,Mon,28,2988,9,2,1,2,0.47,Nhức cái lách #anvatcungtiktok #fyp #bocaymieng #xuhuong #doanvat,anvatcungtiktok fyp bocaymieng xuhuong doanvat,original sound - yen_doanvathot,Yến Review🍔,True,True,True
7615104554744417556,https://www.tiktok.com/@MS4wLjABAAAAMPnpn3EKG8gfAcqX7d5udBoWXobxoz2ltAK86h-KWmiWW8FQpaasKuCVtgQOhoIi/video/7615104554744417556,2026-03-09,11,Mon,31,96400,377,21,63,49,0.53,chân ái của taooo#anvatcungtiktok #fyp #banhtrang #xuhuong #doanvat,anvatcungtiktok fyp banhtrang xuhuong doanvat,Meow number 16 - The kitten's nose,AtilaKw,False,True,True
7614909721631280404,https://www.tiktok.com/@MS4wLjABAAAAMPnpn3EKG8gfAcqX7d5udBoWXobxoz2ltAK86h-KWmiWW8FQpaasKuCVtgQOhoIi/video/7614909721631280404,2026-03-08,22,Sun,29,172,3,0,1,2,3.49,ai ai săn được Cmt tuii coi#anvatcungtiktok #fyp #franzzi #xuhuong #d...,anvatcungtiktok fyp franzzi xuhuong d,Happy Feels (NPC Life),Trendify,False,True,False
7614872850213948692,https://www.tiktok.com/@MS4wLjABAAAAMPnpn3EKG8gfAcqX7d5udBoWXobxoz2ltAK86h-KWmiWW8FQpaasKuCVtgQOhoIi/video/7614872850213948692,2026-03-08,20,Sun,24,194,3,1,0,2,3.09,siu đậm vị lun má#anvatcungtiktok #fyp #snacks #xuhuong #doanvat,anvatcungtiktok fyp snacks xuhuong doanvat,original sound - doyan.makan7,ASMR🔥,True,True,False
7614823218938907925,https://www.tiktok.com/@MS4wLjABAAAAMPnpn3EKG8gfAcqX7d5udBoWXobxoz2ltAK86h-KWmiWW8FQpaasKuCVtgQOhoIi/video/7614823218938907925,2026-03-08,17,Sun,30,30200,27,4,13,4,0.16,Ê chúng mày ơiii!#anvatcungtiktok #fyp #quecayvuongthanlong #xuhuong ...,anvatcungtiktok fyp quecayvuongthanlong xuhuong,original sound - woowhasisb,woowhasisb,True,True,True
7614715033796332820,https://www.tiktok.com/@MS4wLjABAAAAMPnpn3EKG8gfAcqX7d5udBoWXobxoz2ltAK86h-KWmiWW8FQpaasKuCVtgQOhoIi/video/7614715033796332820,2026-03-08,10,Sun,29,286200,950,46,108,80,0.41,các mày mua lẹ cho tau#anvatcungtiktok #fyp #banhtrang #xuhuong #doan...,anvatcungtiktok fyp banhtrang xuhuong doan,Meow number 16 - The kitten's nose,AtilaKw,False,True,True
7614524008037371156,https://www.tiktok.com/@MS4wLjABAAAAMPnpn3EKG8gfAcqX7d5udBoWXobxoz2ltAK86h-KWmiWW8FQpaasKuCVtgQOhoIi/video/7614524008037371156,2026-03-07,21,Sat,31,171100,355,11,128,72,0.33,siuuu ngonnn#anvatcungtiktok #fyp #bocaymieng #xuhuong #doanvat,anvatcungtiktok fyp bocaymieng xuhuong doanvat,original sound - yen_doanvathot,Yến Review🍔,True,True,True
7614499651135245589,https://www.tiktok.com/@MS4wLjABAAAAMPnpn3EKG8gfAcqX7d5udBoWXobxoz2ltAK86h-KWmiWW8FQpaasKuCVtgQOhoIi/video/7614499651135245589,2026-03-07,20,Sat,30,2007,2,0,1,2,0.25,ê hề phô mai má ơi#anvatcungtiktok #fyp #snacks #khoaitayphomai #xuhu...,anvatcungtiktok fyp snacks khoaitayphomai xuhu,original sound - doyan.makan7,ASMR🔥,True,True,True
7614380870803279124,https://www.tiktok.com/@MS4wLjABAAAAMPnpn3EKG8gfAcqX7d5udBoWXobxoz2ltAK86h-KWmiWW8FQpaasKuCVtgQOhoIi/video/7614380870803279124,2026-03-07,12,Sat,29,791700,1703,215,668,187,0.35,má ơi bịch siu bự ê hề lun#anvatcungtiktok #fyp #quecayvuongthanlong ...,anvatcungtiktok fyp quecayvuongthanlong,original sound - woowhasisb,woowhasisb,True,True,True
7614177528881794325,https://www.tiktok.com/@MS4wLjABAAAAMPnpn3EKG8gfAcqX7d5udBoWXobxoz2ltAK86h-KWmiWW8FQpaasKuCVtgQOhoIi/video/7614177528881794325,2026-03-06,23,Fri,29,27500,42,4,5,6,0.21,🗣️ má ơi không mua thì phí#anvatcungtiktok #fyp #banhtrang #xuhuong #...,anvatcungtiktok fyp banhtrang xuhuong,original sound - woowhasisb,woowhasisb,True,True,True
7614141802626649365,https://www.tiktok.com/@MS4wLjABAAAAMPnpn3EKG8gfAcqX7d5udBoWXobxoz2ltAK86h-KWmiWW8FQpaasKuCVtgQOhoIi/video/7614141802626649365,2026-03-06,20,Fri,31,2414,11,1,3,2,0.7,Thơm lắm lun#anvatcungtiktok #fyp #keodeotraicay #wantwant #xuhuong,anvatcungtiktok fyp keodeotraicay wantwant xuhuong,ใส่Cr.ด้วยน้า,แม๊วว,True,True,True
7614080802774682900,https://www.tiktok.com/@MS4wLjABAAAAMPnpn3EKG8gfAcqX7d5udBoWXobxoz2ltAK86h-KWmiWW8FQpaasKuCVtgQOhoIi/video/7614080802774682900,2026-03-06,17,Fri,37,19300,18,6,6,3,0.17,có ai nhớ món này khonggg#anvatcungtiktok #fyp #hangdai #bocaymieng #...,anvatcungtiktok fyp hangdai bocaymieng,original sound - yen_doanvathot,Yến Review🍔,True,True,True
7614019136544328981,https://www.tiktok.com/@MS4wLjABAAAAMPnpn3EKG8gfAcqX7d5udBoWXobxoz2ltAK86h-KWmiWW8FQpaasKuCVtgQOhoIi/video/7614019136544328981,2026-03-06,13,Fri,25,3935,7,1,3,2,0.33,mong video thật viral nha#anvatcungtiktok #fyp #hangdai#xuhuong #doan...,anvatcungtiktok fyp hangdai xuhuong doan,original sound - antitrangkhanzone1,Anti Trang Khàn zone,True,True,True
7613760067682258196,https://www.tiktok.com/@MS4wLjABAAAAMPnpn3EKG8gfAcqX7d5udBoWXobxoz2ltAK86h-KWmiWW8FQpaasKuCVtgQOhoIi/video/7613760067682258196,2026-03-05,20,Thu,29,1456,4,0,3,1,0.55,Ê ê ngon nha#anvatcungtiktok #fyp #snack #xuhuong #doanvat,anvatcungtiktok fyp snack xuhuong doanvat,original sound - doyan.makan7,ASMR🔥,True,True,True
7613707496317848852,https://www.tiktok.com/@MS4wLjABAAAAMPnpn3EKG8gfAcqX7d5udBoWXobxoz2ltAK86h-KWmiWW8FQpaasKuCVtgQOhoIi/video/7613707496317848852,2026-03-05,16,Thu,31,139500,348,17,196,47,0.44,nhoăm nhoăm #anvatcungtiktok #fyp #banhtrang #xuhuong #doanvat,anvatcungtiktok fyp banhtrang xuhuong doanvat,Meow number 16 - The kitten's nose,AtilaKw,False,True,True
7613614872227630357,https://www.tiktok.com/@MS4wLjABAAAAMPnpn3EKG8gfAcqX7d5udBoWXobxoz2ltAK86h-KWmiWW8FQpaasKuCVtgQOhoIi/video/7613614872227630357,2026-03-05,10,Thu,30,1154,6,1,2,2,0.95,Thử liền thử lẹ#anvatcungtiktok #fyp #banhtranghanhphi #xuhuong #doan...,anvatcungtiktok fyp banhtranghanhphi xuhuong doan,original sound - lilymukbangidols,Lilly🥧🧃,True,True,True
7613425175018704148,https://www.tiktok.com/@MS4wLjABAAAAMPnpn3EKG8gfAcqX7d5udBoWXobxoz2ltAK86h-KWmiWW8FQpaasKuCVtgQOhoIi/video/7613425175018704148,2026-03-04,22,Wed,27,2105,1,0,2,1,0.19,mlem điênggg#anvatcungtiktok #fyp #quecayvuongthanlong #xuhuong #doan...,anvatcungtiktok fyp quecayvuongthanlong xuhuong doan,original sound - yuisi41,Clean Plate🍽️,True,True,True
7613381384333266196,https://www.tiktok.com/@MS4wLjABAAAAMPnpn3EKG8gfAcqX7d5udBoWXobxoz2ltAK86h-KWmiWW8FQpaasKuCVtgQOhoIi/video/7613381384333266196,2026-03-04,19,Wed,33,17100,23,1,27,8,0.35,Ối dồi ôi nó ngon#anvatcungtiktok #fyp #banhtrang #xuhuong #doanvat,anvatcungtiktok fyp banhtrang xuhuong doanvat,original sound - woowhasisb,woowhasisb,True,True,True
7613365902859341077,https://www.tiktok.com/@MS4wLjABAAAAMPnpn3EKG8gfAcqX7d5udBoWXobxoz2ltAK86h-KWmiWW8FQpaasKuCVtgQOhoIi/video/7613365902859341077,2026-03-04,18,Wed,26,1107,3,3,0,2,0.72,xinh wuaaa#anvatcungtiktok #fyp #depbet #xuhuong #viraltiktok,anvatcungtiktok fyp depbet xuhuong viraltiktok,original sound - dung_lamdep,dung_lamdep,True,True,True
7613315133598633236,https://www.tiktok.com/@MS4wLjABAAAAMPnpn3EKG8gfAcqX7d5udBoWXobxoz2ltAK86h-KWmiWW8FQpaasKuCVtgQOhoIi/video/7613315133598633236,2026-03-04,15,Wed,30,1589,8,2,3,2,0.94,Bim bim tủi thơ#anvatcungtiktok #fyp #bimbimcanhga #xuhuong #doanvat,anvatcungtiktok fyp bimbimcanhga xuhuong doanvat,Happy Feels (NPC Life),Trendify,False,True,False
7613057332246842645,https://www.tiktok.com/@MS4wLjABAAAAMPnpn3EKG8gfAcqX7d5udBoWXobxoz2ltAK86h-KWmiWW8FQpaasKuCVtgQOhoIi/video/7613057332246842645,2026-03-03,22,Tue,32,454,8,1,6,4,4.19,Ai hay đói đêm đâu rồi#anvatcungtiktok #fyp #xucxichphomai #viraltikt...,anvatcungtiktok fyp xucxichphomai viraltikt,Meow number 16 - The kitten's nose,AtilaKw,False,True,False
7613034854586043668,https://www.tiktok.com/@MS4wLjABAAAAMPnpn3EKG8gfAcqX7d5udBoWXobxoz2ltAK86h-KWmiWW8FQpaasKuCVtgQOhoIi/video/7613034854586043668,2026-03-03,21,Tue,29,429,4,0,3,3,2.33,thơm điêngg#anvatcungtiktok #fyp #keosuabo🐮 #viraltiktok #xuhuong,anvatcungtiktok fyp keosuabo viraltiktok xuhuong,original sound - yuisi41,Clean Plate🍽️,True,True,False
7612997786748980501,https://www.tiktok.com/@MS4wLjABAAAAMPnpn3EKG8gfAcqX7d5udBoWXobxoz2ltAK86h-KWmiWW8FQpaasKuCVtgQOhoIi/video/7612997786748980501,2026-03-03,18,Tue,30,598,2,1,1,1,0.84,ăn nó siu cuốn#anvatcungtiktok #fyp #topmo #banhtrang #xuhuong,anvatcungtiktok fyp topmo banhtrang xuhuong,original sound - doyan.makan7,ASMR🔥,True,True,True
7612900578158578965,https://www.tiktok.com/@MS4wLjABAAAAMPnpn3EKG8gfAcqX7d5udBoWXobxoz2ltAK86h-KWmiWW8FQpaasKuCVtgQOhoIi/video/7612900578158578965,2026-03-03,12,Tue,32,19400,40,0,4,4,0.25,thử xem bạn là con ghẻ hay guộc nha#anvatcungtiktok #fyp #banhtrang #...,anvatcungtiktok fyp banhtrang,original sound - woowhasisb,woowhasisb,True,True,True
7612690732897389845,https://www.tiktok.com/@MS4wLjABAAAAMPnpn3EKG8gfAcqX7d5udBoWXobxoz2ltAK86h-KWmiWW8FQpaasKuCVtgQOhoIi/video/7612690732897389845,2026-03-02,23,Mon,30,226200,407,17,37,50,0.23,côm bô cày phim#anvatcungtiktok #fyp #snack #xuhuong #doanvat,anvatcungtiktok fyp snack xuhuong doanvat,original sound - doyan.makan7,ASMR🔥,True,True,True
7612671361055526164,https://www.tiktok.com/@MS4wLjABAAAAMPnpn3EKG8gfAcqX7d5udBoWXobxoz2ltAK86h-KWmiWW8FQpaasKuCVtgQOhoIi/video/7612671361055526164,2026-03-02,21,Mon,34,3753,7,0,3,3,0.35,nhoăm nhoăm#anvatcungtiktok #fyp #banhtrangmamruoc#xuhuong #doanvat,anvatcungtiktok fyp banhtrangmamruoc xuhuong doanvat,original sound - tam17839,🌾 CÔ ÚT MIỀN TÂY,True,True,True
7612628347503250708,https://www.tiktok.com/@MS4wLjABAAAAMPnpn3EKG8gfAcqX7d5udBoWXobxoz2ltAK86h-KWmiWW8FQpaasKuCVtgQOhoIi/video/7612628347503250708,2026-03-02,19,Mon,30,4068,10,1,3,2,0.39,🥩Đường tăng nè bây#anvatcungtiktok #fyp #quecayvuongthanlong #xuhuong...,anvatcungtiktok fyp quecayvuongthanlong xuhuong,original sound - woowhasisb,woowhasisb,True,True,True
7612594908171488533,https://www.tiktok.com/@MS4wLjABAAAAMPnpn3EKG8gfAcqX7d5udBoWXobxoz2ltAK86h-KWmiWW8FQpaasKuCVtgQOhoIi/video/7612594908171488533,2026-03-02,16,Mon,29,13900,29,0,9,8,0.33,Cay tụt lưỡi lun#anvatcungtiktok #fyp #tamxoanvang #xuhuong #doanvat,anvatcungtiktok fyp tamxoanvang xuhuong doanvat,original sound - woowhasisb,woowhasisb,True,True,True
7612325354157509908,https://www.tiktok.com/@MS4wLjABAAAAMPnpn3EKG8gfAcqX7d5udBoWXobxoz2ltAK86h-KWmiWW8FQpaasKuCVtgQOhoIi/video/7612325354157509908,2026-03-01,23,Sun,28,2059,5,2,4,2,0.63,Má ơi nó ngonnn#fyp #fyp #banhtrangxikesieucay #xuhuong #doanvat,fyp fyp banhtrangxikesieucay xuhuong doanvat,original sound - woowhasisb,woowhasisb,True,True,True
7612310818939505940,https://www.tiktok.com/@MS4wLjABAAAAMPnpn3EKG8gfAcqX7d5udBoWXobxoz2ltAK86h-KWmiWW8FQpaasKuCVtgQOhoIi/video/7612310818939505940,2026-03-01,22,Sun,29,230,3,0,2,2,3.04,Mì cay sasin#anvatcungtiktok #fyp #micaysasin #xuhuong #doanvat,anvatcungtiktok fyp micaysasin xuhuong doanvat,Happy Feels (NPC Life),Trendify,False,True,False
7612268105561148692,https://www.tiktok.com/@MS4wLjABAAAAMPnpn3EKG8gfAcqX7d5udBoWXobxoz2ltAK86h-KWmiWW8FQpaasKuCVtgQOhoIi/video/7612268105561148692,2026-03-01,19,Sun,30,181,5,1,2,1,4.97,Siuuu mê lun#anvatcungtiktok #fyp #banhtrangtron #xuhuong #doanvat,anvatcungtiktok fyp banhtrangtron xuhuong doanvat,Happy Feels (NPC Life),Trendify,False,True,False
7612223131662535956,https://www.tiktok.com/@MS4wLjABAAAAMPnpn3EKG8gfAcqX7d5udBoWXobxoz2ltAK86h-KWmiWW8FQpaasKuCVtgQOhoIi/video/7612223131662535956,2026-03-01,16,Sun,34,9148,24,3,4,4,0.38,Thử nha các mí#anvatcungtiktok #fyp #keodeoleofood #xuhuong #doanvat,anvatcungtiktok fyp keodeoleofood xuhuong doanvat,original sound - anvatcungoen,Ăn vặt cùng oen~,True,True,True
7611944569604787476,https://www.tiktok.com/@MS4wLjABAAAAMPnpn3EKG8gfAcqX7d5udBoWXobxoz2ltAK86h-KWmiWW8FQpaasKuCVtgQOhoIi/video/7611944569604787476,2026-02-28,22,Sat,29,86400,294,17,51,31,0.45,ủa a lô sốp ơi sốp#anvatcungtiktok #fyp #banhtrang #xuhuong #doanvat,anvatcungtiktok fyp banhtrang xuhuong doanvat,original sound - tudede195,tú dé de,True,True,True
7611928584994770196,https://www.tiktok.com/@MS4wLjABAAAAMPnpn3EKG8gfAcqX7d5udBoWXobxoz2ltAK86h-KWmiWW8FQpaasKuCVtgQOhoIi/video/7611928584994770196,2026-02-28,21,Sat,31,1822,7,1,1,1,0.55,Xốt phô mai cay#anvatcungtiktok #fyp #xotphomaitanzy #xuhuong #doanvat,anvatcungtiktok fyp xotphomaitanzy xuhuong doanvat,Happy Feels (NPC Life),Trendify,False,True,True
7611914353616456980,https://www.tiktok.com/@MS4wLjABAAAAMPnpn3EKG8gfAcqX7d5udBoWXobxoz2ltAK86h-KWmiWW8FQpaasKuCVtgQOhoIi/video/7611914353616456980,2026-02-28,20,Sat,32,2018,2,0,0,1,0.15,Nhoăm nhoăm#anvatcungtiktok #fyp #thanhporotein #xuhuong #doanvat,anvatcungtiktok fyp thanhporotein xuhuong doanvat,Titibok tibok,୨ .ᐟ ⨍𝚛ᥲ𝕟ᥴ౿ડ ⑅ 🩰 ଓ,True,True,True
7611844468974636309,https://www.tiktok.com/@MS4wLjABAAAAMPnpn3EKG8gfAcqX7d5udBoWXobxoz2ltAK86h-KWmiWW8FQpaasKuCVtgQOhoIi/video/7611844468974636309,2026-02-28,16,Sat,31,9514,26,1,2,2,0.33,Hốt lẹ đi mấy bác#anvatcungtiktok #fyp #banhtrang #xuhuong #doanvat,anvatcungtiktok fyp banhtrang xuhuong doanvat,original sound - tudede195,tú dé de,True,True,True
7611573168410529044,https://www.tiktok.com/@MS4wLjABAAAAMPnpn3EKG8gfAcqX7d5udBoWXobxoz2ltAK86h-KWmiWW8FQpaasKuCVtgQOhoIi/video/7611573168410529044,2026-02-27,22,Fri,30,4883,11,1,4,4,0.41,kẹo sữa bò 🐄#anvatcungtiktok #fyp #keosuabo🐮 #xuhuong #doanvat,anvatcungtiktok fyp keosuabo xuhuong doanvat,original sound - lilymukbangidols,Lilly🥧🧃,True,True,True
7611551059533679893,https://www.tiktok.com/@MS4wLjABAAAAMPnpn3EKG8gfAcqX7d5udBoWXobxoz2ltAK86h-KWmiWW8FQpaasKuCVtgQOhoIi/video/7611551059533679893,2026-02-27,21,Fri,28,3877,11,0,1,1,0.34,Nhức cái nách #anvatcungtiktok #fyp #quecayvuongthanlong #xuhuong #do...,anvatcungtiktok fyp quecayvuongthanlong xuhuong do,original sound - woowhasisb,woowhasisb,True,True,True
7611497401228004628,https://www.tiktok.com/@MS4wLjABAAAAMPnpn3EKG8gfAcqX7d5udBoWXobxoz2ltAK86h-KWmiWW8FQpaasKuCVtgQOhoIi/video/7611497401228004628,2026-02-27,17,Fri,30,3362,5,1,5,2,0.39,nhức lách#anvatcungtiktok #fyp #caycayhangdai #xuhuong #doanvat,anvatcungtiktok fyp caycayhangdai xuhuong doanvat,original sound - woowhasisb,woowhasisb,True,True,True
7611210863139196181,https://www.tiktok.com/@MS4wLjABAAAAMPnpn3EKG8gfAcqX7d5udBoWXobxoz2ltAK86h-KWmiWW8FQpaasKuCVtgQOhoIi/video/7611210863139196181,2026-02-26,23,Thu,29,3264,8,1,2,2,0.4,mlen điênggg#anvatcungtiktok #fyp #banhruockemchay #xuhuong #doanvat,anvatcungtiktok fyp banhruockemchay xuhuong doanvat,original sound - u.phng.toca,🧺✨️Đậu phộng toca🥜🫧,True,True,True
7611165792994086164,https://www.tiktok.com/@MS4wLjABAAAAMPnpn3EKG8gfAcqX7d5udBoWXobxoz2ltAK86h-KWmiWW8FQpaasKuCVtgQOhoIi/video/7611165792994086164,2026-02-26,20,Thu,25,6210,10,0,5,4,0.31,Mlem wua #anvatcungtiktok #fyp #tamxoanvang #xuhuong #doanvat,anvatcungtiktok fyp tamxoanvang xuhuong doanvat,[YouTube] That? Comical everyday(828420),Hisashi Tenkyu,False,True,True
7611038636196285717,https://www.tiktok.com/@MS4wLjABAAAAMPnpn3EKG8gfAcqX7d5udBoWXobxoz2ltAK86h-KWmiWW8FQpaasKuCVtgQOhoIi/video/7611038636196285717,2026-02-26,12,Thu,27,2589,14,1,3,3,0.81,Thơm lém ạ#anvatcungtiktok #fyp #keosuabo🐮 #xuhuong #doanvat,anvatcungtiktok fyp keosuabo xuhuong doanvat,original sound - woowhasisb,woowhasisb,True,True,True
7610845000334691604,https://www.tiktok.com/@MS4wLjABAAAAMPnpn3EKG8gfAcqX7d5udBoWXobxoz2ltAK86h-KWmiWW8FQpaasKuCVtgQOhoIi/video/7610845000334691604,2026-02-25,23,Wed,30,61700,108,6,18,13,0.24,ê hề quá sốp ơi#anvatcungtiktok #fyp #banhtrang #xuhuong #doanvat,anvatcungtiktok fyp banhtrang xuhuong doanvat,original sound - tudede195,tú dé de,True,True,True
7610781797982473493,https://www.tiktok.com/@MS4wLjABAAAAMPnpn3EKG8gfAcqX7d5udBoWXobxoz2ltAK86h-KWmiWW8FQpaasKuCVtgQOhoIi/video/7610781797982473493,2026-02-25,19,Wed,29,35600,62,15,14,11,0.29,ngon nhé#anvatcungtiktok #fyp #banhmibotoi #xuhuong #doanvat,anvatcungtiktok fyp banhmibotoi xuhuong doanvat,Happy Feels (NPC Life),Trendify,False,True,True
7610672247077965076,https://www.tiktok.com/@MS4wLjABAAAAMPnpn3EKG8gfAcqX7d5udBoWXobxoz2ltAK86h-KWmiWW8FQpaasKuCVtgQOhoIi/video/7610672247077965076,2026-02-25,12,Wed,29,9016,16,1,4,4,0.28,Nó mlem nó nhon#anvatcungtiktok #fyp #quecayvuongthanlong #xuhuong #d...,anvatcungtiktok fyp quecayvuongthanlong xuhuong d,original sound - woowhasisb,woowhasisb,True,True,True
7610437256389741845,https://www.tiktok.com/@MS4wLjABAAAAMPnpn3EKG8gfAcqX7d5udBoWXobxoz2ltAK86h-KWmiWW8FQpaasKuCVtgQOhoIi/video/7610437256389741845,2026-02-24,21,Tue,29,2205,7,2,1,3,0.59,ngon đin ak#anvatcungtiktok #fyp #comchaymamhanh #xuhuong #doanvat,anvatcungtiktok fyp comchaymamhanh xuhuong doanvat,original sound - doyan.makan7,ASMR🔥,True,True,True
7610401896393755925,https://www.tiktok.com/@MS4wLjABAAAAMPnpn3EKG8gfAcqX7d5udBoWXobxoz2ltAK86h-KWmiWW8FQpaasKuCVtgQOhoIi/video/7610401896393755925,2026-02-24,19,Tue,30,21800,36,1,18,9,0.29,mlem chưa nè#anvatcungtiktok #fyp #tamxoanvang #xuhuong #doanvat,anvatcungtiktok fyp tamxoanvang xuhuong doanvat,original sound - woowhasisb,woowhasisb,True,True,True
7610336839039290644,https://www.tiktok.com/@MS4wLjABAAAAMPnpn3EKG8gfAcqX7d5udBoWXobxoz2ltAK86h-KWmiWW8FQpaasKuCVtgQOhoIi/video/7610336839039290644,2026-02-24,14,Tue,31,27900,124,1,10,22,0.56,45 cành 2 bịch lun#anvatcungtiktok #fyp #banhtrang #xuhuong #doanvat,anvatcungtiktok fyp banhtrang xuhuong doanvat,original sound - tudede195,tú dé de,True,True,True
7610083035907689748,https://www.tiktok.com/@MS4wLjABAAAAMPnpn3EKG8gfAcqX7d5udBoWXobxoz2ltAK86h-KWmiWW8FQpaasKuCVtgQOhoIi/video/7610083035907689748,2026-02-23,22,Mon,32,34000,29,0,12,8,0.14,Mlem lắm ấy#anvatcungtiktok #fyp #quecayvuongthanlong #xuhuong #doanvat,anvatcungtiktok fyp quecayvuongthanlong xuhuong doanvat,original sound - woowhasisb,woowhasisb,True,True,True
7610059347045125397,https://www.tiktok.com/@MS4wLjABAAAAMPnpn3EKG8gfAcqX7d5udBoWXobxoz2ltAK86h-KWmiWW8FQpaasKuCVtgQOhoIi/video/7610059347045125397,2026-02-23,20,Mon,29,4102,8,1,17,1,0.66,Chíp chíp tủi thơ#anvatcungtiktok #fyp #keodeoleofood #xuhuong #doanvat,anvatcungtiktok fyp keodeoleofood xuhuong doanvat,Ngộ Không Trộm Đào Lady Gà Gà,Lady Gà Gà 🇻🇳,True,True,True
7609939639310257428,https://www.tiktok.com/@MS4wLjABAAAAMPnpn3EKG8gfAcqX7d5udBoWXobxoz2ltAK86h-KWmiWW8FQpaasKuCVtgQOhoIi/video/7609939639310257428,2026-02-23,13,Mon,31,12700,87,7,16,17,1.0,Ê ngonnnn#anvatcungtiktok #fyp #keosuabo🐮 #xuhuong #doanvat,anvatcungtiktok fyp keosuabo xuhuong doanvat,original sound - giangne8686,𝙱𝚎̂́𝚙 𝙲𝚞̉𝚊 𝙶𝚒𝚊𝚗𝚐🍜,True,True,True
7609690542280117525,https://www.tiktok.com/@MS4wLjABAAAAMPnpn3EKG8gfAcqX7d5udBoWXobxoz2ltAK86h-KWmiWW8FQpaasKuCVtgQOhoIi/video/7609690542280117525,2026-02-22,21,Sun,35,7501,38,1,6,6,0.68,Cay tê tái lun#anvatcungtiktok #fyp #banhtrangxikesieucay #xuhuong #d...,anvatcungtiktok fyp banhtrangxikesieucay xuhuong d,a d o p t m e n i g h t t h e m e,⊹ ⸱ ࣭ ⸱ 🖨 ꒱ ꪶu⍺ ៹ ⌗ 𖣠,True,True,True
7609655358843260181,https://www.tiktok.com/@MS4wLjABAAAAMPnpn3EKG8gfAcqX7d5udBoWXobxoz2ltAK86h-KWmiWW8FQpaasKuCVtgQOhoIi/video/7609655358843260181,2026-02-22,18,Sun,34,4594,6,0,2,1,0.2,Mê ạ#anvatcungtiktok #fyp #quecayvuongthanlong #hangdai #xuhuong,anvatcungtiktok fyp quecayvuongthanlong hangdai xuhuong,original sound - woowhasisb,woowhasisb,True,True,True
7609551031407594772,https://www.tiktok.com/@MS4wLjABAAAAMPnpn3EKG8gfAcqX7d5udBoWXobxoz2ltAK86h-KWmiWW8FQpaasKuCVtgQOhoIi/video/7609551031407594772,2026-02-22,12,Sun,27,116500,291,55,36,34,0.36,thử đi mấy bà#anvatcungtiktok #fyp #banhtrang#xuhuong #doanvat,anvatcungtiktok fyp banhtrang xuhuong doanvat,original sound - tudede195,tú dé de,True,True,True
7609324017786342677,https://www.tiktok.com/@MS4wLjABAAAAMPnpn3EKG8gfAcqX7d5udBoWXobxoz2ltAK86h-KWmiWW8FQpaasKuCVtgQOhoIi/video/7609324017786342677,2026-02-21,21,Sat,33,1240,7,1,1,1,0.81,mlem mlem ạ #anvatcungtiktok #fyp #xucxichphomai #xuhuong #doanvat,anvatcungtiktok fyp xucxichphomai xuhuong doanvat,Meow number 16 - The kitten's nose,AtilaKw,False,True,False
7609261938144578837,https://www.tiktok.com/@MS4wLjABAAAAMPnpn3EKG8gfAcqX7d5udBoWXobxoz2ltAK86h-KWmiWW8FQpaasKuCVtgQOhoIi/video/7609261938144578837,2026-02-21,17,Sat,28,22200,27,2,6,7,0.19,kẹo dẻo chíp chíp#anvatcungtiktok #fyp #keodeoleofood #xuhuong #doanvat,anvatcungtiktok fyp keodeoleofood xuhuong doanvat,Ngộ Không Trộm Đào Lady Gà Gà,Lady Gà Gà 🇻🇳,True,True,True
7609167169884032277,https://www.tiktok.com/@MS4wLjABAAAAMPnpn3EKG8gfAcqX7d5udBoWXobxoz2ltAK86h-KWmiWW8FQpaasKuCVtgQOhoIi/video/7609167169884032277,2026-02-21,11,Sat,29,4341,29,2,2,4,0.85,Ê nó ngon đieng ạ#anvatcungtiktok #fyp #xucxichphomai #xuhuong #doanvat,anvatcungtiktok fyp xucxichphomai xuhuong doanvat,original sound - antitrangkhanzone1,Anti Trang Khàn zone,True,True,False
7608960801856048405,https://www.tiktok.com/@MS4wLjABAAAAMPnpn3EKG8gfAcqX7d5udBoWXobxoz2ltAK86h-KWmiWW8FQpaasKuCVtgQOhoIi/video/7608960801856048405,2026-02-20,21,Fri,27,5969,8,0,2,3,0.22,Ăn hoài hông chán#anvatcungtiktok #fyp #tamcayhangdai #hangdai #xuhuong,anvatcungtiktok fyp tamcayhangdai hangdai xuhuong,Meow number 16 - The kitten's nose,AtilaKw,False,True,True
7608918598467308821,https://www.tiktok.com/@MS4wLjABAAAAMPnpn3EKG8gfAcqX7d5udBoWXobxoz2ltAK86h-KWmiWW8FQpaasKuCVtgQOhoIi/video/7608918598467308821,2026-02-20,19,Fri,28,9805,59,2,13,8,0.84,ngon tuyệt lun #anvatcungtiktok #fyp #doanvat #keosuabo🐮 #keosuabovie...,anvatcungtiktok fyp doanvat keosuabo keosuabovie,original sound - woowhasisb,woowhasisb,True,True,True
7608596006598429972,https://www.tiktok.com/@MS4wLjABAAAAMPnpn3EKG8gfAcqX7d5udBoWXobxoz2ltAK86h-KWmiWW8FQpaasKuCVtgQOhoIi/video/7608596006598429972,2026-02-19,22,Thu,27,9985,32,1,7,7,0.47,nhon nhon ạ#anvatcungtiktok #fyp #keodeoleofood #xuhuong #doanvat,anvatcungtiktok fyp keodeoleofood xuhuong doanvat,original sound - woowhasisb,woowhasisb,True,True,True
7608554781170339093,https://www.tiktok.com/@MS4wLjABAAAAMPnpn3EKG8gfAcqX7d5udBoWXobxoz2ltAK86h-KWmiWW8FQpaasKuCVtgQOhoIi/video/7608554781170339093,2026-02-19,19,Thu,32,30600,56,0,22,9,0.28,Giòn thơm ngon nha#anvatcungtiktok #fyp #banhmisaigon #xuhuong #doanvat,anvatcungtiktok fyp banhmisaigon xuhuong doanvat,Happy Feels (NPC Life),Trendify,False,True,True
7608219362650148117,https://www.tiktok.com/@MS4wLjABAAAAMPnpn3EKG8gfAcqX7d5udBoWXobxoz2ltAK86h-KWmiWW8FQpaasKuCVtgQOhoIi/video/7608219362650148117,2026-02-18,21,Wed,29,5828,21,1,8,4,0.58,Tăm cay hằng đại ngon mê#anvatcungtiktok #fyp #quecayvuongthanlong #h...,anvatcungtiktok fyp quecayvuongthanlong h,Happy Feels (NPC Life),Trendify,False,True,True
7608148437292289301,https://www.tiktok.com/@MS4wLjABAAAAMPnpn3EKG8gfAcqX7d5udBoWXobxoz2ltAK86h-KWmiWW8FQpaasKuCVtgQOhoIi/video/7608148437292289301,2026-02-18,17,Wed,28,26300,28,2,2,4,0.14,Nhonn quá nhon quá#anvatcungtiktok #fyp #banhruoc #hangdai #xuhuong,anvatcungtiktok fyp banhruoc hangdai xuhuong,Meow number 16 - The kitten's nose,AtilaKw,False,True,True
7607846412532993301,https://www.tiktok.com/@MS4wLjABAAAAMPnpn3EKG8gfAcqX7d5udBoWXobxoz2ltAK86h-KWmiWW8FQpaasKuCVtgQOhoIi/video/7607846412532993301,2026-02-17,21,Tue,26,3156,9,1,3,1,0.44,mlem quá đi#anvatcungtiktok #fyp #comchaymamhanh #anvatcomai #xuhuong,anvatcungtiktok fyp comchaymamhanh anvatcomai xuhuong,original sound - doyan.makan7,ASMR🔥,True,True,True
7607438890433023252,https://www.tiktok.com/@MS4wLjABAAAAMPnpn3EKG8gfAcqX7d5udBoWXobxoz2ltAK86h-KWmiWW8FQpaasKuCVtgQOhoIi/video/7607438890433023252,2026-02-16,19,Mon,34,127900,73,5,6,12,0.08,ngon ạ#anvatcungtiktok #fyp #banhruoc #hangdai#xuhuong,anvatcungtiktok fyp banhruoc hangdai xuhuong,original sound - u.phng.toca,🧺✨️Đậu phộng toca🥜🫧,True,True,True
7607390070101806356,https://www.tiktok.com/@MS4wLjABAAAAMPnpn3EKG8gfAcqX7d5udBoWXobxoz2ltAK86h-KWmiWW8FQpaasKuCVtgQOhoIi/video/7607390070101806356,2026-02-16,16,Mon,32,17800,26,4,1,1,0.18,Ngon thiệt#anvatcungtiktok #fyp #quecayvuongthanlong #hangdai #xuhuong,anvatcungtiktok fyp quecayvuongthanlong hangdai xuhuong,original sound - woowhasisb,woowhasisb,True,True,True
7607112102540791060,https://www.tiktok.com/@MS4wLjABAAAAMPnpn3EKG8gfAcqX7d5udBoWXobxoz2ltAK86h-KWmiWW8FQpaasKuCVtgQOhoIi/video/7607112102540791060,2026-02-15,22,Sun,32,107000,74,3,16,11,0.1,bánh ngon còn được nhận lì xì nè#anvatcungtiktok #fyp #banhruoc #xuhu...,anvatcungtiktok fyp banhruoc xuhu,original sound - u.phng.toca,🧺✨️Đậu phộng toca🥜🫧,True,True,True
7606990003541069077,https://www.tiktok.com/@MS4wLjABAAAAMPnpn3EKG8gfAcqX7d5udBoWXobxoz2ltAK86h-KWmiWW8FQpaasKuCVtgQOhoIi/video/7606990003541069077,2026-02-15,14,Sun,29,1583,2,0,4,2,0.51,Ngon điêng lun má#anvatcungtiktok #fyp #banhtrangsotme #xuhuong #doan...,anvatcungtiktok fyp banhtrangsotme xuhuong doan,original sound - nhamnhamjt,Một chiếc bụng đói,True,True,True
7606648819152997652,https://www.tiktok.com/@MS4wLjABAAAAMPnpn3EKG8gfAcqX7d5udBoWXobxoz2ltAK86h-KWmiWW8FQpaasKuCVtgQOhoIi/video/7606648819152997652,2026-02-14,16,Sat,28,6843,10,4,3,5,0.32,Siuu ngon luôn#anvatcungtiktok #fyp #tamcayhangdai #hangdai #xuhuong,anvatcungtiktok fyp tamcayhangdai hangdai xuhuong,Meow number 16 - The kitten's nose,AtilaKw,False,True,True
7606568800175066388,https://www.tiktok.com/@MS4wLjABAAAAMPnpn3EKG8gfAcqX7d5udBoWXobxoz2ltAK86h-KWmiWW8FQpaasKuCVtgQOhoIi/video/7606568800175066388,2026-02-14,11,Sat,26,10600,35,0,4,5,0.42,Hốt lẹ nha các ty#anvatcungtiktok #fyp #quecayvuongthanlong #hangdai ...,anvatcungtiktok fyp quecayvuongthanlong hangdai,original sound - woowhasisb,woowhasisb,True,True,True
7605930974995680532,https://www.tiktok.com/@MS4wLjABAAAAMPnpn3EKG8gfAcqX7d5udBoWXobxoz2ltAK86h-KWmiWW8FQpaasKuCVtgQOhoIi/video/7605930974995680532,2026-02-12,17,Thu,30,631,6,1,1,1,1.43,ê ngonnn#anvatcungtiktok #fyp #banhcupcake #xuhuong #doanvat,anvatcungtiktok fyp banhcupcake xuhuong doanvat,[YouTube] That? Comical everyday(828420),Hisashi Tenkyu,False,True,False
7605623947664674069,https://www.tiktok.com/@MS4wLjABAAAAMPnpn3EKG8gfAcqX7d5udBoWXobxoz2ltAK86h-KWmiWW8FQpaasKuCVtgQOhoIi/video/7605623947664674069,2026-02-11,22,Wed,22,3930,7,0,1,2,0.25,Giòn nha#anvatcungtiktok #fyp #snacks #xuhuong #doanvat,anvatcungtiktok fyp snacks xuhuong doanvat,original sound - doyan.makan7,ASMR🔥,True,True,True
7605184074549972245,https://www.tiktok.com/@MS4wLjABAAAAMPnpn3EKG8gfAcqX7d5udBoWXobxoz2ltAK86h-KWmiWW8FQpaasKuCVtgQOhoIi/video/7605184074549972245,2026-02-10,17,Tue,31,7586,7,0,1,3,0.15,mờ lem nha#anvatcungtiktok #fyp #suondehangdai #hangdai #xuhuong,anvatcungtiktok fyp suondehangdai hangdai xuhuong,Ngộ Không Trộm Đào Lady Gà Gà,Lady Gà Gà 🇻🇳,True,True,True
7604862753446137109,https://www.tiktok.com/@MS4wLjABAAAAMPnpn3EKG8gfAcqX7d5udBoWXobxoz2ltAK86h-KWmiWW8FQpaasKuCVtgQOhoIi/video/7604862753446137109,2026-02-09,20,Mon,30,25100,38,0,8,7,0.21,Mlem wuaaa#anvatcungtiktok #fyp #quecayvuongthanlong #hangdai #xuhuong,anvatcungtiktok fyp quecayvuongthanlong hangdai xuhuong,original sound - woowhasisb,woowhasisb,True,True,True
7604821004610931988,https://www.tiktok.com/@MS4wLjABAAAAMPnpn3EKG8gfAcqX7d5udBoWXobxoz2ltAK86h-KWmiWW8FQpaasKuCVtgQOhoIi/video/7604821004610931988,2026-02-09,18,Mon,24,2962,17,1,1,4,0.78,Hướng dương chiên giòn#anvatcungtiktok #fyp #huongduongchiengion #xuh...,anvatcungtiktok fyp huongduongchiengion xuh,original sound - doyan.makan7,ASMR🔥,True,True,True
7604520040972537108,https://www.tiktok.com/@MS4wLjABAAAAMPnpn3EKG8gfAcqX7d5udBoWXobxoz2ltAK86h-KWmiWW8FQpaasKuCVtgQOhoIi/video/7604520040972537108,2026-02-08,22,Sun,32,9164,10,1,2,5,0.2,ăn không ngừng vì ngon#anvatcungtiktok #fyp #quecayvuongthanlong #han...,anvatcungtiktok fyp quecayvuongthanlong han,Meow number 16 - The kitten's nose,AtilaKw,False,True,True
7604500864144854292,https://www.tiktok.com/@MS4wLjABAAAAMPnpn3EKG8gfAcqX7d5udBoWXobxoz2ltAK86h-KWmiWW8FQpaasKuCVtgQOhoIi/video/7604500864144854292,2026-02-08,21,Sun,30,1564,14,0,5,4,1.47,Zuii nha#anvatcungtiktok #fyp #bobo #cokoc #xuhuong,anvatcungtiktok fyp bobo cokoc xuhuong,original sound - dhninawonderland,dhn,True,True,True
7604461130282585364,https://www.tiktok.com/@MS4wLjABAAAAMPnpn3EKG8gfAcqX7d5udBoWXobxoz2ltAK86h-KWmiWW8FQpaasKuCVtgQOhoIi/video/7604461130282585364,2026-02-08,18,Sun,29,2605,14,1,1,3,0.73,ngon lém#anvatcungtiktok #fyp #tamcayhangdai #hangdai #xuhuong,anvatcungtiktok fyp tamcayhangdai hangdai xuhuong,original sound - woowhasisb,woowhasisb,True,True,True
7604364799635475732,https://www.tiktok.com/@MS4wLjABAAAAMPnpn3EKG8gfAcqX7d5udBoWXobxoz2ltAK86h-KWmiWW8FQpaasKuCVtgQOhoIi/video/7604364799635475732,2026-02-08,12,Sun,30,1088,5,0,0,1,0.55,Mlem chưa mấy mí#anvatcungtiktok #fyp #quecayvuongthanlong #hangdai #...,anvatcungtiktok fyp quecayvuongthanlong hangdai,original sound - woowhasisb,woowhasisb,True,True,True
7604152955905871124,https://www.tiktok.com/@MS4wLjABAAAAMPnpn3EKG8gfAcqX7d5udBoWXobxoz2ltAK86h-KWmiWW8FQpaasKuCVtgQOhoIi/video/7604152955905871124,2026-02-07,22,Sat,32,8600,7,1,4,3,0.17,Uii nó siu thơm ấy#anvatcungtiktok #fyp #lankhumui #graceandglow #xuh...,anvatcungtiktok fyp lankhumui graceandglow xuh,original sound - dhninawonderland,dhn,True,True,True
7604128093363653909,https://www.tiktok.com/@MS4wLjABAAAAMPnpn3EKG8gfAcqX7d5udBoWXobxoz2ltAK86h-KWmiWW8FQpaasKuCVtgQOhoIi/video/7604128093363653909,2026-02-07,21,Sat,38,451,5,1,3,1,2.22,Ngon lém nha#anvatcungtiktok #fyp #banhsuataodoxoai #xuhuong #doanvat,anvatcungtiktok fyp banhsuataodoxoai xuhuong doanvat,B U B B L E G U M,୨ rae. 🪽,True,True,False
7604053366137687316,https://www.tiktok.com/@MS4wLjABAAAAMPnpn3EKG8gfAcqX7d5udBoWXobxoz2ltAK86h-KWmiWW8FQpaasKuCVtgQOhoIi/video/7604053366137687316,2026-02-07,16,Sat,32,27200,37,1,9,6,0.19,nó ngon thiệt nhaa#anvatcungtiktok #fyp #quecayvuongthanlong #hangdai...,anvatcungtiktok fyp quecayvuongthanlong hangdai,original sound - woowhasisb,woowhasisb,True,True,True
7603972767452515604,https://www.tiktok.com/@MS4wLjABAAAAMPnpn3EKG8gfAcqX7d5udBoWXobxoz2ltAK86h-KWmiWW8FQpaasKuCVtgQOhoIi/video/7603972767452515604,2026-02-07,11,Sat,31,7254,9,1,3,2,0.21,nó ngon mà rẽ#anvatcungtiktok #fyp #banhtrang #xuhuong #doanvat,anvatcungtiktok fyp banhtrang xuhuong doanvat,original sound - woowhasisb,woowhasisb,True,True,True
7603781175890480405,https://www.tiktok.com/@MS4wLjABAAAAMPnpn3EKG8gfAcqX7d5udBoWXobxoz2ltAK86h-KWmiWW8FQpaasKuCVtgQOhoIi/video/7603781175890480405,2026-02-06,22,Fri,25,706,4,0,2,1,0.99,Tết có món này ngon nhức lách#anvatcungtiktok #fyp #chuoisaymegung #x...,anvatcungtiktok fyp chuoisaymegung x,original sound - doyan.makan7,ASMR🔥,True,True,False
7603741459291917589,https://www.tiktok.com/@MS4wLjABAAAAMPnpn3EKG8gfAcqX7d5udBoWXobxoz2ltAK86h-KWmiWW8FQpaasKuCVtgQOhoIi/video/7603741459291917589,2026-02-06,20,Fri,36,4020,12,5,1,4,0.55,Mua combo 2 gói đi mấy mí#anvatcungtiktok #fyp #bomienghangdai #hangd...,anvatcungtiktok fyp bomienghangdai hangd,original sound - woowhasisb,woowhasisb,True,True,True
7603711820645338388,https://www.tiktok.com/@MS4wLjABAAAAMPnpn3EKG8gfAcqX7d5udBoWXobxoz2ltAK86h-KWmiWW8FQpaasKuCVtgQOhoIi/video/7603711820645338388,2026-02-06,18,Fri,35,8932,12,1,7,0,0.22,Hốt lẹ hốt lẹ kẻo về giá#anvatcungtiktok #fyp #xucxichphomai #xuhuong...,anvatcungtiktok fyp xucxichphomai xuhuong,Meow number 16 - The kitten's nose,AtilaKw,False,True,True
7603679519471340821,https://www.tiktok.com/@MS4wLjABAAAAMPnpn3EKG8gfAcqX7d5udBoWXobxoz2ltAK86h-KWmiWW8FQpaasKuCVtgQOhoIi/video/7603679519471340821,2026-02-06,16,Fri,39,2704,4,0,2,1,0.26,ê nó ngon wuaaaaa#anvatcungtiktok #fyp #hangdai #bomienghangdai #xuhu...,anvatcungtiktok fyp hangdai bomienghangdai xuhu,original sound - woowhasisb,woowhasisb,True,True,True
7603393199410908436,https://www.tiktok.com/@MS4wLjABAAAAMPnpn3EKG8gfAcqX7d5udBoWXobxoz2ltAK86h-KWmiWW8FQpaasKuCVtgQOhoIi/video/7603393199410908436,2026-02-05,21,Thu,32,2998,4,0,3,1,0.27,Mlem mlem#anvatcungtiktok #fyp #quecayvuongthanlong #hangdai #xuhuong,anvatcungtiktok fyp quecayvuongthanlong hangdai xuhuong,original sound - woowhasisb,woowhasisb,True,True,True
7603335719716687125,https://www.tiktok.com/@MS4wLjABAAAAMPnpn3EKG8gfAcqX7d5udBoWXobxoz2ltAK86h-KWmiWW8FQpaasKuCVtgQOhoIi/video/7603335719716687125,2026-02-05,18,Thu,33,11300,30,1,2,5,0.34,Ngon nhức lách#anvatcungtiktok #fyp #banhtrang #xuhuong #doanvat,anvatcungtiktok fyp banhtrang xuhuong doanvat,original sound - woowhasisb,woowhasisb,True,True,True
7603230916336536852,https://www.tiktok.com/@MS4wLjABAAAAMPnpn3EKG8gfAcqX7d5udBoWXobxoz2ltAK86h-KWmiWW8FQpaasKuCVtgQOhoIi/video/7603230916336536852,2026-02-05,11,Thu,30,6985,7,0,4,1,0.17,Ê không ăn là tiếc lắm đok#anvatcungtiktok #fyp #quecayvuongthanlong ...,anvatcungtiktok fyp quecayvuongthanlong,original sound - woowhasisb,woowhasisb,True,True,True
7603029776839789845,https://www.tiktok.com/@MS4wLjABAAAAMPnpn3EKG8gfAcqX7d5udBoWXobxoz2ltAK86h-KWmiWW8FQpaasKuCVtgQOhoIi/video/7603029776839789845,2026-02-04,22,Wed,33,1132,6,1,2,2,0.97,Rôm rốp lun#anvatcungtiktok #fyp #snacks #xuhuong #doanvat,anvatcungtiktok fyp snacks xuhuong doanvat,original sound - doyan.makan7,ASMR🔥,True,True,True
7602987210639412501,https://www.tiktok.com/@MS4wLjABAAAAMPnpn3EKG8gfAcqX7d5udBoWXobxoz2ltAK86h-KWmiWW8FQpaasKuCVtgQOhoIi/video/7602987210639412501,2026-02-04,19,Wed,33,4699,10,0,1,2,0.28,Cay tê tái lun#anvatcungtiktok #fyp #banhtrangxikesieucay #xuhuong #d...,anvatcungtiktok fyp banhtrangxikesieucay xuhuong d,original sound - woowhasisb,woowhasisb,True,True,True
7602941612146085140,https://www.tiktok.com/@MS4wLjABAAAAMPnpn3EKG8gfAcqX7d5udBoWXobxoz2ltAK86h-KWmiWW8FQpaasKuCVtgQOhoIi/video/7602941612146085140,2026-02-04,16,Wed,33,2541,8,0,2,1,0.43,quên mấy bác bán bánh tráng đầu ngõ đi nha#anvatcungtiktok #fyp #banh...,anvatcungtiktok fyp banh,Meow number 16 - The kitten's nose,AtilaKw,False,True,True
7602857569605946644,https://www.tiktok.com/@MS4wLjABAAAAMPnpn3EKG8gfAcqX7d5udBoWXobxoz2ltAK86h-KWmiWW8FQpaasKuCVtgQOhoIi/video/7602857569605946644,2026-02-04,11,Wed,31,31500,25,8,14,2,0.16,Ê nó ngonn wua#anvatcungtiktok #fyp #quecayvuongthanlong #hangdai #xu...,anvatcungtiktok fyp quecayvuongthanlong hangdai xu,original sound - woowhasisb,woowhasisb,True,True,True
7602660502228995349,https://www.tiktok.com/@MS4wLjABAAAAMPnpn3EKG8gfAcqX7d5udBoWXobxoz2ltAK86h-KWmiWW8FQpaasKuCVtgQOhoIi/video/7602660502228995349,2026-02-03,22,Tue,34,5882,27,5,7,2,0.7,Ngon điênggg đảo#anvatcungtiktok #fyp #xucxichphomai #xuhuong #doanvat,anvatcungtiktok fyp xucxichphomai xuhuong doanvat,Meow number 16 - The kitten's nose,AtilaKw,False,True,True
7602622671699938580,https://www.tiktok.com/@MS4wLjABAAAAMPnpn3EKG8gfAcqX7d5udBoWXobxoz2ltAK86h-KWmiWW8FQpaasKuCVtgQOhoIi/video/7602622671699938580,2026-02-03,19,Tue,31,1236,10,2,3,1,1.29,Giòn tan vậy đó#anvatcungtiktok #fyp #comchaymamhanh #xuhuong #doanvat,anvatcungtiktok fyp comchaymamhanh xuhuong doanvat,original sound - doyan.makan7,ASMR🔥,True,True,True
7602575739069730068,https://www.tiktok.com/@MS4wLjABAAAAMPnpn3EKG8gfAcqX7d5udBoWXobxoz2ltAK86h-KWmiWW8FQpaasKuCVtgQOhoIi/video/7602575739069730068,2026-02-03,16,Tue,33,2887,11,0,3,1,0.52,quá là mê#anvatcungtiktok #fyp #changabatuyet #xuhuong #doanvat,anvatcungtiktok fyp changabatuyet xuhuong doanvat,original sound - nini.analog,𐙚 ₊ ⊹ prandini,True,True,True
7602513535448534293,https://www.tiktok.com/@MS4wLjABAAAAMPnpn3EKG8gfAcqX7d5udBoWXobxoz2ltAK86h-KWmiWW8FQpaasKuCVtgQOhoIi/video/7602513535448534293,2026-02-03,12,Tue,30,19500,18,2,14,4,0.19,quá là mlem mlem#anvatcungtiktok #fyp #quecayvuongthanlong #hangdai #...,anvatcungtiktok fyp quecayvuongthanlong hangdai,original sound - woowhasisb,woowhasisb,True,True,True
7602287302638947604,https://www.tiktok.com/@MS4wLjABAAAAMPnpn3EKG8gfAcqX7d5udBoWXobxoz2ltAK86h-KWmiWW8FQpaasKuCVtgQOhoIi/video/7602287302638947604,2026-02-02,22,Mon,32,6074,18,3,16,3,0.66,mlem mlem quá#anvatcungtiktok #fyp #quecayvuongthanlong #hangdai #xuh...,anvatcungtiktok fyp quecayvuongthanlong hangdai xuh,original sound - woowhasisb,woowhasisb,True,True,True
7602249827816197397,https://www.tiktok.com/@MS4wLjABAAAAMPnpn3EKG8gfAcqX7d5udBoWXobxoz2ltAK86h-KWmiWW8FQpaasKuCVtgQOhoIi/video/7602249827816197397,2026-02-02,19,Mon,32,23200,92,6,35,16,0.64,Ngập nguội phô mai lunnn#anvatcungtiktok #fyp #xucxichphomai #xuhuong...,anvatcungtiktok fyp xucxichphomai xuhuong,Meow number 16 - The kitten's nose,AtilaKw,False,True,True
7602225188255649044,https://www.tiktok.com/@MS4wLjABAAAAMPnpn3EKG8gfAcqX7d5udBoWXobxoz2ltAK86h-KWmiWW8FQpaasKuCVtgQOhoIi/video/7602225188255649044,2026-02-02,18,Mon,33,2917,6,1,2,1,0.34,Ngon đienggg đảo#anvatcungtiktok #fyp #banhtrangsotme #xuhuong #doanvat,anvatcungtiktok fyp banhtrangsotme xuhuong doanvat,original sound - tranmyle1992,Trần Mỹ Lệ,True,True,True
7602116419177762068,https://www.tiktok.com/@MS4wLjABAAAAMPnpn3EKG8gfAcqX7d5udBoWXobxoz2ltAK86h-KWmiWW8FQpaasKuCVtgQOhoIi/video/7602116419177762068,2026-02-02,11,Mon,30,2427,9,1,5,2,0.7,combo 5 bịch zá siu mềm#anvatcungtiktok #fyp #banhtrangtron #xuhuong ...,anvatcungtiktok fyp banhtrangtron xuhuong,Meow number 16 - The kitten's nose,AtilaKw,False,True,True
7601903692421270804,https://www.tiktok.com/@MS4wLjABAAAAMPnpn3EKG8gfAcqX7d5udBoWXobxoz2ltAK86h-KWmiWW8FQpaasKuCVtgQOhoIi/video/7601903692421270804,2026-02-01,21,Sun,27,21500,20,2,6,3,0.14,nhức lách bật bật#anvatcungtiktok #fyp #quecayvuongthanlong #hangdai ...,anvatcungtiktok fyp quecayvuongthanlong hangdai,original sound - woowhasisb,woowhasisb,True,True,True
7601832163117468949,https://www.tiktok.com/@MS4wLjABAAAAMPnpn3EKG8gfAcqX7d5udBoWXobxoz2ltAK86h-KWmiWW8FQpaasKuCVtgQOhoIi/video/7601832163117468949,2026-02-01,16,Sun,28,27100,16,1,5,4,0.1,Ngon nhức lách#anvatcungtiktok #fyp #chuoisaymegung #xuhuong #doanvat,anvatcungtiktok fyp chuoisaymegung xuhuong doanvat,original sound - doyan.makan7,ASMR🔥,True,True,True
7601777639602294037,https://www.tiktok.com/@MS4wLjABAAAAMPnpn3EKG8gfAcqX7d5udBoWXobxoz2ltAK86h-KWmiWW8FQpaasKuCVtgQOhoIi/video/7601777639602294037,2026-02-01,13,Sun,34,10300,40,0,7,7,0.52,ú nu ê hề phô mai lun#anvatcungtiktok #fyp #xucxichphomai #xuhuong #d...,anvatcungtiktok fyp xucxichphomai xuhuong d,Meow number 16 - The kitten's nose,AtilaKw,False,True,True
7601554274971127061,https://www.tiktok.com/@MS4wLjABAAAAMPnpn3EKG8gfAcqX7d5udBoWXobxoz2ltAK86h-KWmiWW8FQpaasKuCVtgQOhoIi/video/7601554274971127061,2026-01-31,22,Sat,32,8270,17,6,7,3,0.4,mlem lắmmm#anvatcungtiktok #fyp #quecayvuongthanlong #hangdai #xuhuong,anvatcungtiktok fyp quecayvuongthanlong hangdai xuhuong,Meow number 16 - The kitten's nose,AtilaKw,False,True,True
7601535275940039957,https://www.tiktok.com/@MS4wLjABAAAAMPnpn3EKG8gfAcqX7d5udBoWXobxoz2ltAK86h-KWmiWW8FQpaasKuCVtgQOhoIi/video/7601535275940039957,2026-01-31,21,Sat,28,486,5,4,3,3,3.09,siuuu mê luôn#anvatcungtiktok #fyp #xoaisaydeomuoiot #mero #xuhuong,anvatcungtiktok fyp xoaisaydeomuoiot mero xuhuong,original sound - heinaa._.mukbang,🥡𝙃𝙚𝙞𝙣𝙖૮ ˶ᵔ ᵕ ᵔ˶ ა🧁,True,True,False
7601506896230616341,https://www.tiktok.com/@MS4wLjABAAAAMPnpn3EKG8gfAcqX7d5udBoWXobxoz2ltAK86h-KWmiWW8FQpaasKuCVtgQOhoIi/video/7601506896230616341,2026-01-31,19,Sat,32,37900,68,2,14,7,0.24,combo 2 bịch bánh tráng#anvatcungtiktok #fyp #banhtrang #xuhuong #doa...,anvatcungtiktok fyp banhtrang xuhuong doa,original sound - woowhasisb,woowhasisb,True,True,True
7601374950355651860,https://www.tiktok.com/@MS4wLjABAAAAMPnpn3EKG8gfAcqX7d5udBoWXobxoz2ltAK86h-KWmiWW8FQpaasKuCVtgQOhoIi/video/7601374950355651860,2026-01-31,11,Sat,32,799000,2348,199,1161,245,0.49,mlem mlem quá đi#anvatcungtiktok #fyp #quecayvuongthanlong #xuhuong #...,anvatcungtiktok fyp quecayvuongthanlong xuhuong,original sound - woowhasisb,woowhasisb,True,True,True
7601163823709474069,https://www.tiktok.com/@MS4wLjABAAAAMPnpn3EKG8gfAcqX7d5udBoWXobxoz2ltAK86h-KWmiWW8FQpaasKuCVtgQOhoIi/video/7601163823709474069,2026-01-30,21,Fri,31,403,6,2,2,1,2.73,Bánh hoa mai dừa non#anvatcungtiktok #fyp #banhhoamai #xuhuong #doanvat,anvatcungtiktok fyp banhhoamai xuhuong doanvat,春节喜庆元旦过年热闹,苏政,False,True,True
7601141144893803796,https://www.tiktok.com/@MS4wLjABAAAAMPnpn3EKG8gfAcqX7d5udBoWXobxoz2ltAK86h-KWmiWW8FQpaasKuCVtgQOhoIi/video/7601141144893803796,2026-01-30,20,Fri,26,6323,13,1,5,2,0.33,Ngonn đienggg ấy#anvatcungtiktok #fyp #quecayvuongthanlong #hangdai #...,anvatcungtiktok fyp quecayvuongthanlong hangdai,original sound - antitrangkhanzone1,Anti Trang Khàn zone,True,True,True
7601080265850637588,https://www.tiktok.com/@MS4wLjABAAAAMPnpn3EKG8gfAcqX7d5udBoWXobxoz2ltAK86h-KWmiWW8FQpaasKuCVtgQOhoIi/video/7601080265850637588,2026-01-30,16,Fri,34,129600,1007,70,232,134,1.11,ngon điêngg ạ#anvatcungtiktok #fyp #xucxichphomai #xuhuong #doanvat,anvatcungtiktok fyp xucxichphomai xuhuong doanvat,original sound - woowhasisb,woowhasisb,True,True,True
7600800008824278293,https://www.tiktok.com/@MS4wLjABAAAAMPnpn3EKG8gfAcqX7d5udBoWXobxoz2ltAK86h-KWmiWW8FQpaasKuCVtgQOhoIi/video/7600800008824278293,2026-01-29,22,Thu,35,23300,85,14,16,20,0.58,Nhon nhon quá#anvatcungtiktok #fyp #xucxichphomai #xuhuong #doanvat,anvatcungtiktok fyp xucxichphomai xuhuong doanvat,Meow number 16 - The kitten's nose,AtilaKw,False,True,True
7600737565024570645,https://www.tiktok.com/@MS4wLjABAAAAMPnpn3EKG8gfAcqX7d5udBoWXobxoz2ltAK86h-KWmiWW8FQpaasKuCVtgQOhoIi/video/7600737565024570645,2026-01-29,18,Thu,35,1672,10,4,7,3,1.44,Xoài sấy dẻo mẹ rô#anvatcungtiktok #fyp #xoaisaymuoiot #mero #xuhuong,anvatcungtiktok fyp xoaisaymuoiot mero xuhuong,Happy Feels (NPC Life),Trendify,False,True,True
7600714154852355349,https://www.tiktok.com/@MS4wLjABAAAAMPnpn3EKG8gfAcqX7d5udBoWXobxoz2ltAK86h-KWmiWW8FQpaasKuCVtgQOhoIi/video/7600714154852355349,2026-01-29,16,Thu,28,3045,9,2,4,2,0.56,mlem mlem quá#anvatcungtiktok #fyp #huongduongchiengion #xuhuong #doa...,anvatcungtiktok fyp huongduongchiengion xuhuong doa,original sound - doyan.makan7,ASMR🔥,True,True,True
7600450402982677780,https://www.tiktok.com/@MS4wLjABAAAAMPnpn3EKG8gfAcqX7d5udBoWXobxoz2ltAK86h-KWmiWW8FQpaasKuCVtgQOhoIi/video/7600450402982677780,2026-01-28,23,Wed,28,3014,9,2,3,2,0.53,Ngonn điênggg được#anvatcungtiktok #fyp #chuoisaymegung #xuhuong #doa...,anvatcungtiktok fyp chuoisaymegung xuhuong doa,original sound - yen_doanvathot,Yến Review🍔,True,True,True
7600373399340223764,https://www.tiktok.com/@MS4wLjABAAAAMPnpn3EKG8gfAcqX7d5udBoWXobxoz2ltAK86h-KWmiWW8FQpaasKuCVtgQOhoIi/video/7600373399340223764,2026-01-28,18,Wed,26,14800,31,0,8,3,0.28,Ngon điêng luôn má #anvatcungtiktok #fyp #hangdai #quecayvuongthanlon...,anvatcungtiktok fyp hangdai quecayvuongthanlon,original sound - antitrangkhanzone1,Anti Trang Khàn zone,True,True,True
7600336301950356756,https://www.tiktok.com/@MS4wLjABAAAAMPnpn3EKG8gfAcqX7d5udBoWXobxoz2ltAK86h-KWmiWW8FQpaasKuCVtgQOhoIi/video/7600336301950356756,2026-01-28,16,Wed,34,3784,17,0,5,1,0.61,Ô mai mơ sữa không hạt#anvatcungtiktok #fyp #omaimosua #xuhuong #doan...,anvatcungtiktok fyp omaimosua xuhuong doan,春节喜庆元旦过年热闹,苏政,False,True,True
7600042631992757525,https://www.tiktok.com/@MS4wLjABAAAAMPnpn3EKG8gfAcqX7d5udBoWXobxoz2ltAK86h-KWmiWW8FQpaasKuCVtgQOhoIi/video/7600042631992757525,2026-01-27,21,Tue,35,8656,8,0,4,2,0.16,Cay cay khổng lồ#anvatcungtiktok #fyp #hangdai #quecayvuongthanlong #...,anvatcungtiktok fyp hangdai quecayvuongthanlong,original sound - antitrangkhanzone1,Anti Trang Khàn zone,True,True,True
7600005182704995605,https://www.tiktok.com/@MS4wLjABAAAAMPnpn3EKG8gfAcqX7d5udBoWXobxoz2ltAK86h-KWmiWW8FQpaasKuCVtgQOhoIi/video/7600005182704995605,2026-01-27,18,Tue,30,3920,11,0,3,3,0.43,cay tê tái luôn#anvatcungtiktok #fyp #muoinhuyensieucay #xuhuong #doa...,anvatcungtiktok fyp muoinhuyensieucay xuhuong doa,Happy Feels (NPC Life),Trendify,False,True,True
7599978734736641301,https://www.tiktok.com/@MS4wLjABAAAAMPnpn3EKG8gfAcqX7d5udBoWXobxoz2ltAK86h-KWmiWW8FQpaasKuCVtgQOhoIi/video/7599978734736641301,2026-01-27,16,Tue,26,1642,4,1,1,1,0.43,Giòn rụm rụm#anvatcungtiktok #fyp #huongduongchiengion #xuhuong #doan...,anvatcungtiktok fyp huongduongchiengion xuhuong doan,original sound - thonhonho0,🐰Thỏsayhi🥀✨,True,True,True
7599682221288525077,https://www.tiktok.com/@MS4wLjABAAAAMPnpn3EKG8gfAcqX7d5udBoWXobxoz2ltAK86h-KWmiWW8FQpaasKuCVtgQOhoIi/video/7599682221288525077,2026-01-26,21,Mon,33,3271,4,0,1,2,0.21,sốt phomai tanzy#anvatcungtiktok #fyp #sotphomai #xuhuong #doanvat,anvatcungtiktok fyp sotphomai xuhuong doanvat,Happy Feels (NPC Life),Trendify,False,True,True
7599627058045652244,https://www.tiktok.com/@MS4wLjABAAAAMPnpn3EKG8gfAcqX7d5udBoWXobxoz2ltAK86h-KWmiWW8FQpaasKuCVtgQOhoIi/video/7599627058045652244,2026-01-26,18,Mon,28,4279,12,2,19,3,0.84,giòn mê ạ#anvatcungtiktok #fyp #huongduongchiengion #xuhuong #doanvat,anvatcungtiktok fyp huongduongchiengion xuhuong doanvat,original sound - kemyeuoi._.moc,Kem cà lem,True,True,True
7599541579627433237,https://www.tiktok.com/@MS4wLjABAAAAMPnpn3EKG8gfAcqX7d5udBoWXobxoz2ltAK86h-KWmiWW8FQpaasKuCVtgQOhoIi/video/7599541579627433237,2026-01-26,12,Mon,31,4163,17,4,7,4,0.77,Cay tê tái luôn á mấy má#anvatcungtiktok #fyp #muoinhuyensieucay #xuh...,anvatcungtiktok fyp muoinhuyensieucay xuh,original sound - antitrangkhanzone1,Anti Trang Khàn zone,True,True,True
7599328350498278676,https://www.tiktok.com/@MS4wLjABAAAAMPnpn3EKG8gfAcqX7d5udBoWXobxoz2ltAK86h-KWmiWW8FQpaasKuCVtgQOhoIi/video/7599328350498278676,2026-01-25,22,Sun,28,3334,7,2,2,3,0.42,Giòn giòn thơm thơm#anvatcungtiktok #fyp #comchaymamhanh #xuhuong #do...,anvatcungtiktok fyp comchaymamhanh xuhuong do,Dongchio_COTICHVIETNAM,Trần An Đông,True,True,True
7599261350845484309,https://www.tiktok.com/@MS4wLjABAAAAMPnpn3EKG8gfAcqX7d5udBoWXobxoz2ltAK86h-KWmiWW8FQpaasKuCVtgQOhoIi/video/7599261350845484309,2026-01-25,18,Sun,35,7068,12,1,1,1,0.21,Giòn tan lun#anvatcungtiktok #fyp #huongduongchiengion #xuhuong #doan...,anvatcungtiktok fyp huongduongchiengion xuhuong doan,original sound - woowhasisb,woowhasisb,True,True,True
7599209057886506261,https://www.tiktok.com/@MS4wLjABAAAAMPnpn3EKG8gfAcqX7d5udBoWXobxoz2ltAK86h-KWmiWW8FQpaasKuCVtgQOhoIi/video/7599209057886506261,2026-01-25,15,Sun,34,6358,13,4,5,5,0.42,Ê mấy bà thử ngay em sốt này đi#anvatcungtiktok #fyp #sotphomai #xuhu...,anvatcungtiktok fyp sotphomai xuhu,Happy Feels (NPC Life),Trendify,False,True,True
7598957617506995476,https://www.tiktok.com/@MS4wLjABAAAAMPnpn3EKG8gfAcqX7d5udBoWXobxoz2ltAK86h-KWmiWW8FQpaasKuCVtgQOhoIi/video/7598957617506995476,2026-01-24,22,Sat,30,3057,3,2,1,2,0.26,ngonn đienggg#anvatcungtiktok #fyp #chuoisaymegung #xuhuong #doanvat,anvatcungtiktok fyp chuoisaymegung xuhuong doanvat,original sound - doyan.makan7,ASMR🔥,True,True,True
7598928235551788308,https://www.tiktok.com/@MS4wLjABAAAAMPnpn3EKG8gfAcqX7d5udBoWXobxoz2ltAK86h-KWmiWW8FQpaasKuCVtgQOhoIi/video/7598928235551788308,2026-01-24,21,Sat,32,21000,20,0,4,3,0.13,Ê ngon quá đi nè#anvatcungtiktok #fyp #hangdai #xuhuong #doanvat,anvatcungtiktok fyp hangdai xuhuong doanvat,original sound - antitrangkhanzone1,Anti Trang Khàn zone,True,True,True
7598899822606732565,https://www.tiktok.com/@MS4wLjABAAAAMPnpn3EKG8gfAcqX7d5udBoWXobxoz2ltAK86h-KWmiWW8FQpaasKuCVtgQOhoIi/video/7598899822606732565,2026-01-24,19,Sat,36,68000,93,19,92,12,0.32,siuuu cay lun#anvatcungtiktok #fyp #banhtrangxikesieucay #xuhuong #do...,anvatcungtiktok fyp banhtrangxikesieucay xuhuong do,original sound - woowhasisb,woowhasisb,True,True,True
7598871676469644565,https://www.tiktok.com/@MS4wLjABAAAAMPnpn3EKG8gfAcqX7d5udBoWXobxoz2ltAK86h-KWmiWW8FQpaasKuCVtgQOhoIi/video/7598871676469644565,2026-01-24,17,Sat,31,3017,12,1,3,3,0.63,Mua luôn combo đi nè#anvatcungtiktok #fyp #banhtrang #xuhuong #doanvat,anvatcungtiktok fyp banhtrang xuhuong doanvat,original sound - antitrangkhanzone1,Anti Trang Khàn zone,True,True,True
7598582191827832085,https://www.tiktok.com/@MS4wLjABAAAAMPnpn3EKG8gfAcqX7d5udBoWXobxoz2ltAK86h-KWmiWW8FQpaasKuCVtgQOhoIi/video/7598582191827832085,2026-01-23,22,Fri,31,1779,4,0,4,1,0.51,thơm giòn lắm nha#anvatcungtiktok #fyp #snack #xuhuong #doanvat,anvatcungtiktok fyp snack xuhuong doanvat,original sound - yen_doanvathot,Yến Review🍔,True,True,True
7598558803528895764,https://www.tiktok.com/@MS4wLjABAAAAMPnpn3EKG8gfAcqX7d5udBoWXobxoz2ltAK86h-KWmiWW8FQpaasKuCVtgQOhoIi/video/7598558803528895764,2026-01-23,21,Fri,31,918,8,0,1,2,1.2,Ê ngon nha#anvatcungtiktok #fyp #banhtrang #xuhuong #doanvat,anvatcungtiktok fyp banhtrang xuhuong doanvat,original sound - woowhasisb,woowhasisb,True,True,False
7598485322741157141,https://www.tiktok.com/@MS4wLjABAAAAMPnpn3EKG8gfAcqX7d5udBoWXobxoz2ltAK86h-KWmiWW8FQpaasKuCVtgQOhoIi/video/7598485322741157141,2026-01-23,16,Fri,33,12200,34,1,2,3,0.33,Đắn đo gù nữa hả các ní#anvatcungtiktok #fyp #banhtrang #xuhuong #doa...,anvatcungtiktok fyp banhtrang xuhuong doa,original sound - tudede195,tú dé de,True,True,True
7598198163287100693,https://www.tiktok.com/@MS4wLjABAAAAMPnpn3EKG8gfAcqX7d5udBoWXobxoz2ltAK86h-KWmiWW8FQpaasKuCVtgQOhoIi/video/7598198163287100693,2026-01-22,21,Thu,32,2169,7,1,5,1,0.65,Ngonn điengg#anvatcungtiktok #fyp #comchaymamhanh #xuhuong #doanvat,anvatcungtiktok fyp comchaymamhanh xuhuong doanvat,original sound - doyan.makan7,ASMR🔥,True,True,True
7598161576960609556,https://www.tiktok.com/@MS4wLjABAAAAMPnpn3EKG8gfAcqX7d5udBoWXobxoz2ltAK86h-KWmiWW8FQpaasKuCVtgQOhoIi/video/7598161576960609556,2026-01-22,19,Thu,31,511,5,2,3,2,2.35,Mấy bà ghe thấy tiếng giòn khôngg nè#anvatcungtiktok #fyp #chuoisayme...,anvatcungtiktok fyp chuoisayme,original sound - doyan.makan7,ASMR🔥,True,True,False
7598130955085270293,https://www.tiktok.com/@MS4wLjABAAAAMPnpn3EKG8gfAcqX7d5udBoWXobxoz2ltAK86h-KWmiWW8FQpaasKuCVtgQOhoIi/video/7598130955085270293,2026-01-22,17,Thu,35,80300,249,16,24,27,0.39,hốt lẹ kẹ đi ạ#anvatcungtiktok #fyp #banhtrang #xuhuong #doanvat,anvatcungtiktok fyp banhtrang xuhuong doanvat,original sound - woowhasisb,woowhasisb,True,True,True
7597843271053856021,https://www.tiktok.com/@MS4wLjABAAAAMPnpn3EKG8gfAcqX7d5udBoWXobxoz2ltAK86h-KWmiWW8FQpaasKuCVtgQOhoIi/video/7597843271053856021,2026-01-21,22,Wed,29,2415,12,2,1,2,0.7,Mờ lemmm#anvatcungtiktok #fyp #huongduongchiengion #xuhuong #doanvat,anvatcungtiktok fyp huongduongchiengion xuhuong doanvat,original sound - yen_doanvathot,Yến Review🍔,True,True,True
7597740528868216085,https://www.tiktok.com/@MS4wLjABAAAAMPnpn3EKG8gfAcqX7d5udBoWXobxoz2ltAK86h-KWmiWW8FQpaasKuCVtgQOhoIi/video/7597740528868216085,2026-01-21,16,Wed,39,2391,12,2,3,1,0.75,kẹo dẻo trái cây#anvatcungtiktok #fyp #pandapen #keodeotraicay #xuhuong,anvatcungtiktok fyp pandapen keodeotraicay xuhuong,original sound - bemauxanh.99,Bé Màu Xanh,True,True,True
7597699353700011285,https://www.tiktok.com/@MS4wLjABAAAAMPnpn3EKG8gfAcqX7d5udBoWXobxoz2ltAK86h-KWmiWW8FQpaasKuCVtgQOhoIi/video/7597699353700011285,2026-01-21,13,Wed,31,194,4,1,2,1,4.12,Thử lẹ thử lẹ đi nè#anvatcungtiktok #fyp #mathoadua #xuhuong #doanvat,anvatcungtiktok fyp mathoadua xuhuong doanvat,original sound - lilymukbangidols,Lilly🥧🧃,True,True,True
7597419615530142997,https://www.tiktok.com/@MS4wLjABAAAAMPnpn3EKG8gfAcqX7d5udBoWXobxoz2ltAK86h-KWmiWW8FQpaasKuCVtgQOhoIi/video/7597419615530142997,2026-01-20,19,Tue,29,1524,6,2,0,0,0.52,Nhà cô mai không làm ta thất vọng#anvatcungtiktok #fyp #comchaymamhan...,anvatcungtiktok fyp comchaymamhan,original sound - doyan.makan7,ASMR🔥,True,False,True
7597385872081734933,https://www.tiktok.com/@MS4wLjABAAAAMPnpn3EKG8gfAcqX7d5udBoWXobxoz2ltAK86h-KWmiWW8FQpaasKuCVtgQOhoIi/video/7597385872081734933,2026-01-20,17,Tue,33,10000,9,1,9,2,0.21,Giòn tan luôn#anvatcungtiktok #fyp #chuoisaymegung #xuhuong #doanvat,anvatcungtiktok fyp chuoisaymegung xuhuong doanvat,original sound - antitrangkhanzone1,Anti Trang Khàn zone,True,True,True
7597094009865063700,https://www.tiktok.com/@MS4wLjABAAAAMPnpn3EKG8gfAcqX7d5udBoWXobxoz2ltAK86h-KWmiWW8FQpaasKuCVtgQOhoIi/video/7597094009865063700,2026-01-19,22,Mon,31,6937,15,1,4,3,0.33,E hông ăn thử là phí đó#anvatcungtiktok #fyp#banhtrangmuoisac #xuhuon...,anvatcungtiktok fyp banhtrangmuoisac xuhuon,original sound - woowhasisb,woowhasisb,True,True,True
7597040123116670228,https://www.tiktok.com/@MS4wLjABAAAAMPnpn3EKG8gfAcqX7d5udBoWXobxoz2ltAK86h-KWmiWW8FQpaasKuCVtgQOhoIi/video/7597040123116670228,2026-01-19,18,Mon,32,2086,4,1,1,2,0.38,snack bim bim bạch tuộc#anvatcungtiktok #fyp #bimbimbachtuoc #snack #...,anvatcungtiktok fyp bimbimbachtuoc snack,original sound - doyan.makan7,ASMR🔥,True,True,True
7596982164206439700,https://www.tiktok.com/@MS4wLjABAAAAMPnpn3EKG8gfAcqX7d5udBoWXobxoz2ltAK86h-KWmiWW8FQpaasKuCVtgQOhoIi/video/7596982164206439700,2026-01-19,15,Mon,31,3164,9,3,4,0,0.51,tuii thề nó ngon lắm ấy#anvatcungtiktok #fyp #huongduongchiengion #xu...,anvatcungtiktok fyp huongduongchiengion xu,original sound - doyan.makan7,ASMR🔥,True,True,True
7596704246926413077,https://www.tiktok.com/@MS4wLjABAAAAMPnpn3EKG8gfAcqX7d5udBoWXobxoz2ltAK86h-KWmiWW8FQpaasKuCVtgQOhoIi/video/7596704246926413077,2026-01-18,21,Sun,30,3503,11,8,7,4,0.86,Giòn tan lun#anvatcungtiktok #fyp #comchaymamhanh #xuhuong #doanvat,anvatcungtiktok fyp comchaymamhanh xuhuong doanvat,original sound - yen_doanvathot,Yến Review🍔,True,True,True
7596665570976730389,https://www.tiktok.com/@MS4wLjABAAAAMPnpn3EKG8gfAcqX7d5udBoWXobxoz2ltAK86h-KWmiWW8FQpaasKuCVtgQOhoIi/video/7596665570976730389,2026-01-18,18,Sun,32,765,4,1,5,2,1.57,không cần đến huế vẫn có bánh để ăn lun#anvatcungtiktok #fyp #banheph...,anvatcungtiktok fyp banheph,B U B B L E G U M,୨ rae. 🪽,True,True,True
7596585782601600277,https://www.tiktok.com/@MS4wLjABAAAAMPnpn3EKG8gfAcqX7d5udBoWXobxoz2ltAK86h-KWmiWW8FQpaasKuCVtgQOhoIi/video/7596585782601600277,2026-01-18,13,Sun,38,12500,19,4,9,4,0.29,Mê chữ ê kéo dài#anvatcungtiktok #fyp #snack#khoaitaylacphomai #xuhuong,anvatcungtiktok fyp snack khoaitaylacphomai xuhuong,original sound - doyan.makan7,ASMR🔥,True,False,True
7596342760639057172,https://www.tiktok.com/@MS4wLjABAAAAMPnpn3EKG8gfAcqX7d5udBoWXobxoz2ltAK86h-KWmiWW8FQpaasKuCVtgQOhoIi/video/7596342760639057172,2026-01-17,21,Sat,31,1049,5,1,2,1,0.86,Món này ngon nha#anvatcungtiktok #fyp #xoaisaygion #xuhuong #doanvat,anvatcungtiktok fyp xoaisaygion xuhuong doanvat,original sound - yen_doanvathot,Yến Review🍔,True,True,True
7596274981814734100,https://www.tiktok.com/@MS4wLjABAAAAMPnpn3EKG8gfAcqX7d5udBoWXobxoz2ltAK86h-KWmiWW8FQpaasKuCVtgQOhoIi/video/7596274981814734100,2026-01-17,17,Sat,33,727,4,1,2,1,1.1,Ngon thật sự lun#anvatcungtiktok #fyp #chuoisaymegung #xuhuong #doanvat,anvatcungtiktok fyp chuoisaymegung xuhuong doanvat,original sound - yen_doanvathot,Yến Review🍔,True,True,False
7596207799340633365,https://www.tiktok.com/@MS4wLjABAAAAMPnpn3EKG8gfAcqX7d5udBoWXobxoz2ltAK86h-KWmiWW8FQpaasKuCVtgQOhoIi/video/7596207799340633365,2026-01-17,13,Sat,31,5861,6,1,4,1,0.2,29 cá thuii ấy#anvatcungtiktok #fyp #khoaitaylacphomai #xuhuong #doan...,anvatcungtiktok fyp khoaitaylacphomai xuhuong doan,original sound - doyan.makan7,ASMR🔥,True,True,True
7595968011052403989,https://www.tiktok.com/@MS4wLjABAAAAMPnpn3EKG8gfAcqX7d5udBoWXobxoz2ltAK86h-KWmiWW8FQpaasKuCVtgQOhoIi/video/7595968011052403989,2026-01-16,21,Fri,27,54800,133,4,19,9,0.3,hướng dương chiên giòn#anvatcungtiktok #fyp #huongduongchiengion #doa...,anvatcungtiktok fyp huongduongchiengion doa,original sound - yen_doanvathot,Yến Review🍔,True,True,True
7595938285407505685,https://www.tiktok.com/@MS4wLjABAAAAMPnpn3EKG8gfAcqX7d5udBoWXobxoz2ltAK86h-KWmiWW8FQpaasKuCVtgQOhoIi/video/7595938285407505685,2026-01-16,19,Fri,30,40900,121,4,25,18,0.41,sốp bân vì đam mê roài#anvatcungtiktok #fyp #banhtrang #doanvat #xuhu...,anvatcungtiktok fyp banhtrang doanvat xuhu,original sound - tudede195,tú dé de,True,True,True
7595612290590788884,https://www.tiktok.com/@MS4wLjABAAAAMPnpn3EKG8gfAcqX7d5udBoWXobxoz2ltAK86h-KWmiWW8FQpaasKuCVtgQOhoIi/video/7595612290590788884,2026-01-15,22,Thu,32,2233,7,3,3,3,0.72,Thử 1 lần đi nha#anvatcungtiktok #fyp #banhtrangmuoisac #doanvat #xuh...,anvatcungtiktok fyp banhtrangmuoisac doanvat xuh,original sound - lilymukbangidols,Lilly🥧🧃,True,True,True
7595573914814926101,https://www.tiktok.com/@MS4wLjABAAAAMPnpn3EKG8gfAcqX7d5udBoWXobxoz2ltAK86h-KWmiWW8FQpaasKuCVtgQOhoIi/video/7595573914814926101,2026-01-15,20,Thu,33,3696,10,4,8,1,0.62,Ngon mê lun ý#anvatcungtiktok #fyp #bomiengcayhangdai #xuhuong #doanvat,anvatcungtiktok fyp bomiengcayhangdai xuhuong doanvat,original sound - woowhasisb,woowhasisb,True,True,True
7595552820774849813,https://www.tiktok.com/@MS4wLjABAAAAMPnpn3EKG8gfAcqX7d5udBoWXobxoz2ltAK86h-KWmiWW8FQpaasKuCVtgQOhoIi/video/7595552820774849813,2026-01-15,18,Thu,38,1274,6,2,4,1,1.02,Nhon nhức cái lách#anvatcungtiktok #fyp #changabatuyet #xuhuong #doan...,anvatcungtiktok fyp changabatuyet xuhuong doan,cute cafesounds,𝐂𝐲𝐛𝐞𝐥𝐥𝐚 ! 👩🏻‍🍳,True,True,True
7595468538756795668,https://www.tiktok.com/@MS4wLjABAAAAMPnpn3EKG8gfAcqX7d5udBoWXobxoz2ltAK86h-KWmiWW8FQpaasKuCVtgQOhoIi/video/7595468538756795668,2026-01-15,13,Thu,30,486,5,1,3,2,2.26,món tuổi thơ của ai nè#anvatcungtiktok #fyp #bomiengcayhangdai #xuhuo...,anvatcungtiktok fyp bomiengcayhangdai xuhuo,original sound - woowhasisb,woowhasisb,True,True,True
7595216746194423060,https://www.tiktok.com/@MS4wLjABAAAAMPnpn3EKG8gfAcqX7d5udBoWXobxoz2ltAK86h-KWmiWW8FQpaasKuCVtgQOhoIi/video/7595216746194423060,2026-01-14,21,Wed,31,4521,9,1,4,1,0.33,mê lắm ý#anvatcungtiktok #fyp #comchaychabong #xuhuong #doanvat,anvatcungtiktok fyp comchaychabong xuhuong doanvat,original sound - doyan.makan7,ASMR🔥,True,True,True
7595187694595067157,https://www.tiktok.com/@MS4wLjABAAAAMPnpn3EKG8gfAcqX7d5udBoWXobxoz2ltAK86h-KWmiWW8FQpaasKuCVtgQOhoIi/video/7595187694595067157,2026-01-14,19,Wed,31,2059,7,2,3,1,0.63,Ê nha ê nha#anvatcungtiktok #fyp #banhtrangmuoisac #xuhuong #doanvat,anvatcungtiktok fyp banhtrangmuoisac xuhuong doanvat,original sound - woowhasisb,woowhasisb,True,True,True
7595114273123224853,https://www.tiktok.com/@MS4wLjABAAAAMPnpn3EKG8gfAcqX7d5udBoWXobxoz2ltAK86h-KWmiWW8FQpaasKuCVtgQOhoIi/video/7595114273123224853,2026-01-14,14,Wed,28,1416,12,4,1,1,1.27,Combo ăn tết cùng bà TUYẾT#anvatcungtiktok #fyp #ancungbatuyet #xuhuo...,anvatcungtiktok fyp ancungbatuyet xuhuo,r a n d o m,՞ ܸ 𐔌 ༝ ⍺chel ៸ 🎀 𓈒,True,True,True
7594851480000105748,https://www.tiktok.com/@MS4wLjABAAAAMPnpn3EKG8gfAcqX7d5udBoWXobxoz2ltAK86h-KWmiWW8FQpaasKuCVtgQOhoIi/video/7594851480000105748,2026-01-13,21,Tue,29,2523,6,1,8,1,0.63,lại bảo hông giòn đi ạ#anvatcungtiktok #fyp #comchaymamhanh #xuhuong ...,anvatcungtiktok fyp comchaymamhanh xuhuong,original sound - thisismohon,This is Mỏ Hỗn,True,True,True
7594813946876529941,https://www.tiktok.com/@MS4wLjABAAAAMPnpn3EKG8gfAcqX7d5udBoWXobxoz2ltAK86h-KWmiWW8FQpaasKuCVtgQOhoIi/video/7594813946876529941,2026-01-13,18,Tue,32,3922,12,3,4,2,0.54,mờ ê mê#anvatcungtiktok #fyp #banhtrangmuoisac #xuhuong #doanvat,anvatcungtiktok fyp banhtrangmuoisac xuhuong doanvat,original sound - woowhasisb,woowhasisb,True,True,True
7594769220001418517,https://www.tiktok.com/@MS4wLjABAAAAMPnpn3EKG8gfAcqX7d5udBoWXobxoz2ltAK86h-KWmiWW8FQpaasKuCVtgQOhoIi/video/7594769220001418517,2026-01-13,16,Tue,33,79900,166,5,43,17,0.29,Ê nó ngon mà giòn tan#anvatcungtiktok #fyp #comchaychabong #xuhuong #...,anvatcungtiktok fyp comchaychabong xuhuong,original sound - lechinh_88,Lê chính ăn uống healthy,True,True,True
7594485276274134292,https://www.tiktok.com/@MS4wLjABAAAAMPnpn3EKG8gfAcqX7d5udBoWXobxoz2ltAK86h-KWmiWW8FQpaasKuCVtgQOhoIi/video/7594485276274134292,2026-01-12,21,Mon,29,3999,9,1,3,1,0.35,ăn thử đi ne#anvatcungtiktok #fyp #huongduongchiengion #xuhuong #doan...,anvatcungtiktok fyp huongduongchiengion xuhuong doan,original sound - doyan.makan7,ASMR🔥,True,True,True
7594443179143761172,https://www.tiktok.com/@MS4wLjABAAAAMPnpn3EKG8gfAcqX7d5udBoWXobxoz2ltAK86h-KWmiWW8FQpaasKuCVtgQOhoIi/video/7594443179143761172,2026-01-12,18,Mon,34,2714,22,2,3,4,1.14,Nó ngonnn nè#ancungtiktok😍 #fyp #banhtrangphoisuong #xuhuong #doanvat,ancungtiktok fyp banhtrangphoisuong xuhuong doanvat,original sound - nini.analog,𐙚 ₊ ⊹ prandini,True,True,False
7594355114643557653,https://www.tiktok.com/@MS4wLjABAAAAMPnpn3EKG8gfAcqX7d5udBoWXobxoz2ltAK86h-KWmiWW8FQpaasKuCVtgQOhoIi/video/7594355114643557653,2026-01-12,13,Mon,32,3374,14,1,11,7,0.98,rủ ngay mấy đứa b chơi trò này đi#ancungtiktok😍 #fyp #keothoi#xuhuong...,ancungtiktok fyp keothoi xuhuong,original sound - nono6556655,NoNo 🐜🐜,True,True,False
7594103373490621716,https://www.tiktok.com/@MS4wLjABAAAAMPnpn3EKG8gfAcqX7d5udBoWXobxoz2ltAK86h-KWmiWW8FQpaasKuCVtgQOhoIi/video/7594103373490621716,2026-01-11,20,Sun,33,1460,6,1,0,1,0.55,Ngon điêngggg má ơii#ancungtiktok😍 #fyp #comchaymamhanh #xuhuong #doa...,ancungtiktok fyp comchaymamhanh xuhuong doa,original sound - doyan.makan7,ASMR🔥,True,True,True
7594059731417779477,https://www.tiktok.com/@MS4wLjABAAAAMPnpn3EKG8gfAcqX7d5udBoWXobxoz2ltAK86h-KWmiWW8FQpaasKuCVtgQOhoIi/video/7594059731417779477,2026-01-11,18,Sun,22,2601,7,2,1,2,0.46,siu cay siu cuốn#ancungtiktok😍 #fyp #muoinhuyensieucay #xuhuong #doan...,ancungtiktok fyp muoinhuyensieucay xuhuong doan,original sound - map.riviu,Mập Riviu 🐳,True,True,True
7593978510281067796,https://www.tiktok.com/@MS4wLjABAAAAMPnpn3EKG8gfAcqX7d5udBoWXobxoz2ltAK86h-KWmiWW8FQpaasKuCVtgQOhoIi/video/7593978510281067796,2026-01-11,12,Sun,32,2403,6,2,4,3,0.62,E nó ngon lắm ý#ancungtiktok😍 #fyp #huongduongchiengion #xuhuong #doa...,ancungtiktok fyp huongduongchiengion xuhuong doa,original sound - doyan.makan7,ASMR🔥,True,True,True
7593764204255923476,https://www.tiktok.com/@MS4wLjABAAAAMPnpn3EKG8gfAcqX7d5udBoWXobxoz2ltAK86h-KWmiWW8FQpaasKuCVtgQOhoIi/video/7593764204255923476,2026-01-10,23,Sat,32,718,5,4,4,1,1.95,Ô mai mix vị đặc biệt#ancungtiktok😍 #fyp #omaimixvi #xuhuong #doanvat,ancungtiktok fyp omaimixvi xuhuong doanvat,original sound - antitrangkhanzone1,Anti Trang Khàn zone,True,True,True
7593741889040289044,https://www.tiktok.com/@MS4wLjABAAAAMPnpn3EKG8gfAcqX7d5udBoWXobxoz2ltAK86h-KWmiWW8FQpaasKuCVtgQOhoIi/video/7593741889040289044,2026-01-10,21,Sat,31,7809,13,3,7,6,0.37,Giòn rụm lun nha#ancungtiktok😍 #fyp #mivien #snack #xuhuong,ancungtiktok fyp mivien snack xuhuong,original sound - doyan.makan7,ASMR🔥,True,True,True
7593337606256037141,https://www.tiktok.com/@MS4wLjABAAAAMPnpn3EKG8gfAcqX7d5udBoWXobxoz2ltAK86h-KWmiWW8FQpaasKuCVtgQOhoIi/video/7593337606256037141,2026-01-09,19,Fri,29,2297,10,4,2,3,0.83,mê lun ạ#ancungtiktok😍 #fyp #comchaymamhanh #xuhuong #doanvat,ancungtiktok fyp comchaymamhanh xuhuong doanvat,original sound - yen_doanvathot,Yến Review🍔,True,True,True
7593004565507640596,https://www.tiktok.com/@MS4wLjABAAAAMPnpn3EKG8gfAcqX7d5udBoWXobxoz2ltAK86h-KWmiWW8FQpaasKuCVtgQOhoIi/video/7593004565507640596,2026-01-08,21,Thu,28,723,3,1,2,2,1.11,Giòn tan thơm phức lun#ancungtiktok😍 #fyp #chuoisaymegung #xuhuong #d...,ancungtiktok fyp chuoisaymegung xuhuong d,original sound - u.phng.toca,🧺✨️Đậu phộng toca🥜🫧,True,True,False
7592921386801270036,https://www.tiktok.com/@MS4wLjABAAAAMPnpn3EKG8gfAcqX7d5udBoWXobxoz2ltAK86h-KWmiWW8FQpaasKuCVtgQOhoIi/video/7592921386801270036,2026-01-08,16,Thu,32,3520,12,2,5,4,0.65,Kẹo dẻo leofood#ancungtiktok😍 #fyp #keodeotraicay #xuhuong #doanvat,ancungtiktok fyp keodeotraicay xuhuong doanvat,G o o d p a r t s,Someone,True,True,True
7592613792207359252,https://www.tiktok.com/@MS4wLjABAAAAMPnpn3EKG8gfAcqX7d5udBoWXobxoz2ltAK86h-KWmiWW8FQpaasKuCVtgQOhoIi/video/7592613792207359252,2026-01-07,20,Wed,30,11600,33,5,24,6,0.59,ê hề lun#ancungtiktok😍 #fyp #banhtrang #xuhuong #doanvat,ancungtiktok fyp banhtrang xuhuong doanvat,original sound - tudede195,tú dé de,True,True,True
7592270216801848596,https://www.tiktok.com/@MS4wLjABAAAAMPnpn3EKG8gfAcqX7d5udBoWXobxoz2ltAK86h-KWmiWW8FQpaasKuCVtgQOhoIi/video/7592270216801848596,2026-01-06,22,Tue,31,3682,13,0,8,3,0.65,Bánh quy nhân kem#ancungtiktok😍 #fyp #banhquykem #xuhuong #doanvat,ancungtiktok fyp banhquykem xuhuong doanvat,original sound - rocuayen,Rổ Của Yến,True,True,True
7592183179105111317,https://www.tiktok.com/@MS4wLjABAAAAMPnpn3EKG8gfAcqX7d5udBoWXobxoz2ltAK86h-KWmiWW8FQpaasKuCVtgQOhoIi/video/7592183179105111317,2026-01-06,16,Tue,32,32400,43,10,11,3,0.21,Giòn tan lun#ancungtiktok😍 #fyp #comchaymamhanh #xuhuong #doanvat,ancungtiktok fyp comchaymamhanh xuhuong doanvat,original sound - doyan.makan7,ASMR🔥,True,True,True
7591889596242218261,https://www.tiktok.com/@MS4wLjABAAAAMPnpn3EKG8gfAcqX7d5udBoWXobxoz2ltAK86h-KWmiWW8FQpaasKuCVtgQOhoIi/video/7591889596242218261,2026-01-05,21,Mon,33,1572,4,2,7,2,0.95,giòn rụm#ancungtiktok😍 #fyp #comchaysieuruoc #xuhuong #doanvat,ancungtiktok fyp comchaysieuruoc xuhuong doanvat,original sound - yen_doanvathot,Yến Review🍔,True,True,True
7591839753977285909,https://www.tiktok.com/@MS4wLjABAAAAMPnpn3EKG8gfAcqX7d5udBoWXobxoz2ltAK86h-KWmiWW8FQpaasKuCVtgQOhoIi/video/7591839753977285909,2026-01-05,18,Mon,31,6074,14,1,13,2,0.49,hướng dương tẩm vị#ancungtiktok😍 #fyp #huongduongchiengion #xuhuong #...,ancungtiktok fyp huongduongchiengion xuhuong,original sound - doyan.makan7,ASMR🔥,True,True,True
7591457403594378516,https://www.tiktok.com/@MS4wLjABAAAAMPnpn3EKG8gfAcqX7d5udBoWXobxoz2ltAK86h-KWmiWW8FQpaasKuCVtgQOhoIi/video/7591457403594378516,2026-01-04,17,Sun,30,2748,13,0,10,2,0.91,Ê nhonn nha#ancungtiktok😍 #fyp #keosuabo #xuhuong #doanvat,ancungtiktok fyp keosuabo xuhuong doanvat,original sound - anvatcungoen,Ăn vặt cùng oen~,True,True,False
7591362361412291861,https://www.tiktok.com/@MS4wLjABAAAAMPnpn3EKG8gfAcqX7d5udBoWXobxoz2ltAK86h-KWmiWW8FQpaasKuCVtgQOhoIi/video/7591362361412291861,2026-01-04,11,Sun,32,4261,9,2,3,3,0.4,Kẹo dẻo leofood#ancungtiktok😍 #fyp #keodeotraicay #xuhuong #doanvat,ancungtiktok fyp keodeotraicay xuhuong doanvat,original sound - lilymukbangidols,Lilly🥧🧃,True,True,True
7591110048642862356,https://www.tiktok.com/@MS4wLjABAAAAMPnpn3EKG8gfAcqX7d5udBoWXobxoz2ltAK86h-KWmiWW8FQpaasKuCVtgQOhoIi/video/7591110048642862356,2026-01-03,19,Sat,30,3916,13,6,5,2,0.66,Siuuu siuu ngon lun#ancungtiktok😍 #fyp #comchaymamhanh #xuhuong #doan...,ancungtiktok fyp comchaymamhanh xuhuong doan,Dongchio_COTICHVIETNAM,Trần An Đông,True,True,True
7591067406697598228,https://www.tiktok.com/@MS4wLjABAAAAMPnpn3EKG8gfAcqX7d5udBoWXobxoz2ltAK86h-KWmiWW8FQpaasKuCVtgQOhoIi/video/7591067406697598228,2026-01-03,16,Sat,32,17500,100,59,14,12,1.06,giòn tan#ancungtiktok😍 #fyp #dauphongtoiot #xuhuong #doanvat,ancungtiktok fyp dauphongtoiot xuhuong doanvat,original sound - orderczbfe0,kateshop:),True,True,True
7591001710584204565,https://www.tiktok.com/@MS4wLjABAAAAMPnpn3EKG8gfAcqX7d5udBoWXobxoz2ltAK86h-KWmiWW8FQpaasKuCVtgQOhoIi/video/7591001710584204565,2026-01-03,12,Sat,31,379800,999,55,209,108,0.36,Giòn tan lun neg#ancungtiktok😍 #fyp #huongduongchiengion #xuhuong #do...,ancungtiktok fyp huongduongchiengion xuhuong do,original sound - doyan.makan7,ASMR🔥,True,True,True
7590753270788885780,https://www.tiktok.com/@MS4wLjABAAAAMPnpn3EKG8gfAcqX7d5udBoWXobxoz2ltAK86h-KWmiWW8FQpaasKuCVtgQOhoIi/video/7590753270788885780,2026-01-02,20,Fri,31,18600,26,2,6,2,0.19,5 bịch bánh tráng trộn#ancungtiktok😍 #fyp #banhtrang #xuhuong #doanvat,ancungtiktok fyp banhtrang xuhuong doanvat,original sound - lilymukbangidols,Lilly🥧🧃,True,True,True
7590695350755740948,https://www.tiktok.com/@MS4wLjABAAAAMPnpn3EKG8gfAcqX7d5udBoWXobxoz2ltAK86h-KWmiWW8FQpaasKuCVtgQOhoIi/video/7590695350755740948,2026-01-02,16,Fri,36,4757,24,2,5,6,0.78,Sốt phô mai#ancungtiktok😍 #fyp #sotphomai #xuhuong #doanvat,ancungtiktok fyp sotphomai xuhuong doanvat,original sound - lemlem1602,Lem hay ăn vặt 🍱,True,True,True
7590622039879208213,https://www.tiktok.com/@MS4wLjABAAAAMPnpn3EKG8gfAcqX7d5udBoWXobxoz2ltAK86h-KWmiWW8FQpaasKuCVtgQOhoIi/video/7590622039879208213,2026-01-02,11,Fri,31,7213,23,1,7,5,0.5,Lỗi zá thậc ròi#ancungtiktok😍 #fyp #banhtrang #xuhuong #doanvat,ancungtiktok fyp banhtrang xuhuong doanvat,original sound - tudede195,tú dé de,True,True,True
7590425673165049108,https://www.tiktok.com/@MS4wLjABAAAAMPnpn3EKG8gfAcqX7d5udBoWXobxoz2ltAK86h-KWmiWW8FQpaasKuCVtgQOhoIi/video/7590425673165049108,2026-01-01,23,Thu,38,119,5,1,6,1,10.92,Bánh quy chấm socola#ancungtiktok😍 #fyp #banhquysocola #xuhuong #doan...,ancungtiktok fyp banhquysocola xuhuong doan,cafe sound by bokki,꒰.°ʙᴏᴋᴋɪ•sᴏᴜɴᴅ ˙ᵕ˙꒱,True,True,False
7590381486809845013,https://www.tiktok.com/@MS4wLjABAAAAMPnpn3EKG8gfAcqX7d5udBoWXobxoz2ltAK86h-KWmiWW8FQpaasKuCVtgQOhoIi/video/7590381486809845013,2026-01-01,20,Thu,33,7821,14,3,2,4,0.29,Giòn rụm luôn nè#ancungtiktok😍 #fyp #comchaychabong #comchaymamhanh #...,ancungtiktok fyp comchaychabong comchaymamhanh,original sound - doyan.makan7,ASMR🔥,True,True,True
7590330956951719189,https://www.tiktok.com/@MS4wLjABAAAAMPnpn3EKG8gfAcqX7d5udBoWXobxoz2ltAK86h-KWmiWW8FQpaasKuCVtgQOhoIi/video/7590330956951719189,2026-01-01,17,Thu,33,3665,12,2,2,4,0.55,Mì viên thái lan#ancungtiktok😍 #fyp #mivien #snack#xuhuong,ancungtiktok fyp mivien snack xuhuong,original sound - lilymukbangidols,Lilly🥧🧃,True,True,True
7590248468573064469,https://www.tiktok.com/@MS4wLjABAAAAMPnpn3EKG8gfAcqX7d5udBoWXobxoz2ltAK86h-KWmiWW8FQpaasKuCVtgQOhoIi/video/7590248468573064469,2026-01-01,11,Thu,39,1914,2,1,2,1,0.31,Giòn tan lun á#ancungtiktok😍 #fyp #comchaychabong #comchaymamhanh #xu...,ancungtiktok fyp comchaychabong comchaymamhanh xu,original sound - lilymukbangidols,Lilly🥧🧃,True,True,True
7590027984799550741,https://www.tiktok.com/@MS4wLjABAAAAMPnpn3EKG8gfAcqX7d5udBoWXobxoz2ltAK86h-KWmiWW8FQpaasKuCVtgQOhoIi/video/7590027984799550741,2025-12-31,21,Wed,30,26200,42,7,16,5,0.27,Giòn tan mê lun á#ancungtiktok😍 #fyp #comchaymamhanh #xuhuong #doanvat,ancungtiktok fyp comchaymamhanh xuhuong doanvat,original sound - doyan.makan7,ASMR🔥,True,True,True
7589961549633047829,https://www.tiktok.com/@MS4wLjABAAAAMPnpn3EKG8gfAcqX7d5udBoWXobxoz2ltAK86h-KWmiWW8FQpaasKuCVtgQOhoIi/video/7589961549633047829,2025-12-31,17,Wed,34,1988,9,5,1,2,0.86,Bim Bim cay cay hằng đại#ancungtiktok😍 #fyp #bimbimcay #hangdai #xuhu...,ancungtiktok fyp bimbimcay hangdai xuhu,original sound - lilymukbangidols,Lilly🥧🧃,True,True,True
7589903719014092053,https://www.tiktok.com/@MS4wLjABAAAAMPnpn3EKG8gfAcqX7d5udBoWXobxoz2ltAK86h-KWmiWW8FQpaasKuCVtgQOhoIi/video/7589903719014092053,2025-12-31,13,Wed,35,260,3,1,1,2,2.69,Thanh ngũ cốc#ancungtiktok😍 #fyp #thanhngucoc #xuhuong #doanvat,ancungtiktok fyp thanhngucoc xuhuong doanvat,original sound - mebodireview,Mẹ Bơ Review 🥑,True,True,True
7589672811665411348,https://www.tiktok.com/@MS4wLjABAAAAMPnpn3EKG8gfAcqX7d5udBoWXobxoz2ltAK86h-KWmiWW8FQpaasKuCVtgQOhoIi/video/7589672811665411348,2025-12-30,22,Tue,32,3592,6,4,3,3,0.45,ê thử ngay đi nha#ancungtiktok😍 #fyp #comchaymamhanh #xuhuong #doanvat,ancungtiktok fyp comchaymamhanh xuhuong doanvat,original sound - orderczbfe0,kateshop:),True,True,True
7589617284046392596,https://www.tiktok.com/@MS4wLjABAAAAMPnpn3EKG8gfAcqX7d5udBoWXobxoz2ltAK86h-KWmiWW8FQpaasKuCVtgQOhoIi/video/7589617284046392596,2025-12-30,18,Tue,30,6369,37,5,6,5,0.83,Thêm ngay e này vào menu ngày tết đi nè#ancungtiktok😍 #fyp #banhquyls...,ancungtiktok fyp banhquyls,original sound - rocuayen,Rổ Của Yến,True,True,False
7589578838221393172,https://www.tiktok.com/@MS4wLjABAAAAMPnpn3EKG8gfAcqX7d5udBoWXobxoz2ltAK86h-KWmiWW8FQpaasKuCVtgQOhoIi/video/7589578838221393172,2025-12-30,16,Tue,30,924,7,2,4,2,1.62,Chuối ép dẻo#ancungtiktok😍 #fyp #chuoiepdeo #xuhuong #doanvat,ancungtiktok fyp chuoiepdeo xuhuong doanvat,original sound - bemauxanh.99,Bé Màu Xanh,True,True,False
7589498923304193300,https://www.tiktok.com/@MS4wLjABAAAAMPnpn3EKG8gfAcqX7d5udBoWXobxoz2ltAK86h-KWmiWW8FQpaasKuCVtgQOhoIi/video/7589498923304193300,2025-12-30,11,Tue,32,2652,11,10,6,3,1.13,cả làng không hết á#ancungtiktok😍 #fyp #banhtrangmuoisac #xuhuong #do...,ancungtiktok fyp banhtrangmuoisac xuhuong do,original sound - antitrangkhanzone1,Anti Trang Khàn zone,True,True,True
7589286049046744340,https://www.tiktok.com/@MS4wLjABAAAAMPnpn3EKG8gfAcqX7d5udBoWXobxoz2ltAK86h-KWmiWW8FQpaasKuCVtgQOhoIi/video/7589286049046744340,2025-12-29,21,Mon,29,1547,6,2,4,1,0.84,Chảy nước miếng lun nè#ancungtiktok😍 #fyp #mechuangot #xuhuong #doanvat,ancungtiktok fyp mechuangot xuhuong doanvat,original sound - lilymukbangidols,Lilly🥧🧃,True,True,True
7589248451649539348,https://www.tiktok.com/@MS4wLjABAAAAMPnpn3EKG8gfAcqX7d5udBoWXobxoz2ltAK86h-KWmiWW8FQpaasKuCVtgQOhoIi/video/7589248451649539348,2025-12-29,19,Mon,32,2785,14,8,1,6,1.04,Thạch trái cây#ancungtiktok😍 #fyp #keothachtraicay #xuhuong #doanvat,ancungtiktok fyp keothachtraicay xuhuong doanvat,original sound - iam.yourtgb,tgb,True,True,True
7589215823806434580,https://www.tiktok.com/@MS4wLjABAAAAMPnpn3EKG8gfAcqX7d5udBoWXobxoz2ltAK86h-KWmiWW8FQpaasKuCVtgQOhoIi/video/7589215823806434580,2025-12-29,16,Mon,32,4974,8,4,2,3,0.34,Hông ngon hông lấy xiền#ancungtiktok😍 #fyp #comchaymamhanh #xuhuong #...,ancungtiktok fyp comchaymamhanh xuhuong,original sound - yen_doanvathot,Yến Review🍔,True,True,True
7589127741623078164,https://www.tiktok.com/@MS4wLjABAAAAMPnpn3EKG8gfAcqX7d5udBoWXobxoz2ltAK86h-KWmiWW8FQpaasKuCVtgQOhoIi/video/7589127741623078164,2025-12-29,11,Mon,36,15200,52,5,7,9,0.48,Bánh tráng tự trộn#ancungtiktok😍 #fyp #banhtrang #xuhuong #doanvat,ancungtiktok fyp banhtrang xuhuong doanvat,original sound - heinaa._.mukbang,🥡𝙃𝙚𝙞𝙣𝙖૮ ˶ᵔ ᵕ ᵔ˶ ა🧁,True,True,True
7588920742025219348,https://www.tiktok.com/@MS4wLjABAAAAMPnpn3EKG8gfAcqX7d5udBoWXobxoz2ltAK86h-KWmiWW8FQpaasKuCVtgQOhoIi/video/7588920742025219348,2025-12-28,21,Sun,32,13700,19,9,9,6,0.31,Mua đi mấy bà ơi#ancungtiktok😍 #fyp #banhtrang #banhtrangmuoisac #xuh...,ancungtiktok fyp banhtrang banhtrangmuoisac xuh,original sound - antitrangkhanzone1,Anti Trang Khàn zone,True,True,True
7588892058157354260,https://www.tiktok.com/@MS4wLjABAAAAMPnpn3EKG8gfAcqX7d5udBoWXobxoz2ltAK86h-KWmiWW8FQpaasKuCVtgQOhoIi/video/7588892058157354260,2025-12-28,19,Sun,29,6142,29,3,8,5,0.73,Zá hạt dẻ lắm lun#ancungtiktok😍 #fyp #banhtrang#xuhuong #doanvat,ancungtiktok fyp banhtrang xuhuong doanvat,original sound - reviewdoxin1.2,Tổng Kho Quà Tết 🧧,True,True,True
7588844843057597716,https://www.tiktok.com/@MS4wLjABAAAAMPnpn3EKG8gfAcqX7d5udBoWXobxoz2ltAK86h-KWmiWW8FQpaasKuCVtgQOhoIi/video/7588844843057597716,2025-12-28,16,Sun,33,10400,14,6,5,3,0.27,snack chúi sấy mừ gừng😝#ancungtiktok😍 #fyp #chuoisaymegung #doanvat #...,ancungtiktok fyp chuoisaymegung doanvat,original sound - yen_doanvathot,Yến Review🍔,True,True,True
7588744584243514645,https://www.tiktok.com/@MS4wLjABAAAAMPnpn3EKG8gfAcqX7d5udBoWXobxoz2ltAK86h-KWmiWW8FQpaasKuCVtgQOhoIi/video/7588744584243514645,2025-12-28,10,Sun,30,856,6,1,4,3,1.64,Bánh quy nhân mochi#ancungtiktok😍 #fyp #banhquy #xuhuong #doanvat,ancungtiktok fyp banhquy xuhuong doanvat,r a n d o m,՞ ܸ 𐔌 ༝ ⍺chel ៸ 🎀 𓈒,True,True,True
7588550796858494228,https://www.tiktok.com/@MS4wLjABAAAAMPnpn3EKG8gfAcqX7d5udBoWXobxoz2ltAK86h-KWmiWW8FQpaasKuCVtgQOhoIi/video/7588550796858494228,2025-12-27,21,Sat,32,1561,3,1,2,2,0.51,+ 1 món vào menu tết nè#ancungtiktok😍 #fyp #omaimixvi #xuhuong #doanvat,ancungtiktok fyp omaimixvi xuhuong doanvat,original sound - antitrangkhanzone1,Anti Trang Khàn zone,True,True,True
7588529469330148628,https://www.tiktok.com/@MS4wLjABAAAAMPnpn3EKG8gfAcqX7d5udBoWXobxoz2ltAK86h-KWmiWW8FQpaasKuCVtgQOhoIi/video/7588529469330148628,2025-12-27,20,Sat,30,22300,36,4,5,7,0.23,Cơm cháy mắm hành BỂ#ancungtiktok😍 #fyp #comchaymamhanh #xuhuong #doa...,ancungtiktok fyp comchaymamhanh xuhuong doa,original sound - doyan.makan7,ASMR🔥,True,True,True
7588468006469061908,https://www.tiktok.com/@MS4wLjABAAAAMPnpn3EKG8gfAcqX7d5udBoWXobxoz2ltAK86h-KWmiWW8FQpaasKuCVtgQOhoIi/video/7588468006469061908,2025-12-27,16,Sat,31,6854,19,4,2,5,0.44,cuốn lắm luôn ý#ancungtiktok😍 #fyp #mivien #snack #xuhuong,ancungtiktok fyp mivien snack xuhuong,original sound - doyan.makan7,ASMR🔥,True,True,True
7588383358275751188,https://www.tiktok.com/@MS4wLjABAAAAMPnpn3EKG8gfAcqX7d5udBoWXobxoz2ltAK86h-KWmiWW8FQpaasKuCVtgQOhoIi/video/7588383358275751188,2025-12-27,11,Sat,33,31900,240,5,54,42,1.07,Kẹo sữa bò viên nén#ancungtiktok😍 #fyp #keosuabo🐮 #xuhuong #doanvat,ancungtiktok fyp keosuabo xuhuong doanvat,original sound - anvatcungoen,Ăn vặt cùng oen~,True,True,True
7588174930664099093,https://www.tiktok.com/@MS4wLjABAAAAMPnpn3EKG8gfAcqX7d5udBoWXobxoz2ltAK86h-KWmiWW8FQpaasKuCVtgQOhoIi/video/7588174930664099093,2025-12-26,21,Fri,34,19600,46,3,13,6,0.35,Đơn giản mà ngon dữ vậy bay ơi#ancungtiktok😍 #fyp #banhtrangmuoisac #...,ancungtiktok fyp banhtrangmuoisac,original sound - antitrangkhanzone1,Anti Trang Khàn zone,True,True,True
7588130017599589653,https://www.tiktok.com/@MS4wLjABAAAAMPnpn3EKG8gfAcqX7d5udBoWXobxoz2ltAK86h-KWmiWW8FQpaasKuCVtgQOhoIi/video/7588130017599589653,2025-12-26,18,Fri,31,30100,66,16,8,10,0.33,Thề lun ăng đi mấy bác#ancungtiktok😍 #fyp #snack #mivien #xuhuong,ancungtiktok fyp snack mivien xuhuong,original sound - doyan.makan7,ASMR🔥,True,True,True
7588094678067662101,https://www.tiktok.com/@MS4wLjABAAAAMPnpn3EKG8gfAcqX7d5udBoWXobxoz2ltAK86h-KWmiWW8FQpaasKuCVtgQOhoIi/video/7588094678067662101,2025-12-26,16,Fri,33,973,36,33,6,2,7.91,Eo ui có 22 cành 1 ly thoai á#ancungtiktok😍 #fyp #trasuatranchau #xuh...,ancungtiktok fyp trasuatranchau xuh,r a n d o m,՞ ܸ 𐔌 ༝ ⍺chel ៸ 🎀 𓈒,True,True,True
7588022240336448788,https://www.tiktok.com/@MS4wLjABAAAAMPnpn3EKG8gfAcqX7d5udBoWXobxoz2ltAK86h-KWmiWW8FQpaasKuCVtgQOhoIi/video/7588022240336448788,2025-12-26,11,Fri,32,2274,14,6,25,6,2.24,Khô bò sợi#ancungtiktok😍 #fyp #khobosoi #xuhuong #doanvat,ancungtiktok fyp khobosoi xuhuong doanvat,original sound - lilymukbangidols,Lilly🥧🧃,True,True,True
7587821043365039381,https://www.tiktok.com/@MS4wLjABAAAAMPnpn3EKG8gfAcqX7d5udBoWXobxoz2ltAK86h-KWmiWW8FQpaasKuCVtgQOhoIi/video/7587821043365039381,2025-12-25,22,Thu,35,13800,28,4,5,5,0.3,Hốt lẹ đi mấy mí ơii#ancungtiktok😍 #fyp #banhtrangmuoisac #xuhuong #d...,ancungtiktok fyp banhtrangmuoisac xuhuong d,original sound - antitrangkhanzone1,Anti Trang Khàn zone,True,True,True
7587777653277461780,https://www.tiktok.com/@MS4wLjABAAAAMPnpn3EKG8gfAcqX7d5udBoWXobxoz2ltAK86h-KWmiWW8FQpaasKuCVtgQOhoIi/video/7587777653277461780,2025-12-25,19,Thu,28,1168,4,1,6,1,1.03,Ê ngon nha#ancungtiktok😍 #fyp #chuoisaymegung #xuhuong #doanvat,ancungtiktok fyp chuoisaymegung xuhuong doanvat,original sound - doyan.makan7,ASMR🔥,True,True,False
7587728730127191317,https://www.tiktok.com/@MS4wLjABAAAAMPnpn3EKG8gfAcqX7d5udBoWXobxoz2ltAK86h-KWmiWW8FQpaasKuCVtgQOhoIi/video/7587728730127191317,2025-12-25,16,Thu,32,374,4,6,8,2,5.35,xoài sấy dẻo muối ớt#ancungtiktok😍 #fyp #xoaisaydeomuoiot #dkharvest ...,ancungtiktok fyp xoaisaydeomuoiot dkharvest,original sound - mebodireview,Mẹ Bơ Review 🥑,True,True,True
7587646117806968084,https://www.tiktok.com/@MS4wLjABAAAAMPnpn3EKG8gfAcqX7d5udBoWXobxoz2ltAK86h-KWmiWW8FQpaasKuCVtgQOhoIi/video/7587646117806968084,2025-12-25,11,Thu,30,2008,12,3,3,2,1.0,Thử ngay món này đi chị em ưi#ancungtiktok😍 #fyp #xoaisaygion #xuhuon...,ancungtiktok fyp xoaisaygion xuhuon,original sound - doyan.makan7,ASMR🔥,True,True,True
7587459087353384212,https://www.tiktok.com/@MS4wLjABAAAAMPnpn3EKG8gfAcqX7d5udBoWXobxoz2ltAK86h-KWmiWW8FQpaasKuCVtgQOhoIi/video/7587459087353384212,2025-12-24,23,Wed,32,1519,13,1,4,3,1.38,Mắc gì ngon vậy má#ancungtiktok😍 #fyp #banhquylss #xuhuong #doanvat,ancungtiktok fyp banhquylss xuhuong doanvat,original sound - rocuayen,Rổ Của Yến,True,True,False
7587419243646373140,https://www.tiktok.com/@MS4wLjABAAAAMPnpn3EKG8gfAcqX7d5udBoWXobxoz2ltAK86h-KWmiWW8FQpaasKuCVtgQOhoIi/video/7587419243646373140,2025-12-24,20,Wed,31,3083,6,0,4,2,0.39,nhăm nhăm#ancungtiktok😍 #fyp #comchaymamhanh #anvatcomai #xuhuong,ancungtiktok fyp comchaymamhanh anvatcomai xuhuong,original sound - doyan.makan7,ASMR🔥,True,True,True
7587356249096736021,https://www.tiktok.com/@MS4wLjABAAAAMPnpn3EKG8gfAcqX7d5udBoWXobxoz2ltAK86h-KWmiWW8FQpaasKuCVtgQOhoIi/video/7587356249096736021,2025-12-24,16,Wed,30,74700,68,22,13,6,0.15,zá bằng 1 ly tà tưa mà ngon dữ#ancungtiktok😍 #fyp #chuoisaymegung #xu...,ancungtiktok fyp chuoisaymegung xu,original sound - yen_doanvathot,Yến Review🍔,True,True,True
7587266503947324692,https://www.tiktok.com/@MS4wLjABAAAAMPnpn3EKG8gfAcqX7d5udBoWXobxoz2ltAK86h-KWmiWW8FQpaasKuCVtgQOhoIi/video/7587266503947324692,2025-12-24,10,Wed,27,2755,5,0,3,3,0.4,Snack mì viên thái lan giòn tan#ancungtiktok😍 #fyp #snack #mivien #xu...,ancungtiktok fyp snack mivien xu,original sound - amandaochamelodineeh,ocha | doyan maem🍝🍫,True,True,True
7587075950085541140,https://www.tiktok.com/@MS4wLjABAAAAMPnpn3EKG8gfAcqX7d5udBoWXobxoz2ltAK86h-KWmiWW8FQpaasKuCVtgQOhoIi/video/7587075950085541140,2025-12-23,22,Tue,28,1323,6,2,3,1,0.91,Ê thề như ăn quả xoài lun ý#ancungtiktok😍 #fyp #xoaisaygion #lula #xu...,ancungtiktok fyp xoaisaygion lula xu,original sound - doyan.makan7,ASMR🔥,True,True,True
7587047166946839829,https://www.tiktok.com/@MS4wLjABAAAAMPnpn3EKG8gfAcqX7d5udBoWXobxoz2ltAK86h-KWmiWW8FQpaasKuCVtgQOhoIi/video/7587047166946839829,2025-12-23,20,Tue,33,5184,35,6,12,6,1.14,Ê nó giống y hệt lun á#ancungtiktok😍 #fyp #banhquylss #xuhuong #doanvat,ancungtiktok fyp banhquylss xuhuong doanvat,original sound - rocuayen,Rổ Của Yến,True,True,True
7587003312902311188,https://www.tiktok.com/@MS4wLjABAAAAMPnpn3EKG8gfAcqX7d5udBoWXobxoz2ltAK86h-KWmiWW8FQpaasKuCVtgQOhoIi/video/7587003312902311188,2025-12-23,17,Tue,36,10700,34,2,11,4,0.48,lỗi zá hông shop uii#ancungtiktok😍 #fyp #banhtrang#xuhuong #doanvat,ancungtiktok fyp banhtrang xuhuong doanvat,original sound - lilymukbangidols,Lilly🥧🧃,True,False,True
7586974374377426197,https://www.tiktok.com/@MS4wLjABAAAAMPnpn3EKG8gfAcqX7d5udBoWXobxoz2ltAK86h-KWmiWW8FQpaasKuCVtgQOhoIi/video/7586974374377426197,2025-12-23,15,Tue,32,12800,33,12,7,8,0.47,Nó giòn nó ngin điênggg#ancungtiktok😍 #fyp #comchaymamhanh #anvatcoma...,ancungtiktok fyp comchaymamhanh anvatcoma,original sound - rizqiminkhatulfarida,Rizqi MF🌹,True,True,True
7586692169394736404,https://www.tiktok.com/@MS4wLjABAAAAMPnpn3EKG8gfAcqX7d5udBoWXobxoz2ltAK86h-KWmiWW8FQpaasKuCVtgQOhoIi/video/7586692169394736404,2025-12-22,21,Mon,30,182100,406,14,120,47,0.32,Ê nó cứ giòn tan ấy#ancungtiktok😍 #fyp #comchaymamhanh #anvatcomai #x...,ancungtiktok fyp comchaymamhanh anvatcomai x,original sound - doyan.makan7,ASMR🔥,True,True,True
7586668247869836565,https://www.tiktok.com/@MS4wLjABAAAAMPnpn3EKG8gfAcqX7d5udBoWXobxoz2ltAK86h-KWmiWW8FQpaasKuCVtgQOhoIi/video/7586668247869836565,2025-12-22,20,Mon,34,239,2,1,3,2,3.35,"Thử đi mấy má, nó ngon  đinn#ancungtiktok😍 #fyp #banhcupcake#xuhuong ...",ancungtiktok fyp banhcupcake xuhuong,C u p i d O r i g i n a l,Someone,True,True,False
7586610051750825236,https://www.tiktok.com/@MS4wLjABAAAAMPnpn3EKG8gfAcqX7d5udBoWXobxoz2ltAK86h-KWmiWW8FQpaasKuCVtgQOhoIi/video/7586610051750825236,2025-12-22,16,Mon,31,19900,22,2,10,7,0.21,Món ăn vặt tuổi thơ#ancungtiktok😍 #fyp #chuoisaymegung #xuhuong #doan...,ancungtiktok fyp chuoisaymegung xuhuong doan,original sound - doyan.makan7,ASMR🔥,True,True,True
7586512757667794196,https://www.tiktok.com/@MS4wLjABAAAAMPnpn3EKG8gfAcqX7d5udBoWXobxoz2ltAK86h-KWmiWW8FQpaasKuCVtgQOhoIi/video/7586512757667794196,2025-12-22,10,Mon,27,1707,8,5,5,3,1.23,Siuu nghiền lun#ancungtiktok😍 #fyp #snack #xuhuong #doanvat,ancungtiktok fyp snack xuhuong doanvat,original sound - amandaochamelodineeh,ocha | doyan maem🍝🍫,True,True,False
7586319611205913876,https://www.tiktok.com/@MS4wLjABAAAAMPnpn3EKG8gfAcqX7d5udBoWXobxoz2ltAK86h-KWmiWW8FQpaasKuCVtgQOhoIi/video/7586319611205913876,2025-12-21,21,Sun,31,728,5,3,7,1,2.2,Khô bò sợi#ancungtiktok😍 #fyp #khobosoi #xuhuong #doanvat,ancungtiktok fyp khobosoi xuhuong doanvat,original sound - lilymukbangidols,Lilly🥧🧃,True,True,True
7586252587029073173,https://www.tiktok.com/@MS4wLjABAAAAMPnpn3EKG8gfAcqX7d5udBoWXobxoz2ltAK86h-KWmiWW8FQpaasKuCVtgQOhoIi/video/7586252587029073173,2025-12-21,17,Sun,32,1939,4,2,9,4,0.98,Mấy bà đã thử ăn như này chưa??#ancungtiktok😍 #fyp #changabatuyet #xu...,ancungtiktok fyp changabatuyet xu,Don’t Worry,Yah,False,True,True
7586212877057543445,https://www.tiktok.com/@MS4wLjABAAAAMPnpn3EKG8gfAcqX7d5udBoWXobxoz2ltAK86h-KWmiWW8FQpaasKuCVtgQOhoIi/video/7586212877057543445,2025-12-21,14,Sun,33,8099,16,1,1,2,0.25,ăn là nghiền dó#ancungtiktok😍 #fyp #snack #mivien #xuhuong,ancungtiktok fyp snack mivien xuhuong,original sound - yen_doanvathot,Yến Review🍔,True,True,True
7586157026984627476,https://www.tiktok.com/@MS4wLjABAAAAMPnpn3EKG8gfAcqX7d5udBoWXobxoz2ltAK86h-KWmiWW8FQpaasKuCVtgQOhoIi/video/7586157026984627476,2025-12-21,11,Sun,29,6647,25,14,5,4,0.72,Mua 5 tặng 1 lun nè #ancungtiktok😍 #fyp #keodua#cokocbobo #xuhuong,ancungtiktok fyp keodua cokocbobo xuhuong,ZiGZaG speed up,ALLY,True,True,True
7585944671172447508,https://www.tiktok.com/@MS4wLjABAAAAMPnpn3EKG8gfAcqX7d5udBoWXobxoz2ltAK86h-KWmiWW8FQpaasKuCVtgQOhoIi/video/7585944671172447508,2025-12-20,21,Sat,30,470,7,2,10,1,4.26,Ẻm ngon lắm mí bác ơi#ancungtiktok😍 #fyp #banhgaotokbokki #xuhuong #d...,ancungtiktok fyp banhgaotokbokki xuhuong d,original sound - lilymukbangidols,Lilly🥧🧃,True,True,False
7585914179878702357,https://www.tiktok.com/@MS4wLjABAAAAMPnpn3EKG8gfAcqX7d5udBoWXobxoz2ltAK86h-KWmiWW8FQpaasKuCVtgQOhoIi/video/7585914179878702357,2025-12-20,19,Sat,29,839,4,1,4,1,1.19,"Thơm thơm, peo peo ngon lém#ancungtiktok😍 #fyp #huongduongchiengion #...",ancungtiktok fyp huongduongchiengion,original sound - doyan.makan7,ASMR🔥,True,True,True
7585776699086736660,https://www.tiktok.com/@MS4wLjABAAAAMPnpn3EKG8gfAcqX7d5udBoWXobxoz2ltAK86h-KWmiWW8FQpaasKuCVtgQOhoIi/video/7585776699086736660,2025-12-20,10,Sat,30,6702,9,6,1,3,0.28,Giòn rôm rốp lun nè#ancungtiktok😍 #fyp #chuoisaymegung #xuhuong #doan...,ancungtiktok fyp chuoisaymegung xuhuong doan,original sound - doyan.makan7,ASMR🔥,True,True,True
7585587194056723733,https://www.tiktok.com/@MS4wLjABAAAAMPnpn3EKG8gfAcqX7d5udBoWXobxoz2ltAK86h-KWmiWW8FQpaasKuCVtgQOhoIi/video/7585587194056723733,2025-12-19,22,Fri,31,7605,18,7,8,2,0.46,Snack mì viên thái lan#ancungtiktok😍 #fyp #snack #mivien #xuhuong,ancungtiktok fyp snack mivien xuhuong,original sound - doyan.makan7,ASMR🔥,True,True,True
7585553055865654548,https://www.tiktok.com/@MS4wLjABAAAAMPnpn3EKG8gfAcqX7d5udBoWXobxoz2ltAK86h-KWmiWW8FQpaasKuCVtgQOhoIi/video/7585553055865654548,2025-12-19,20,Fri,39,3169,7,4,11,2,0.76,Nhon nhon#ancungtiktok😍 #fyp #changabatuyet #xuhuong #doanvat,ancungtiktok fyp changabatuyet xuhuong doanvat,original sound - nini.analog,𐙚 ₊ ⊹ prandini,True,True,True
7585498200644144405,https://www.tiktok.com/@MS4wLjABAAAAMPnpn3EKG8gfAcqX7d5udBoWXobxoz2ltAK86h-KWmiWW8FQpaasKuCVtgQOhoIi/video/7585498200644144405,2025-12-19,16,Fri,32,822,7,2,10,2,2.55,Mê nè#ancungtiktok😍 #fyp #socolanama #xuhuong #doanvat,ancungtiktok fyp socolanama xuhuong doanvat,original sound - iam.yourtgb,tgb,True,True,False
7585408469549862164,https://www.tiktok.com/@MS4wLjABAAAAMPnpn3EKG8gfAcqX7d5udBoWXobxoz2ltAK86h-KWmiWW8FQpaasKuCVtgQOhoIi/video/7585408469549862164,2025-12-19,10,Fri,38,1579,7,1,2,3,0.82,Ai sợ già thù mua về ún đi nha#ancungtiktok😍 #fyp #botcacao #xuhuong ...,ancungtiktok fyp botcacao xuhuong,original sound - mebodireview,Mẹ Bơ Review 🥑,True,True,True
7585217891251784981,https://www.tiktok.com/@MS4wLjABAAAAMPnpn3EKG8gfAcqX7d5udBoWXobxoz2ltAK86h-KWmiWW8FQpaasKuCVtgQOhoIi/video/7585217891251784981,2025-12-18,22,Thu,32,2601,4,1,6,1,0.46,Thơm vừa vị lắm à nha#ancungtiktok😍 #fyp #snack #mivien #xuhuong,ancungtiktok fyp snack mivien xuhuong,original sound - antitrangkhanzone1,Anti Trang Khàn zone,True,True,True
7585192542317071637,https://www.tiktok.com/@MS4wLjABAAAAMPnpn3EKG8gfAcqX7d5udBoWXobxoz2ltAK86h-KWmiWW8FQpaasKuCVtgQOhoIi/video/7585192542317071637,2025-12-18,20,Thu,29,7982,35,5,19,14,0.91,Ê ngon mà đậm vị lắm nha#ancungtiktok😍 #fyp #banhtrang#xuhuong #doanvat,ancungtiktok fyp banhtrang xuhuong doanvat,original sound - jp_m25,JP speed up,True,True,True
7585150938000657684,https://www.tiktok.com/@MS4wLjABAAAAMPnpn3EKG8gfAcqX7d5udBoWXobxoz2ltAK86h-KWmiWW8FQpaasKuCVtgQOhoIi/video/7585150938000657684,2025-12-18,17,Thu,32,999,6,3,14,2,2.5,Bánh tai heo nước cốt dừa#ancungtiktok😍 #fyp #banhtaiheo #xuhuong #do...,ancungtiktok fyp banhtaiheo xuhuong do,original sound - lilymukbangidols,Lilly🥧🧃,True,True,False
7585120396442144020,https://www.tiktok.com/@MS4wLjABAAAAMPnpn3EKG8gfAcqX7d5udBoWXobxoz2ltAK86h-KWmiWW8FQpaasKuCVtgQOhoIi/video/7585120396442144020,2025-12-18,16,Thu,29,8134,11,4,13,4,0.39,Cơm cháy Cô mai #ancungtiktok😍 #fyp #comchay #xuhuong #doanvat,ancungtiktok fyp comchay xuhuong doanvat,original sound - doyan.makan7,ASMR🔥,True,True,True
7585046137061625108,https://www.tiktok.com/@MS4wLjABAAAAMPnpn3EKG8gfAcqX7d5udBoWXobxoz2ltAK86h-KWmiWW8FQpaasKuCVtgQOhoIi/video/7585046137061625108,2025-12-18,11,Thu,31,1005,5,2,4,1,1.19,hướng dương chiên giòn#ancungtiktok😍 #fyp #huongduongchiengion #xuhuo...,ancungtiktok fyp huongduongchiengion xuhuo,original sound - antitrangkhanzone1,Anti Trang Khàn zone,True,True,True
7584840223410965780,https://www.tiktok.com/@MS4wLjABAAAAMPnpn3EKG8gfAcqX7d5udBoWXobxoz2ltAK86h-KWmiWW8FQpaasKuCVtgQOhoIi/video/7584840223410965780,2025-12-17,21,Wed,28,13800,25,7,5,4,0.3,Snack mì gói viên#ancungtiktok😍 #fyp #snack#xuhuong #mivien,ancungtiktok fyp snack xuhuong mivien,original sound - doyan.makan7,ASMR🔥,True,True,True
7584781450378054933,https://www.tiktok.com/@MS4wLjABAAAAMPnpn3EKG8gfAcqX7d5udBoWXobxoz2ltAK86h-KWmiWW8FQpaasKuCVtgQOhoIi/video/7584781450378054933,2025-12-17,18,Wed,29,1155,6,4,1,2,1.13,Nó ngonnnn nha#ancungtiktok😍 #fyp #thitheochaytoi #xuhuong #doanvat,ancungtiktok fyp thitheochaytoi xuhuong doanvat,original sound - thisismohon,This is Mỏ Hỗn,True,True,True
7584681261768264981,https://www.tiktok.com/@MS4wLjABAAAAMPnpn3EKG8gfAcqX7d5udBoWXobxoz2ltAK86h-KWmiWW8FQpaasKuCVtgQOhoIi/video/7584681261768264981,2025-12-17,11,Wed,28,925,6,0,7,1,1.51,Đậm vị quá lun nè#ancungtiktok😍 #fyp #snack#xuhuong #doanvat,ancungtiktok fyp snack xuhuong doanvat,original sound - doyan.makan7,ASMR🔥,True,True,False
7584426865218178325,https://www.tiktok.com/@MS4wLjABAAAAMPnpn3EKG8gfAcqX7d5udBoWXobxoz2ltAK86h-KWmiWW8FQpaasKuCVtgQOhoIi/video/7584426865218178325,2025-12-16,19,Tue,32,9436,22,0,6,3,0.33,ngon đinnn#ancungtiktok😍 #fyp #banhbo #xuhuong #doanvat,ancungtiktok fyp banhbo xuhuong doanvat,original sound - mukbang.rendom,Foodie🍜🧋,True,True,True
7584386171610926357,https://www.tiktok.com/@MS4wLjABAAAAMPnpn3EKG8gfAcqX7d5udBoWXobxoz2ltAK86h-KWmiWW8FQpaasKuCVtgQOhoIi/video/7584386171610926357,2025-12-16,16,Tue,32,2785,7,3,1,3,0.5,Giòn rụm siuu mê#ancungtiktok😍 #fyp #comchaymamhanh #xuhuong #doanvat,ancungtiktok fyp comchaymamhanh xuhuong doanvat,original sound - kemyeuoi._.moc,Kem cà lem,True,True,True
7584285200201403669,https://www.tiktok.com/@MS4wLjABAAAAMPnpn3EKG8gfAcqX7d5udBoWXobxoz2ltAK86h-KWmiWW8FQpaasKuCVtgQOhoIi/video/7584285200201403669,2025-12-16,10,Tue,31,969,17,3,11,4,3.61,dẻo dẻo dai dai ăn siuu cuốn#ancungtiktok😍 #fyp #banhgaotokbokki #xuh...,ancungtiktok fyp banhgaotokbokki xuh,original sound - lilymukbangidols,Lilly🥧🧃,True,True,False
7584098345061256468,https://www.tiktok.com/@MS4wLjABAAAAMPnpn3EKG8gfAcqX7d5udBoWXobxoz2ltAK86h-KWmiWW8FQpaasKuCVtgQOhoIi/video/7584098345061256468,2025-12-15,21,Mon,34,8454,15,2,11,3,0.37,Ê chả nước miếng lun á#ancungtiktok😍 #fyp #mechuangot #xuhuong #doanvat,ancungtiktok fyp mechuangot xuhuong doanvat,original sound - lilymukbangidols,Lilly🥧🧃,True,True,True
7584062416309292308,https://www.tiktok.com/@MS4wLjABAAAAMPnpn3EKG8gfAcqX7d5udBoWXobxoz2ltAK86h-KWmiWW8FQpaasKuCVtgQOhoIi/video/7584062416309292308,2025-12-15,19,Mon,31,7488,9,2,3,2,0.21,Này thì tốn sinh tố lúa mạch lắm đây#ancungtiktok😍 #fyp #thitheochayt...,ancungtiktok fyp thitheochayt,original sound - asmrhieak,🔊🥧👩,True,True,True
7584007958707719444,https://www.tiktok.com/@MS4wLjABAAAAMPnpn3EKG8gfAcqX7d5udBoWXobxoz2ltAK86h-KWmiWW8FQpaasKuCVtgQOhoIi/video/7584007958707719444,2025-12-15,16,Mon,33,431,1,0,8,1,2.32,ê hề ê hề chà bông lun#ancungtiktok😍 #fyp #comchaychabong #xuhuong #d...,ancungtiktok fyp comchaychabong xuhuong d,original sound - nhamnhamjt,Một chiếc bụng đói,True,True,True
7583930715633421589,https://www.tiktok.com/@MS4wLjABAAAAMPnpn3EKG8gfAcqX7d5udBoWXobxoz2ltAK86h-KWmiWW8FQpaasKuCVtgQOhoIi/video/7583930715633421589,2025-12-15,11,Mon,37,757,4,2,8,3,2.25,Kobucha mix vị hoa quả#ancungtiktok😍 #fyp #kobucha #xuhuong #doanvat,ancungtiktok fyp kobucha xuhuong doanvat,original sound - tranmyle1992,Trần Mỹ Lệ,True,True,True
7583737458446060820,https://www.tiktok.com/@MS4wLjABAAAAMPnpn3EKG8gfAcqX7d5udBoWXobxoz2ltAK86h-KWmiWW8FQpaasKuCVtgQOhoIi/video/7583737458446060820,2025-12-14,22,Sun,32,1198,8,8,7,3,2.17,hạt ngũ cốc#ancungtiktok😍 #fyp #hatngucoc #xuhuong #doanvat,ancungtiktok fyp hatngucoc xuhuong doanvat,cafe sound by bokki,꒰.°ʙᴏᴋᴋɪ•sᴏᴜɴᴅ ˙ᵕ˙꒱,True,True,True
7583692578378419477,https://www.tiktok.com/@MS4wLjABAAAAMPnpn3EKG8gfAcqX7d5udBoWXobxoz2ltAK86h-KWmiWW8FQpaasKuCVtgQOhoIi/video/7583692578378419477,2025-12-14,19,Sun,29,678,3,4,6,1,2.06,Thơm phức#ancungtiktok😍 #fyp #chuoisaymegung #xuhuong #doanvat,ancungtiktok fyp chuoisaymegung xuhuong doanvat,original sound - amandaochamelodineeh,ocha | doyan maem🍝🍫,True,True,False
7583639014343822613,https://www.tiktok.com/@MS4wLjABAAAAMPnpn3EKG8gfAcqX7d5udBoWXobxoz2ltAK86h-KWmiWW8FQpaasKuCVtgQOhoIi/video/7583639014343822613,2025-12-14,16,Sun,28,3487,7,0,3,1,0.32,Ê nó ngon gì đâu ý#ancungtiktok😍 #fyp #thitheochaytoi #xuhuong #doanvat,ancungtiktok fyp thitheochaytoi xuhuong doanvat,original sound - thisismohon,This is Mỏ Hỗn,True,True,True
7583549701023386900,https://www.tiktok.com/@MS4wLjABAAAAMPnpn3EKG8gfAcqX7d5udBoWXobxoz2ltAK86h-KWmiWW8FQpaasKuCVtgQOhoIi/video/7583549701023386900,2025-12-14,10,Sun,37,2686,11,2,7,2,0.82,Ai sợ GIÀ thì uống ngay đi nha#ancungtiktok😍 #fyp #botcacao #xuhuong ...,ancungtiktok fyp botcacao xuhuong,original sound - mebodireview,Mẹ Bơ Review 🥑,True,True,True
7583365099306355989,https://www.tiktok.com/@MS4wLjABAAAAMPnpn3EKG8gfAcqX7d5udBoWXobxoz2ltAK86h-KWmiWW8FQpaasKuCVtgQOhoIi/video/7583365099306355989,2025-12-13,22,Sat,33,22400,34,2,26,7,0.31,Bánh bò kay kay#ancungtiktok😍 #fyp #banhbo #xuhuong #doanvat,ancungtiktok fyp banhbo xuhuong doanvat,original sound - mukbang.rendom,Foodie🍜🧋,True,True,True
7583314581817183509,https://www.tiktok.com/@MS4wLjABAAAAMPnpn3EKG8gfAcqX7d5udBoWXobxoz2ltAK86h-KWmiWW8FQpaasKuCVtgQOhoIi/video/7583314581817183509,2025-12-13,19,Sat,33,508,5,0,4,1,1.97,Bánh quẩy nhỏ mix vị#ancungtiktok😍 #fyp #banhquay #xuhuong #doanvat,ancungtiktok fyp banhquay xuhuong doanvat,original sound - doyan.makan7,ASMR🔥,True,True,True
7583265427866848532,https://www.tiktok.com/@MS4wLjABAAAAMPnpn3EKG8gfAcqX7d5udBoWXobxoz2ltAK86h-KWmiWW8FQpaasKuCVtgQOhoIi/video/7583265427866848532,2025-12-13,16,Sat,34,2394,21,1,9,6,1.55,Dẻo dẻo dai dai ăn nó cuốn ghê á#ancungtiktok😍 #fyp #banhgaotokbokki ...,ancungtiktok fyp banhgaotokbokki,original sound - lilymukbangidols,Lilly🥧🧃,True,True,True
7583191225625333012,https://www.tiktok.com/@MS4wLjABAAAAMPnpn3EKG8gfAcqX7d5udBoWXobxoz2ltAK86h-KWmiWW8FQpaasKuCVtgQOhoIi/video/7583191225625333012,2025-12-13,11,Sat,33,3007,47,9,7,5,2.26,ê nó ngon nhức lách lun#ancungtiktok😍 #fyp #bunoclieuchau #xuhuong #d...,ancungtiktok fyp bunoclieuchau xuhuong d,original sound - mukbang.rendom,Foodie🍜🧋,True,True,False
7582992929501859093,https://www.tiktok.com/@MS4wLjABAAAAMPnpn3EKG8gfAcqX7d5udBoWXobxoz2ltAK86h-KWmiWW8FQpaasKuCVtgQOhoIi/video/7582992929501859093,2025-12-12,22,Fri,31,1621,8,0,4,1,0.8,mê thía không biết#ancungtiktok😍 #fyp #thitheochaytoi #xuhuong #doanvat,ancungtiktok fyp thitheochaytoi xuhuong doanvat,original sound - yuisi41,Clean Plate🍽️,True,True,True
7582965276258405652,https://www.tiktok.com/@MS4wLjABAAAAMPnpn3EKG8gfAcqX7d5udBoWXobxoz2ltAK86h-KWmiWW8FQpaasKuCVtgQOhoIi/video/7582965276258405652,2025-12-12,20,Fri,32,16900,26,2,9,4,0.24,bánh pò tủi thơ nè#ancungtiktok😍 #fyp #banhbo #xuhuong #doanvat,ancungtiktok fyp banhbo xuhuong doanvat,original sound - antitrangkhanzone1,Anti Trang Khàn zone,True,True,True
7582900152105454868,https://www.tiktok.com/@MS4wLjABAAAAMPnpn3EKG8gfAcqX7d5udBoWXobxoz2ltAK86h-KWmiWW8FQpaasKuCVtgQOhoIi/video/7582900152105454868,2025-12-12,16,Fri,35,1967,5,1,0,1,0.36,Từ giờ cạnh mặt bác bánh trâng đầu ngõ nhé#ancungtiktok😍 #fyp #banhtr...,ancungtiktok fyp banhtr,B U B B L E G U M,fxiry_jennie5_,True,True,True
7582812244422053140,https://www.tiktok.com/@MS4wLjABAAAAMPnpn3EKG8gfAcqX7d5udBoWXobxoz2ltAK86h-KWmiWW8FQpaasKuCVtgQOhoIi/video/7582812244422053140,2025-12-12,10,Fri,30,1258,6,2,5,1,1.11,Sà lé mí bà nhanh tay na#ancungtiktok😍 #fyp #banhsuachua #xuhuong #do...,ancungtiktok fyp banhsuachua xuhuong do,original sound - orderczbfe0,kateshop:),True,True,True
7582608045297929493,https://www.tiktok.com/@MS4wLjABAAAAMPnpn3EKG8gfAcqX7d5udBoWXobxoz2ltAK86h-KWmiWW8FQpaasKuCVtgQOhoIi/video/7582608045297929493,2025-12-11,21,Thu,36,2029,10,1,4,3,0.89,ê nhìn đã thấy ngon rồi ấy#ancungtiktok😍 #fyp #lautusoi #xuhuong #doa...,ancungtiktok fyp lautusoi xuhuong doa,original sound - foodie_480,Foodie 🥑 🍜,True,True,True
7582544727870819605,https://www.tiktok.com/@MS4wLjABAAAAMPnpn3EKG8gfAcqX7d5udBoWXobxoz2ltAK86h-KWmiWW8FQpaasKuCVtgQOhoIi/video/7582544727870819605,2025-12-11,17,Thu,31,3187,5,0,2,1,0.25,"rộp rộp, rôm rốp mê quá#ancungtiktok😍 #fyp #chuoisaymegung#xuhuong #d...",ancungtiktok fyp chuoisaymegung xuhuong d,original sound - doyan.makan7,ASMR🔥,True,True,True
7582458193230482709,https://www.tiktok.com/@MS4wLjABAAAAMPnpn3EKG8gfAcqX7d5udBoWXobxoz2ltAK86h-KWmiWW8FQpaasKuCVtgQOhoIi/video/7582458193230482709,2025-12-11,11,Thu,28,43900,78,7,53,13,0.34,Video tui mua về tự quay mà mấy bà bảo không giống trên vd là sao ta?...,,original sound - yuisi41,Clean Plate🍽️,True,True,True
7582242989280611605,https://www.tiktok.com/@MS4wLjABAAAAMPnpn3EKG8gfAcqX7d5udBoWXobxoz2ltAK86h-KWmiWW8FQpaasKuCVtgQOhoIi/video/7582242989280611605,2025-12-10,21,Wed,35,39800,93,2,25,6,0.32,bánh pò kay kay#ancungtiktok😍 #fyp #banhbo #xuhuong #doanvat,ancungtiktok fyp banhbo xuhuong doanvat,original sound - cateverywhere03,Nhà mèo,True,True,True
7582199536337030420,https://www.tiktok.com/@MS4wLjABAAAAMPnpn3EKG8gfAcqX7d5udBoWXobxoz2ltAK86h-KWmiWW8FQpaasKuCVtgQOhoIi/video/7582199536337030420,2025-12-10,19,Wed,32,286,5,2,1,2,3.5,ê ăn nó đã cái nư lắm nha#ancungtiktok😍 #fyp #changarutxuong #xuhuong...,ancungtiktok fyp changarutxuong xuhuong,original sound - lilymukbangidols,Lilly🥧🧃,True,True,True
7582110920592166164,https://www.tiktok.com/@MS4wLjABAAAAMPnpn3EKG8gfAcqX7d5udBoWXobxoz2ltAK86h-KWmiWW8FQpaasKuCVtgQOhoIi/video/7582110920592166164,2025-12-10,13,Wed,33,3318,8,8,7,2,0.75,Mê chữ ê kéo dài lun ý#ancungtiktok😍 #fyp #banhsuachua #xuhuong #doan...,ancungtiktok fyp banhsuachua xuhuong doan,original sound - _mon_thinhung_,🥛𝐌𝐨𝐧×𝐓𝐡ị𝐍𝐡𝐮𝐧𝐠🥞,True,True,True
7581871186250927380,https://www.tiktok.com/@MS4wLjABAAAAMPnpn3EKG8gfAcqX7d5udBoWXobxoz2ltAK86h-KWmiWW8FQpaasKuCVtgQOhoIi/video/7581871186250927380,2025-12-09,21,Tue,26,6809,13,1,5,4,0.34,Nước miếng rơi tứ tung lun#ancungtiktok😍 #fyp #thitheochaytoi #xuhuon...,ancungtiktok fyp thitheochaytoi xuhuon,original sound - yuisi41,Clean Plate🍽️,True,True,True
7581838363846561044,https://www.tiktok.com/@MS4wLjABAAAAMPnpn3EKG8gfAcqX7d5udBoWXobxoz2ltAK86h-KWmiWW8FQpaasKuCVtgQOhoIi/video/7581838363846561044,2025-12-09,19,Tue,32,377,5,3,2,2,3.18,9 bị bánh tráng lun á#ancungtiktok😍 #fyp #banhtrang #xuhuong #doanvat,ancungtiktok fyp banhtrang xuhuong doanvat,original sound - lilymukbangidols,Lilly🥧🧃,True,True,False
7581709919108238613,https://www.tiktok.com/@MS4wLjABAAAAMPnpn3EKG8gfAcqX7d5udBoWXobxoz2ltAK86h-KWmiWW8FQpaasKuCVtgQOhoIi/video/7581709919108238613,2025-12-09,11,Tue,33,159000,405,12,100,66,0.37,Mê quá đi ý#ancungtiktok😍 #fyp #banhtrang #xuhuong #doanvat,ancungtiktok fyp banhtrang xuhuong doanvat,original sound - tudede195,tú dé de,True,True,True
7581510071901801749,https://www.tiktok.com/@MS4wLjABAAAAMPnpn3EKG8gfAcqX7d5udBoWXobxoz2ltAK86h-KWmiWW8FQpaasKuCVtgQOhoIi/video/7581510071901801749,2025-12-08,22,Mon,31,2728,14,6,4,3,0.99,Snack gì ăn mà cuốn zị#ancungtiktok😍 #fyp #snack #xuhuong #doanvat,ancungtiktok fyp snack xuhuong doanvat,original sound - doyan.makan7,ASMR🔥,True,True,True
7581445971846974741,https://www.tiktok.com/@MS4wLjABAAAAMPnpn3EKG8gfAcqX7d5udBoWXobxoz2ltAK86h-KWmiWW8FQpaasKuCVtgQOhoIi/video/7581445971846974741,2025-12-08,18,Mon,35,1045,3,2,1,1,0.67,beo beo ngậy ngậy mê mẩn lun#ancungtiktok😍 #fyp #banhsuachua #xuhuong...,ancungtiktok fyp banhsuachua xuhuong,original sound - lilymukbangidols,Lilly🥧🧃,True,True,True
7581408241175891220,https://www.tiktok.com/@MS4wLjABAAAAMPnpn3EKG8gfAcqX7d5udBoWXobxoz2ltAK86h-KWmiWW8FQpaasKuCVtgQOhoIi/video/7581408241175891220,2025-12-08,15,Mon,31,13800,19,1,11,5,0.26,nhiều ê hề lun nè#ancungtiktok😍 #fyp#keodeochipchip#xuhuong #doanvat,ancungtiktok fyp keodeochipchip xuhuong doanvat,original sound - u.phng.toca,🧺✨️Đậu phộng toca🥜🫧,True,True,True
7581324453167058197,https://www.tiktok.com/@MS4wLjABAAAAMPnpn3EKG8gfAcqX7d5udBoWXobxoz2ltAK86h-KWmiWW8FQpaasKuCVtgQOhoIi/video/7581324453167058197,2025-12-08,10,Mon,31,405,4,1,5,2,2.96,miến hộp mini haidilao#ancungtiktok😍 #fyp #mienhopanlienhaidilao #xuh...,ancungtiktok fyp mienhopanlienhaidilao xuh,original sound - heinaa._.mukbang,🥡𝙃𝙚𝙞𝙣𝙖૮ ˶ᵔ ᵕ ᵔ˶ ა🧁,True,True,True
7581142145214582036,https://www.tiktok.com/@MS4wLjABAAAAMPnpn3EKG8gfAcqX7d5udBoWXobxoz2ltAK86h-KWmiWW8FQpaasKuCVtgQOhoIi/video/7581142145214582036,2025-12-07,22,Sun,30,15000,35,0,2,3,0.27,Ăn ngon ngon thiệt nha#ancungtiktok😍 #fyp #banhtrang #xuhuong #doanvat,ancungtiktok fyp banhtrang xuhuong doanvat,original sound - yuisi41,Clean Plate🍽️,True,True,True
7581087943004146964,https://www.tiktok.com/@MS4wLjABAAAAMPnpn3EKG8gfAcqX7d5udBoWXobxoz2ltAK86h-KWmiWW8FQpaasKuCVtgQOhoIi/video/7581087943004146964,2025-12-07,19,Sun,46,2300,15,6,2,4,1.17,tê cay ăn siu cuốn lun#ancungtiktok😍 #fyp #lautusoi #doanvat #xuhuong,ancungtiktok fyp lautusoi doanvat xuhuong,original sound - meberyne,Mẹ bé Ry nè 🍒,True,True,True
7581052683000352020,https://www.tiktok.com/@MS4wLjABAAAAMPnpn3EKG8gfAcqX7d5udBoWXobxoz2ltAK86h-KWmiWW8FQpaasKuCVtgQOhoIi/video/7581052683000352020,2025-12-07,16,Sun,31,3870,3,0,1,1,0.13,Trả lời @Cô gái bán hàng rong Nó ngonnnn đieng bác uii#ancungtiktok😍 ...,ancungtiktok,original sound - asmrhieak,🔊🥧👩,True,True,True
7580974414397705492,https://www.tiktok.com/@MS4wLjABAAAAMPnpn3EKG8gfAcqX7d5udBoWXobxoz2ltAK86h-KWmiWW8FQpaasKuCVtgQOhoIi/video/7580974414397705492,2025-12-07,11,Sun,31,1820,8,0,2,1,0.6,Ê nha nó ngon điêng#ancungtiktok😍 #fyp #banhtrang #xuhuong #doanvat,ancungtiktok fyp banhtrang xuhuong doanvat,original sound - heinaa._.mukbang,🥡𝙃𝙚𝙞𝙣𝙖૮ ˶ᵔ ᵕ ᵔ˶ ა🧁,True,True,True
7580732579054144789,https://www.tiktok.com/@MS4wLjABAAAAMPnpn3EKG8gfAcqX7d5udBoWXobxoz2ltAK86h-KWmiWW8FQpaasKuCVtgQOhoIi/video/7580732579054144789,2025-12-06,20,Sat,35,1046,10,2,8,3,2.2,Kẹo dẻo chíp chíp#ancungtiktok😍 #fyp #keodeochipchip #xuhuong #doanvat,ancungtiktok fyp keodeochipchip xuhuong doanvat,original sound - asmrhieak,🔊🥧👩,True,True,True
7580678183511510293,https://www.tiktok.com/@MS4wLjABAAAAMPnpn3EKG8gfAcqX7d5udBoWXobxoz2ltAK86h-KWmiWW8FQpaasKuCVtgQOhoIi/video/7580678183511510293,2025-12-06,16,Sat,32,3053,16,2,4,4,0.85,nhăm nhăm#ancungtiktok😍 #fyp #banhsuachua #xuhuong #doanvat,ancungtiktok fyp banhsuachua xuhuong doanvat,original sound - bemauxanh.99,Bé Màu Xanh,True,True,True
7580593259823500564,https://www.tiktok.com/@MS4wLjABAAAAMPnpn3EKG8gfAcqX7d5udBoWXobxoz2ltAK86h-KWmiWW8FQpaasKuCVtgQOhoIi/video/7580593259823500564,2025-12-06,11,Sat,31,2750,27,3,5,6,1.49,Nó ngon zữ lun ý#ancungtiktok😍 #fyp #banhcupcake #xuhuong #doanvat,ancungtiktok fyp banhcupcake xuhuong doanvat,original sound - antitrangkhanzone1,Anti Trang Khàn zone,True,True,False
7580402890683010325,https://www.tiktok.com/@MS4wLjABAAAAMPnpn3EKG8gfAcqX7d5udBoWXobxoz2ltAK86h-KWmiWW8FQpaasKuCVtgQOhoIi/video/7580402890683010325,2025-12-05,22,Fri,32,15800,34,5,5,7,0.32,ô mai giun tuổi thơ nè#ancungtiktok😍 #fyp #omaigiun #xuhuong #doanvat,ancungtiktok fyp omaigiun xuhuong doanvat,original sound - lilymukbangidols,Lilly🥧🧃,True,True,True
7580303077643750677,https://www.tiktok.com/@MS4wLjABAAAAMPnpn3EKG8gfAcqX7d5udBoWXobxoz2ltAK86h-KWmiWW8FQpaasKuCVtgQOhoIi/video/7580303077643750677,2025-12-05,16,Fri,33,3019,7,1,2,3,0.43,ê nó ngon điêngg ý#ancungtiktok😍 #fyp #banhtrang#xuhuong #doanvat,ancungtiktok fyp banhtrang xuhuong doanvat,original sound - tuthichnauanne,Tứ thích nấu ăn🇻🇳,True,True,True
7580244545883901205,https://www.tiktok.com/@MS4wLjABAAAAMPnpn3EKG8gfAcqX7d5udBoWXobxoz2ltAK86h-KWmiWW8FQpaasKuCVtgQOhoIi/video/7580244545883901205,2025-12-05,12,Fri,37,3670,22,11,9,6,1.31,kẹo sữa dừa bobo#ancungtiktok😍 #fyp #keodua #cokocbobo #xuhuong,ancungtiktok fyp keodua cokocbobo xuhuong,original sound - lilymukbangidols,Lilly🥧🧃,True,True,True
7580029973306674452,https://www.tiktok.com/@MS4wLjABAAAAMPnpn3EKG8gfAcqX7d5udBoWXobxoz2ltAK86h-KWmiWW8FQpaasKuCVtgQOhoIi/video/7580029973306674452,2025-12-04,22,Thu,30,173,6,2,6,2,9.25,Banha gạo Oăn oăn nè#ancungtiktok😍 #fyp #banhgao #xuhuong #doanvat,ancungtiktok fyp banhgao xuhuong doanvat,original sound - nhamnhamjt,Một chiếc bụng đói,True,True,False
7579977876154469653,https://www.tiktok.com/@MS4wLjABAAAAMPnpn3EKG8gfAcqX7d5udBoWXobxoz2ltAK86h-KWmiWW8FQpaasKuCVtgQOhoIi/video/7579977876154469653,2025-12-04,19,Thu,30,554,7,3,5,3,3.25,Mùa này có em này đúng là chân ái#ancungtiktok😍 #fyp #viengungngam #x...,ancungtiktok fyp viengungngam x,original sound - mebodireview,Mẹ Bơ Review 🥑,True,True,True
7579940661386874133,https://www.tiktok.com/@MS4wLjABAAAAMPnpn3EKG8gfAcqX7d5udBoWXobxoz2ltAK86h-KWmiWW8FQpaasKuCVtgQOhoIi/video/7579940661386874133,2025-12-04,17,Thu,30,6837,50,5,16,4,1.1,thơm nhức cái lách#ancungtiktok😍 #fyp #keodua #cokocbobo #xuhuong,ancungtiktok fyp keodua cokocbobo xuhuong,original sound - lilymukbangidols,Lilly🥧🧃,True,True,True
7579869810310286613,https://www.tiktok.com/@MS4wLjABAAAAMPnpn3EKG8gfAcqX7d5udBoWXobxoz2ltAK86h-KWmiWW8FQpaasKuCVtgQOhoIi/video/7579869810310286613,2025-12-04,12,Thu,30,4235,8,4,0,2,0.33,ứ nước miếng chưa các bác#ancungtiktok😍 #fyp #thitheochaytoi #xuhuong...,ancungtiktok fyp thitheochaytoi xuhuong,original sound - quangquanhaccthu6,Quàng Quanh,True,True,True
7579655404343364885,https://www.tiktok.com/@MS4wLjABAAAAMPnpn3EKG8gfAcqX7d5udBoWXobxoz2ltAK86h-KWmiWW8FQpaasKuCVtgQOhoIi/video/7579655404343364885,2025-12-03,22,Wed,29,2007,11,2,23,4,1.99,bà nào hay ăn vụng sữa của em bé thì vô đây#ancungtiktok😍 #fyp #keosu...,ancungtiktok fyp keosu,cute cafesounds,𝐂𝐲𝐛𝐞𝐥𝐥𝐚 ! 👩🏻‍🍳,True,True,False
7579612782845365525,https://www.tiktok.com/@MS4wLjABAAAAMPnpn3EKG8gfAcqX7d5udBoWXobxoz2ltAK86h-KWmiWW8FQpaasKuCVtgQOhoIi/video/7579612782845365525,2025-12-03,19,Wed,29,605,6,6,12,2,4.3,Rinh em nó về ngay đi nhé#ancungtiktok😍 #fyp #socolatanchay #xuhuong ...,ancungtiktok fyp socolatanchay xuhuong,giảm cân mà là lắm,💗💗AN💗💗,True,True,False
7579561717923908885,https://www.tiktok.com/@MS4wLjABAAAAMPnpn3EKG8gfAcqX7d5udBoWXobxoz2ltAK86h-KWmiWW8FQpaasKuCVtgQOhoIi/video/7579561717923908885,2025-12-03,16,Wed,31,2864,8,2,7,2,0.66,Ngon chữ ê kéo dài lun#ancungtiktok😍 #fyp #banhsuachua #xuhuong #doan...,ancungtiktok fyp banhsuachua xuhuong doan,original sound - nhamnhamjt,Một chiếc bụng đói,True,True,True
7579497958027169045,https://www.tiktok.com/@MS4wLjABAAAAMPnpn3EKG8gfAcqX7d5udBoWXobxoz2ltAK86h-KWmiWW8FQpaasKuCVtgQOhoIi/video/7579497958027169045,2025-12-03,12,Wed,34,7155,35,6,15,8,0.89,"Bánh cốm không nhân, bạn đã thử chưa?#ancungtiktok😍 #fyp #banhcomkhon...",ancungtiktok fyp banhcomkhon,original sound - meberyne,Mẹ bé Ry nè 🍒,True,True,False
7579281423018790165,https://www.tiktok.com/@MS4wLjABAAAAMPnpn3EKG8gfAcqX7d5udBoWXobxoz2ltAK86h-KWmiWW8FQpaasKuCVtgQOhoIi/video/7579281423018790165,2025-12-02,22,Tue,30,4412,5,4,2,2,0.29,rì com men cho mấy bà nên thử nhé#ancungtiktok😍 #fyp #thitheochaytoi ...,ancungtiktok fyp thitheochaytoi,original sound - quangquanhaccthu6,Quàng Quanh,True,True,True
7579242033584377109,https://www.tiktok.com/@MS4wLjABAAAAMPnpn3EKG8gfAcqX7d5udBoWXobxoz2ltAK86h-KWmiWW8FQpaasKuCVtgQOhoIi/video/7579242033584377109,2025-12-02,19,Tue,31,2564,9,1,6,5,0.82,"Giòn rôm rốp, rộp rộp lun#ancungtiktok😍 #fyp #chuoisaymegung #xuhuong...",ancungtiktok fyp chuoisaymegung xuhuong,original sound - yen_doanvathot,Yến Review🍔,True,True,True
7579204485222796565,https://www.tiktok.com/@MS4wLjABAAAAMPnpn3EKG8gfAcqX7d5udBoWXobxoz2ltAK86h-KWmiWW8FQpaasKuCVtgQOhoIi/video/7579204485222796565,2025-12-02,17,Tue,36,864,4,2,2,1,1.04,Hoành thánh súp tôm thịt#ancungtiktok😍 #fyp #haidilao #xuhuong #xuhuong,ancungtiktok fyp haidilao xuhuong xuhuong,B U B B L E G U M,୨ rae. 🪽,True,True,True
7579127861164936469,https://www.tiktok.com/@MS4wLjABAAAAMPnpn3EKG8gfAcqX7d5udBoWXobxoz2ltAK86h-KWmiWW8FQpaasKuCVtgQOhoIi/video/7579127861164936469,2025-12-02,12,Tue,31,1008,7,2,1,2,1.19,Ngon cỡ đó đó#ancungtiktok😍 #fyp #banhcupcake #xuhuong #doanvat,ancungtiktok fyp banhcupcake xuhuong doanvat,original sound - antitrangkhanzone1,Anti Trang Khàn zone,True,True,False
7578906310935104788,https://www.tiktok.com/@MS4wLjABAAAAMPnpn3EKG8gfAcqX7d5udBoWXobxoz2ltAK86h-KWmiWW8FQpaasKuCVtgQOhoIi/video/7578906310935104788,2025-12-01,22,Mon,27,8435,21,12,30,4,0.79,thịt heo khô cháy tỏi#ancungtiktok😍 #fyp #thitheochaytoi #xuhuong #do...,ancungtiktok fyp thitheochaytoi xuhuong do,Dongchio_COTICHVIETNAM,Trần An Đông,True,True,True
7578877817685953813,https://www.tiktok.com/@MS4wLjABAAAAMPnpn3EKG8gfAcqX7d5udBoWXobxoz2ltAK86h-KWmiWW8FQpaasKuCVtgQOhoIi/video/7578877817685953813,2025-12-01,20,Mon,36,3677,13,4,6,4,0.73,nhìn là mê rồi ấy#ancungtiktok😍 #fyp #haidilao #xuhuong #doanvat,ancungtiktok fyp haidilao xuhuong doanvat,original sound - lilymukbangidols,Lilly🥧🧃,True,True,True
7578850876882685205,https://www.tiktok.com/@MS4wLjABAAAAMPnpn3EKG8gfAcqX7d5udBoWXobxoz2ltAK86h-KWmiWW8FQpaasKuCVtgQOhoIi/video/7578850876882685205,2025-12-01,18,Mon,28,2197,13,8,4,3,1.27,Ai nghiền socola thử ngay nhoé#ancungtiktok😍 #fyp #banhcupcake #doanv...,ancungtiktok fyp banhcupcake doanv,original sound - woowhasisb,woowhasisb,True,True,False
7578763714795506965,https://www.tiktok.com/@MS4wLjABAAAAMPnpn3EKG8gfAcqX7d5udBoWXobxoz2ltAK86h-KWmiWW8FQpaasKuCVtgQOhoIi/video/7578763714795506965,2025-12-01,12,Mon,28,898,6,1,7,1,1.67,Socola Nama siu siu ngon#ancungtiktok😍 #fyp #socolatanchay #doanvat #...,ancungtiktok fyp socolatanchay doanvat,original sound - doanvatngonnhabeo,Đồ ăn vặt ngon nhà Beo,True,True,False
7578537490676567317,https://www.tiktok.com/@MS4wLjABAAAAMPnpn3EKG8gfAcqX7d5udBoWXobxoz2ltAK86h-KWmiWW8FQpaasKuCVtgQOhoIi/video/7578537490676567317,2025-11-30,22,Sun,31,8621,38,2,6,5,0.59,Combo 3 bịch bánh tráng mix vị#ancungtiktok😍 #fyp #banhtrang #doanvat...,ancungtiktok fyp banhtrang doanvat,original sound - reviewdoxin1.2,Tổng Kho Quà Tết 🧧,True,True,True
7578500074641214741,https://www.tiktok.com/@MS4wLjABAAAAMPnpn3EKG8gfAcqX7d5udBoWXobxoz2ltAK86h-KWmiWW8FQpaasKuCVtgQOhoIi/video/7578500074641214741,2025-11-30,19,Sun,30,1838,4,2,3,2,0.6,bà nào đang bị bồ đá nào???#ancungtiktok😍 #fyp #thitheochaytoi #doanv...,ancungtiktok fyp thitheochaytoi doanv,original sound - quangquanhaccthu6,Quàng Quanh,True,True,True
7578460493300419861,https://www.tiktok.com/@MS4wLjABAAAAMPnpn3EKG8gfAcqX7d5udBoWXobxoz2ltAK86h-KWmiWW8FQpaasKuCVtgQOhoIi/video/7578460493300419861,2025-11-30,17,Sun,32,373,6,2,2,2,3.22,Thề lun nó ngon lắm ấy#ancungtiktok😍 #fyp #banhtrangmuoisac #xuhuong ...,ancungtiktok fyp banhtrangmuoisac xuhuong,original sound - thisismohon,This is Mỏ Hỗn,True,True,True
7578375966146219284,https://www.tiktok.com/@MS4wLjABAAAAMPnpn3EKG8gfAcqX7d5udBoWXobxoz2ltAK86h-KWmiWW8FQpaasKuCVtgQOhoIi/video/7578375966146219284,2025-11-30,11,Sun,30,3586,4,3,4,1,0.33,ừm ứ ngon lắm luôn#ancungtiktok😍 #fyp #thitheochaytoi #xuhuong #doanvat,ancungtiktok fyp thitheochaytoi xuhuong doanvat,original sound - quangquanhaccthu6,Quàng Quanh,True,True,True
7578182815318035732,https://www.tiktok.com/@MS4wLjABAAAAMPnpn3EKG8gfAcqX7d5udBoWXobxoz2ltAK86h-KWmiWW8FQpaasKuCVtgQOhoIi/video/7578182815318035732,2025-11-29,23,Sat,30,1006,6,0,7,1,1.39,Hướng dương tẩm vị chiên giòn#ancungtiktok😍 #fyp #huongduongtamvi #xu...,ancungtiktok fyp huongduongtamvi xu,original sound - antitrangkhanzone1,Anti Trang Khàn zone,True,True,True
7578151691757899028,https://www.tiktok.com/@MS4wLjABAAAAMPnpn3EKG8gfAcqX7d5udBoWXobxoz2ltAK86h-KWmiWW8FQpaasKuCVtgQOhoIi/video/7578151691757899028,2025-11-29,21,Sat,34,190800,200,17,78,43,0.18,nhìn mà thèm chưa#ancungtiktok😍 #fyp #banhsuachua #xuhuong #doanvat,ancungtiktok fyp banhsuachua xuhuong doanvat,original sound - lilymukbangidols,Lilly🥧🧃,True,True,True
7578086885252238612,https://www.tiktok.com/@MS4wLjABAAAAMPnpn3EKG8gfAcqX7d5udBoWXobxoz2ltAK86h-KWmiWW8FQpaasKuCVtgQOhoIi/video/7578086885252238612,2025-11-29,17,Sat,30,6111,17,4,4,4,0.47,ê nó ngonnn#ancungtiktok😍 #fyp #banhtrang #xuhuong #doanvat,ancungtiktok fyp banhtrang xuhuong doanvat,original sound - doiquatroioiii,Đói quá chời,True,True,True
7578007391824858389,https://www.tiktok.com/@MS4wLjABAAAAMPnpn3EKG8gfAcqX7d5udBoWXobxoz2ltAK86h-KWmiWW8FQpaasKuCVtgQOhoIi/video/7578007391824858389,2025-11-29,11,Sat,32,1402,8,4,1,3,1.14,cay banh chành cay lun ý#ancungtiktok😍 #fyp #banhtrangxeki #xuhuong #...,ancungtiktok fyp banhtrangxeki xuhuong,original sound - antitrangkhanzone1,Anti Trang Khàn zone,True,True,False
7577756947273813268,https://www.tiktok.com/@MS4wLjABAAAAMPnpn3EKG8gfAcqX7d5udBoWXobxoz2ltAK86h-KWmiWW8FQpaasKuCVtgQOhoIi/video/7577756947273813268,2025-11-28,19,Fri,30,7447,30,6,10,8,0.73,ai mê thì cmt cho tuii biết nha#ancungtiktok😍 #fyp #keosuabo🐮 #xuhuon...,ancungtiktok fyp keosuabo xuhuon,bubblegum,dwyne,True,True,False
7577721280904940820,https://www.tiktok.com/@MS4wLjABAAAAMPnpn3EKG8gfAcqX7d5udBoWXobxoz2ltAK86h-KWmiWW8FQpaasKuCVtgQOhoIi/video/7577721280904940820,2025-11-28,17,Fri,33,586,7,4,4,1,2.73,Hạt ngũ cốc mix vị#ancungtiktok😍 #fyp #hatngucoc #hatdinhduong #xuhuong,ancungtiktok fyp hatngucoc hatdinhduong xuhuong,original sound - phng.chun.lt,Gia Huy_2021,True,True,True
7577640281588239637,https://www.tiktok.com/@MS4wLjABAAAAMPnpn3EKG8gfAcqX7d5udBoWXobxoz2ltAK86h-KWmiWW8FQpaasKuCVtgQOhoIi/video/7577640281588239637,2025-11-28,12,Fri,33,130500,172,7,47,30,0.2,giòn tan lun#ancungtiktok😍 #fyp #chuoisaymegung #xuhuong #doanvat,ancungtiktok fyp chuoisaymegung xuhuong doanvat,original sound - yen_doanvathot,Yến Review🍔,True,False,True
7577397242269846805,https://www.tiktok.com/@MS4wLjABAAAAMPnpn3EKG8gfAcqX7d5udBoWXobxoz2ltAK86h-KWmiWW8FQpaasKuCVtgQOhoIi/video/7577397242269846805,2025-11-27,20,Thu,39,1573,5,4,5,3,1.08,"Ê nha ê nha, nó ngon#ancungtiktok😍 #fyp #banhtrangmuoisac #xuhuong #d...",ancungtiktok fyp banhtrangmuoisac xuhuong d,original sound - antitrangkhanzone1,Anti Trang Khàn zone,True,True,True
7577350868404555029,https://www.tiktok.com/@MS4wLjABAAAAMPnpn3EKG8gfAcqX7d5udBoWXobxoz2ltAK86h-KWmiWW8FQpaasKuCVtgQOhoIi/video/7577350868404555029,2025-11-27,17,Thu,30,14200,61,14,80,15,1.2,"Eo uii nó ngon, bà nào mê socola thử ngay nha#ancungtiktok😍 #fyp #soc...",ancungtiktok fyp soc,original sound - iam.yourtgb,tgb,True,True,True
7577262332535999765,https://www.tiktok.com/@MS4wLjABAAAAMPnpn3EKG8gfAcqX7d5udBoWXobxoz2ltAK86h-KWmiWW8FQpaasKuCVtgQOhoIi/video/7577262332535999765,2025-11-27,11,Thu,32,12600,63,11,12,14,0.79,Kẹo dẻo chíp chip#ancungtiktok😍 #fyp #keodeochipchip #xuhuong #doanvat,ancungtiktok fyp keodeochipchip xuhuong doanvat,original sound - toxca..chloe0,𖦁ׅ ࣪ chloe ៵🎄 ࣪ ִֶָ ⋆,True,True,True
7577037118799645973,https://www.tiktok.com/@MS4wLjABAAAAMPnpn3EKG8gfAcqX7d5udBoWXobxoz2ltAK86h-KWmiWW8FQpaasKuCVtgQOhoIi/video/7577037118799645973,2025-11-26,21,Wed,30,1938,5,2,4,1,0.62,Thịt heo cháy tỏi#ancungtiktok😍 #fyp #thitheochaytoi #xuhuong #doanvat,ancungtiktok fyp thitheochaytoi xuhuong doanvat,original sound - quangquanhaccthu6,Quàng Quanh,True,True,True
7576978342193253652,https://www.tiktok.com/@MS4wLjABAAAAMPnpn3EKG8gfAcqX7d5udBoWXobxoz2ltAK86h-KWmiWW8FQpaasKuCVtgQOhoIi/video/7576978342193253652,2025-11-26,17,Wed,32,314,5,0,9,1,4.78,bánh nhãn hải hậu#ancungtiktok😍 #fyp #banhnhan #xuhuong #doanvat,ancungtiktok fyp banhnhan xuhuong doanvat,cute cafesounds,𝐂𝐲𝐛𝐞𝐥𝐥𝐚 ! 👩🏻‍🍳,True,True,False
7576892461562203413,https://www.tiktok.com/@MS4wLjABAAAAMPnpn3EKG8gfAcqX7d5udBoWXobxoz2ltAK86h-KWmiWW8FQpaasKuCVtgQOhoIi/video/7576892461562203413,2025-11-26,11,Wed,28,3312,13,7,1,3,0.72,"ê ngon nha, giòn tan lun#ancungtiktok😍 #fyp #huongduongtamvi #xuhuong...",ancungtiktok fyp huongduongtamvi xuhuong,original sound - doyan.makan7,ASMR🔥,True,True,True
7576689196048321813,https://www.tiktok.com/@MS4wLjABAAAAMPnpn3EKG8gfAcqX7d5udBoWXobxoz2ltAK86h-KWmiWW8FQpaasKuCVtgQOhoIi/video/7576689196048321813,2025-11-25,22,Tue,31,423,5,2,2,2,2.6,Ăn nó cuốn lắm ý#ancungtiktok😍 #fyp #banhtrangtron #xuhuong #doanvat,ancungtiktok fyp banhtrangtron xuhuong doanvat,original sound - doiquatroioiii,Đói quá chời,True,True,False
7576644646013603093,https://www.tiktok.com/@MS4wLjABAAAAMPnpn3EKG8gfAcqX7d5udBoWXobxoz2ltAK86h-KWmiWW8FQpaasKuCVtgQOhoIi/video/7576644646013603093,2025-11-25,19,Tue,29,1386,10,1,9,3,1.66,ai bị hôi miệng giơ tay nèo#ancungtiktok😍 #fyp #keothommieng #xuhuong...,ancungtiktok fyp keothommieng xuhuong,SIMPLE LOVE REMIX,ThahTrung✅,True,True,True
7576608036043623700,https://www.tiktok.com/@MS4wLjABAAAAMPnpn3EKG8gfAcqX7d5udBoWXobxoz2ltAK86h-KWmiWW8FQpaasKuCVtgQOhoIi/video/7576608036043623700,2025-11-25,17,Tue,30,1400000,2398,123,433,340,0.24,Ngon hết sảy#ancungtiktok😍 #fyp #thitheochaytoi #xuhuong #doanvat,ancungtiktok fyp thitheochaytoi xuhuong doanvat,original sound - thisismohon,This is Mỏ Hỗn,True,True,True
7576231552091196693,https://www.tiktok.com/@MS4wLjABAAAAMPnpn3EKG8gfAcqX7d5udBoWXobxoz2ltAK86h-KWmiWW8FQpaasKuCVtgQOhoIi/video/7576231552091196693,2025-11-24,17,Mon,28,3580,16,2,6,3,0.75,Uii nó nhonnnn lém ạ#ancungtiktok😍 #fyp #ngocaykhobolachanh #xuhuong ...,ancungtiktok fyp ngocaykhobolachanh xuhuong,original sound - bemauxanh.99,Bé Màu Xanh,True,True,True
7576164950985477396,https://www.tiktok.com/@MS4wLjABAAAAMPnpn3EKG8gfAcqX7d5udBoWXobxoz2ltAK86h-KWmiWW8FQpaasKuCVtgQOhoIi/video/7576164950985477396,2025-11-24,12,Mon,28,675,4,6,1,1,1.78,"Giòn tan, vàng ươm siuu cuốn#ancungtiktok😍 #fyp #snack #xuhuong #doan...",ancungtiktok fyp snack xuhuong doan,original sound - doyan.makan7,ASMR🔥,True,True,False
7575947518593338644,https://www.tiktok.com/@MS4wLjABAAAAMPnpn3EKG8gfAcqX7d5udBoWXobxoz2ltAK86h-KWmiWW8FQpaasKuCVtgQOhoIi/video/7575947518593338644,2025-11-23,22,Sun,28,1284,11,4,3,1,1.48,nhìn đã mắt chưa nè#ancungtiktok😍 #fyp #banhtrang #xuhuong #doanvat,ancungtiktok fyp banhtrang xuhuong doanvat,original sound - orderczbfe0,kateshop:),True,True,False
7575894756442737940,https://www.tiktok.com/@MS4wLjABAAAAMPnpn3EKG8gfAcqX7d5udBoWXobxoz2ltAK86h-KWmiWW8FQpaasKuCVtgQOhoIi/video/7575894756442737940,2025-11-23,19,Sun,26,3832,8,0,5,2,0.39,Nó ngon đieng ý mấy bà ơii#ancungtiktok😍 #fyp #thitheochaytoi #xuhuon...,ancungtiktok fyp thitheochaytoi xuhuon,original sound - yuisi41,Clean Plate🍽️,True,True,True
7575777735352519956,https://www.tiktok.com/@MS4wLjABAAAAMPnpn3EKG8gfAcqX7d5udBoWXobxoz2ltAK86h-KWmiWW8FQpaasKuCVtgQOhoIi/video/7575777735352519956,2025-11-23,11,Sun,30,4324,11,4,2,1,0.42,ăn nó cuốn dã man#ancungtiktok😍 #fyp #banhtrangbotoichuacay #xuhuong ...,ancungtiktok fyp banhtrangbotoichuacay xuhuong,original sound - lilymukbangidols,Lilly🥧🧃,True,True,False
7575512415836687637,https://www.tiktok.com/@MS4wLjABAAAAMPnpn3EKG8gfAcqX7d5udBoWXobxoz2ltAK86h-KWmiWW8FQpaasKuCVtgQOhoIi/video/7575512415836687637,2025-11-22,18,Sat,25,2005,4,1,2,1,0.4,Miếng heo mềm mềm dai dai siu cuốn#ancungtiktok😍 #fyp #thitheochaytoi...,ancungtiktok fyp thitheochaytoi,original sound - asmrhieak,🔊🥧👩,True,True,True
7575474751766908180,https://www.tiktok.com/@MS4wLjABAAAAMPnpn3EKG8gfAcqX7d5udBoWXobxoz2ltAK86h-KWmiWW8FQpaasKuCVtgQOhoIi/video/7575474751766908180,2025-11-22,16,Sat,26,1243,4,0,2,2,0.64,ăn thử chỉ từ 10k thuii nè#ancungtiktok😍 #fyp #ngocaykhobolachanh #xu...,ancungtiktok fyp ngocaykhobolachanh xu,original sound - lilymukbangidols,Lilly🥧🧃,True,True,False
7575381607779945749,https://www.tiktok.com/@MS4wLjABAAAAMPnpn3EKG8gfAcqX7d5udBoWXobxoz2ltAK86h-KWmiWW8FQpaasKuCVtgQOhoIi/video/7575381607779945749,2025-11-22,10,Sat,28,4055,8,0,1,1,0.25,Ăn cứ bị cuốn í#ancungtiktok😍 #fyp #snack #xuhuong #doanvat,ancungtiktok fyp snack xuhuong doanvat,original sound - doyan.makan7,ASMR🔥,True,True,True
7575152242274077973,https://www.tiktok.com/@MS4wLjABAAAAMPnpn3EKG8gfAcqX7d5udBoWXobxoz2ltAK86h-KWmiWW8FQpaasKuCVtgQOhoIi/video/7575152242274077973,2025-11-21,19,Fri,30,1230,10,1,2,4,1.38,Nó ngon điêng á#ancungtiktok😍 #fyp #banhtrang #xuhuong #doanvat,ancungtiktok fyp banhtrang xuhuong doanvat,original sound - heinaa._.mukbang,🥡𝙃𝙚𝙞𝙣𝙖૮ ˶ᵔ ᵕ ᵔ˶ ა🧁,True,True,False
7575109906844503317,https://www.tiktok.com/@MS4wLjABAAAAMPnpn3EKG8gfAcqX7d5udBoWXobxoz2ltAK86h-KWmiWW8FQpaasKuCVtgQOhoIi/video/7575109906844503317,2025-11-21,16,Fri,31,3919,17,4,3,1,0.64,Thử đi kẻo mê nha#ancungtiktok😍 #fyp #huongduongtamvi #xuhuong #doanvat,ancungtiktok fyp huongduongtamvi xuhuong doanvat,original sound - lilymukbangidols,Lilly🥧🧃,True,True,True
7575020233858010388,https://www.tiktok.com/@MS4wLjABAAAAMPnpn3EKG8gfAcqX7d5udBoWXobxoz2ltAK86h-KWmiWW8FQpaasKuCVtgQOhoIi/video/7575020233858010388,2025-11-21,10,Fri,24,55400,76,2,20,20,0.21,nhức cái lách dựt dựt#ancungtiktok😍 #fyp #chuoisaymegung #xuhuong #do...,ancungtiktok fyp chuoisaymegung xuhuong do,original sound - doyan.makan7,ASMR🔥,True,True,True
7574783296568266005,https://www.tiktok.com/@MS4wLjABAAAAMPnpn3EKG8gfAcqX7d5udBoWXobxoz2ltAK86h-KWmiWW8FQpaasKuCVtgQOhoIi/video/7574783296568266005,2025-11-20,19,Thu,35,1052,5,1,3,1,0.95,ngon nhaaaaaa#ancungtiktok😍 #fyp #cocdeorimxaxi #xuhuong #doanvat,ancungtiktok fyp cocdeorimxaxi xuhuong doanvat,original sound - u.phng.toca,🧺✨️Đậu phộng toca🥜🫧,True,True,False
7574659276338171157,https://www.tiktok.com/@MS4wLjABAAAAMPnpn3EKG8gfAcqX7d5udBoWXobxoz2ltAK86h-KWmiWW8FQpaasKuCVtgQOhoIi/video/7574659276338171157,2025-11-20,11,Thu,29,54600,404,13,63,56,0.98,mê nha#ancungtiktok😍 #fyp #keosuabo🐮 #xuhuong #doanvat,ancungtiktok fyp keosuabo xuhuong doanvat,original sound - heinaa._.mukbang,🥡𝙃𝙚𝙞𝙣𝙖૮ ˶ᵔ ᵕ ᵔ˶ ა🧁,True,True,True
7574450046284926228,https://www.tiktok.com/@MS4wLjABAAAAMPnpn3EKG8gfAcqX7d5udBoWXobxoz2ltAK86h-KWmiWW8FQpaasKuCVtgQOhoIi/video/7574450046284926228,2025-11-19,21,Wed,28,5178,13,5,2,3,0.44,ngon hơn ngoài hàng lun á#ancungtiktok😍 #fyp #banhtrang #xuhuong #doa...,ancungtiktok fyp banhtrang xuhuong doa,original sound - storecuaka,phanngockimanh,True,True,True
7574400839343754516,https://www.tiktok.com/@MS4wLjABAAAAMPnpn3EKG8gfAcqX7d5udBoWXobxoz2ltAK86h-KWmiWW8FQpaasKuCVtgQOhoIi/video/7574400839343754516,2025-11-19,18,Wed,29,7644,14,4,4,4,0.34,ngon đienggg má oi#ancungtiktok😍 #fyp #thitheochaytoi #xuhuong #doanvat,ancungtiktok fyp thitheochaytoi xuhuong doanvat,original sound - quangquanhaccthu6,Quàng Quanh,True,True,True
7574283519103438101,https://www.tiktok.com/@MS4wLjABAAAAMPnpn3EKG8gfAcqX7d5udBoWXobxoz2ltAK86h-KWmiWW8FQpaasKuCVtgQOhoIi/video/7574283519103438101,2025-11-19,11,Wed,30,817,6,7,5,2,2.45,"Giòn rôm rốp, ăn nó cuốn#ancungtiktok😍 #fyp #chuoisaymegung #xuhuong ...",ancungtiktok fyp chuoisaymegung xuhuong,original sound - yen_doanvathot,Yến Review🍔,True,True,False
7574102033406414100,https://www.tiktok.com/@MS4wLjABAAAAMPnpn3EKG8gfAcqX7d5udBoWXobxoz2ltAK86h-KWmiWW8FQpaasKuCVtgQOhoIi/video/7574102033406414100,2025-11-18,23,Tue,38,765,9,3,1,3,2.09,giòn mê má ơii#ancungtiktok😍 #fyp #snack #xuhuong #doanvat,ancungtiktok fyp snack xuhuong doanvat,original sound - doyan.makan7,ASMR🔥,True,True,False
7574060547021344021,https://www.tiktok.com/@MS4wLjABAAAAMPnpn3EKG8gfAcqX7d5udBoWXobxoz2ltAK86h-KWmiWW8FQpaasKuCVtgQOhoIi/video/7574060547021344021,2025-11-18,20,Tue,33,359,5,3,1,2,3.06,ê có hơn 4 mươi xu thui mà ngon cỡ đó#ancungtiktok😍 #fyp #banhtrangbo...,ancungtiktok fyp banhtrangbo,original sound - vodoanduybest7530,Con ruột Ông Tèo,True,True,False
7574006276452093204,https://www.tiktok.com/@MS4wLjABAAAAMPnpn3EKG8gfAcqX7d5udBoWXobxoz2ltAK86h-KWmiWW8FQpaasKuCVtgQOhoIi/video/7574006276452093204,2025-11-18,17,Tue,27,2702,4,4,1,3,0.44,Ngon hết sảy con bà bảy lun#ancungtiktok😍 #fyp #thitheochaytoi #xuhuo...,ancungtiktok fyp thitheochaytoi xuhuo,original sound - casitocaboca,Toca boca,True,True,True
7573925449424817428,https://www.tiktok.com/@MS4wLjABAAAAMPnpn3EKG8gfAcqX7d5udBoWXobxoz2ltAK86h-KWmiWW8FQpaasKuCVtgQOhoIi/video/7573925449424817428,2025-11-18,11,Tue,28,929,4,6,3,2,1.61,Giòn rụm lun má ơi#ancungtiktok😍 #fyp #chuoisaymegung #xuhuong #doanvat,ancungtiktok fyp chuoisaymegung xuhuong doanvat,original sound - yen_doanvathot,Yến Review🍔,True,True,False
7573723956130123028,https://www.tiktok.com/@MS4wLjABAAAAMPnpn3EKG8gfAcqX7d5udBoWXobxoz2ltAK86h-KWmiWW8FQpaasKuCVtgQOhoIi/video/7573723956130123028,2025-11-17,22,Mon,31,459,7,2,3,1,2.83,Ê ngon nha#ancungtiktok😍 #fyp #chocomelt #lava #xuhuong,ancungtiktok fyp chocomelt lava xuhuong,original sound - u.phng.toca,🧺✨️Đậu phộng toca🥜🫧,True,True,False
7573663045499637013,https://www.tiktok.com/@MS4wLjABAAAAMPnpn3EKG8gfAcqX7d5udBoWXobxoz2ltAK86h-KWmiWW8FQpaasKuCVtgQOhoIi/video/7573663045499637013,2025-11-17,19,Mon,34,10800,17,10,12,3,0.39,"Thử lệ đi mấy bà, món mới na#ancungtiktok😍 #fyp #huongduongtamvi #xuh...",ancungtiktok fyp huongduongtamvi xuh,original sound - woowhasisb,woowhasisb,True,True,True
7573621164405280020,https://www.tiktok.com/@MS4wLjABAAAAMPnpn3EKG8gfAcqX7d5udBoWXobxoz2ltAK86h-KWmiWW8FQpaasKuCVtgQOhoIi/video/7573621164405280020,2025-11-17,16,Mon,29,2367,11,2,53,2,2.87,Combo 3 bịch chưa bằng 1 ly tà tưa ý#ancungtiktok😍 #fyp #banhtrang #x...,ancungtiktok fyp banhtrang x,original sound - reviewdoxin1.2,Tổng Kho Quà Tết 🧧,True,True,False
7573540377911676180,https://www.tiktok.com/@MS4wLjABAAAAMPnpn3EKG8gfAcqX7d5udBoWXobxoz2ltAK86h-KWmiWW8FQpaasKuCVtgQOhoIi/video/7573540377911676180,2025-11-17,11,Mon,28,1764,6,6,1,2,0.85,"đậm vị, giòn tan luôn #ancungtiktok😍 #fyp #snack #xuhuong #doanvat",ancungtiktok fyp snack xuhuong doanvat,original sound - yen_doanvathot,Yến Review🍔,True,True,False
7573354662074649876,https://www.tiktok.com/@MS4wLjABAAAAMPnpn3EKG8gfAcqX7d5udBoWXobxoz2ltAK86h-KWmiWW8FQpaasKuCVtgQOhoIi/video/7573354662074649876,2025-11-16,23,Sun,31,7376,16,6,4,3,0.39,Hốt lẹ kẻo về giá đó nha#ancungtiktok😍 #fyp #banhtrangmuoisac #banhtr...,ancungtiktok fyp banhtrangmuoisac banhtr,original sound - antitrangkhanzone1,Anti Trang Khàn zone,True,True,True
7573312673673153812,https://www.tiktok.com/@MS4wLjABAAAAMPnpn3EKG8gfAcqX7d5udBoWXobxoz2ltAK86h-KWmiWW8FQpaasKuCVtgQOhoIi/video/7573312673673153812,2025-11-16,20,Sun,30,4355,20,4,10,6,0.92,thơm ngon lắm nah#ancungtiktok😍 #fyp #snacktuoitho #hangdai #xuhuong,ancungtiktok fyp snacktuoitho hangdai xuhuong,original sound - amandaochamelodineeh,ocha | doyan maem🍝🍫,True,True,False
7573260423894551828,https://www.tiktok.com/@MS4wLjABAAAAMPnpn3EKG8gfAcqX7d5udBoWXobxoz2ltAK86h-KWmiWW8FQpaasKuCVtgQOhoIi/video/7573260423894551828,2025-11-16,16,Sun,29,820,4,0,4,1,1.1,Ê hề topping vậy đó mí bà ơii#ancungtiktok😍 #fyp #banhtrang#xuhuong #...,ancungtiktok fyp banhtrang xuhuong,original sound - reviewdoxin1.2,Tổng Kho Quà Tết 🧧,True,True,False
7573172979002035477,https://www.tiktok.com/@MS4wLjABAAAAMPnpn3EKG8gfAcqX7d5udBoWXobxoz2ltAK86h-KWmiWW8FQpaasKuCVtgQOhoIi/video/7573172979002035477,2025-11-16,11,Sun,30,1399,8,2,0,2,0.86,Ngon quãi mấy má ơi#ancungtiktok😍 #fyp ##ngocaysaygion #ngocaykhobola...,ancungtiktok fyp ngocaysaygion ngocaykhobola,original sound - doyan.makan7,ASMR🔥,True,True,False
7572955979201989909,https://www.tiktok.com/@MS4wLjABAAAAMPnpn3EKG8gfAcqX7d5udBoWXobxoz2ltAK86h-KWmiWW8FQpaasKuCVtgQOhoIi/video/7572955979201989909,2025-11-15,21,Sat,34,3968,9,5,5,1,0.5,Giòn rụm lun tr ơii#ancungtiktok😍 #fyp #ngocaysaygion #ngocaykhobolac...,ancungtiktok fyp ngocaysaygion ngocaykhobolac,original sound - doyan.makan7,ASMR🔥,True,True,False
7572897145783733525,https://www.tiktok.com/@MS4wLjABAAAAMPnpn3EKG8gfAcqX7d5udBoWXobxoz2ltAK86h-KWmiWW8FQpaasKuCVtgQOhoIi/video/7572897145783733525,2025-11-15,17,Sat,31,3315,5,0,3,1,0.27,nhăm nhăm nhăm#ancungtiktok😍 #fyp #thitheochaytoi ##doanvat #xuhuong,ancungtiktok fyp thitheochaytoi doanvat xuhuong,original sound - yuisi41,Clean Plate🍽️,True,True,True
7572796215054568725,https://www.tiktok.com/@MS4wLjABAAAAMPnpn3EKG8gfAcqX7d5udBoWXobxoz2ltAK86h-KWmiWW8FQpaasKuCVtgQOhoIi/video/7572796215054568725,2025-11-15,10,Sat,35,21400,58,28,46,9,0.66,Hằng đại snack tuổi thơ của bà nào nè#ancungtiktok😍 #fyp #snacktuoith...,ancungtiktok fyp snacktuoith,original sound - nhamnhamjt,Một chiếc bụng đói,True,True,True
7572572823613410581,https://www.tiktok.com/@MS4wLjABAAAAMPnpn3EKG8gfAcqX7d5udBoWXobxoz2ltAK86h-KWmiWW8FQpaasKuCVtgQOhoIi/video/7572572823613410581,2025-11-14,20,Fri,33,950,18,9,5,4,3.79,1 mẹt to tự lun mà có mấy chục cành thui ý#ancungtiktok😍 #fyp #keodeo...,ancungtiktok fyp keodeo,original sound - bemauxanh.99,Bé Màu Xanh,True,True,False
7572533828330310932,https://www.tiktok.com/@MS4wLjABAAAAMPnpn3EKG8gfAcqX7d5udBoWXobxoz2ltAK86h-KWmiWW8FQpaasKuCVtgQOhoIi/video/7572533828330310932,2025-11-14,17,Fri,27,4250,15,6,3,4,0.66,Nó ngon quãi lun ý#ancungtiktok😍 #fyp #thitheochaytoi #xuhuong #doanvat,ancungtiktok fyp thitheochaytoi xuhuong doanvat,original sound - kemyeuoi._.moc,Kem cà lem,True,True,True
7572418994972544276,https://www.tiktok.com/@MS4wLjABAAAAMPnpn3EKG8gfAcqX7d5udBoWXobxoz2ltAK86h-KWmiWW8FQpaasKuCVtgQOhoIi/video/7572418994972544276,2025-11-14,10,Fri,33,633,11,11,3,6,4.9,combo mở bán nên siuu hời nha#ancungtiktok😍 #fyp #snack #bimbimtuoith...,ancungtiktok fyp snack bimbimtuoith,original sound - casitocaboca,Toca boca,True,True,False
7572220640778882324,https://www.tiktok.com/@MS4wLjABAAAAMPnpn3EKG8gfAcqX7d5udBoWXobxoz2ltAK86h-KWmiWW8FQpaasKuCVtgQOhoIi/video/7572220640778882324,2025-11-13,21,Thu,28,6186,29,2,12,4,0.76,vừa ngon lại vừa rẽ nữa ý#ancungtiktok😍 #fyp #banhtrang#xuhuong #doan...,ancungtiktok fyp banhtrang xuhuong doan,original sound - kemyeuoi._.moc,Kem cà lem,True,True,True
7572165315929410836,https://www.tiktok.com/@MS4wLjABAAAAMPnpn3EKG8gfAcqX7d5udBoWXobxoz2ltAK86h-KWmiWW8FQpaasKuCVtgQOhoIi/video/7572165315929410836,2025-11-13,18,Thu,35,140,4,3,3,3,9.29,giá nói hời lắm nha mấy bà uii#ancungtiktok😍 #fyp #muoisalachanh #xuh...,ancungtiktok fyp muoisalachanh xuh,original sound - antitrangkhanzone1,Anti Trang Khàn zone,True,True,False
7572035508881132821,https://www.tiktok.com/@MS4wLjABAAAAMPnpn3EKG8gfAcqX7d5udBoWXobxoz2ltAK86h-KWmiWW8FQpaasKuCVtgQOhoIi/video/7572035508881132821,2025-11-13,9,Thu,34,1548,10,4,3,2,1.23,hành phi bánh tráng nha😂#ancungtiktok😍 #fyp #banhtrangtronhanhphi #ba...,ancungtiktok fyp banhtrangtronhanhphi ba,original sound - nini.analog,𐙚 ₊ ⊹ prandini,True,True,False
7571857702834408724,https://www.tiktok.com/@MS4wLjABAAAAMPnpn3EKG8gfAcqX7d5udBoWXobxoz2ltAK86h-KWmiWW8FQpaasKuCVtgQOhoIi/video/7571857702834408724,2025-11-12,22,Wed,27,1646,7,6,3,2,1.09,Ăn nó đã cái nư luôn#ancungtiktok😍 #fyp #banhtrangtronhanhphi #banhtr...,ancungtiktok fyp banhtrangtronhanhphi banhtr,original sound - yuisi41,Clean Plate🍽️,True,True,True
7571819921051634964,https://www.tiktok.com/@MS4wLjABAAAAMPnpn3EKG8gfAcqX7d5udBoWXobxoz2ltAK86h-KWmiWW8FQpaasKuCVtgQOhoIi/video/7571819921051634964,2025-11-12,19,Wed,30,1125,5,1,5,2,1.16,thùng 10 bịch banha tráng xì ki#ancungtiktok😍 #fyp #banhtrangxikesieu...,ancungtiktok fyp banhtrangxikesieu,original sound - antitrangkhanzone1,Anti Trang Khàn zone,True,True,False
7571692927093673237,https://www.tiktok.com/@MS4wLjABAAAAMPnpn3EKG8gfAcqX7d5udBoWXobxoz2ltAK86h-KWmiWW8FQpaasKuCVtgQOhoIi/video/7571692927093673237,2025-11-12,11,Wed,31,3688,13,11,5,3,0.87,Đơn giản mà nó ngonnnn#ancungtiktok😍 #fyp #bangtrang #banhtrangmuoisa...,ancungtiktok fyp bangtrang banhtrangmuoisa,original sound - asmrhieak,🔊🥧👩,True,True,True
7571442655368940820,https://www.tiktok.com/@MS4wLjABAAAAMPnpn3EKG8gfAcqX7d5udBoWXobxoz2ltAK86h-KWmiWW8FQpaasKuCVtgQOhoIi/video/7571442655368940820,2025-11-11,19,Tue,31,559,9,2,4,2,3.04,Sà lé nha mí bà ơi#ancungtiktok😍 #fyp #banhtrang #xuhuong #doanvat,ancungtiktok fyp banhtrang xuhuong doanvat,original sound - nhamnhamjt,Một chiếc bụng đói,True,True,False
7571374953199750421,https://www.tiktok.com/@MS4wLjABAAAAMPnpn3EKG8gfAcqX7d5udBoWXobxoz2ltAK86h-KWmiWW8FQpaasKuCVtgQOhoIi/video/7571374953199750421,2025-11-11,15,Tue,30,127600,360,30,84,81,0.43,lẹ lẹ kẻo về giá đó nha#ancungtiktok😍 #fyp #banhtrang#xuhuong #doanvat,ancungtiktok fyp banhtrang xuhuong doanvat,h u r t,neiah,True,True,True
7571304177427647765,https://www.tiktok.com/@MS4wLjABAAAAMPnpn3EKG8gfAcqX7d5udBoWXobxoz2ltAK86h-KWmiWW8FQpaasKuCVtgQOhoIi/video/7571304177427647765,2025-11-11,10,Tue,36,6010,16,18,9,5,0.8,bánh cuốn lắm nha#ancungtiktok😍 #fyp #thitheochaytoi #xuhuong #doanvat,ancungtiktok fyp thitheochaytoi xuhuong doanvat,original sound - asmrhieak,🔊🥧👩,True,True,True
7571090315440934164,https://www.tiktok.com/@MS4wLjABAAAAMPnpn3EKG8gfAcqX7d5udBoWXobxoz2ltAK86h-KWmiWW8FQpaasKuCVtgQOhoIi/video/7571090315440934164,2025-11-10,20,Mon,30,881,6,0,3,1,1.14,Nó cay té đái lun#ancungtiktok😍 #fyp #banhtrangxikesieucay #xuhuong #...,ancungtiktok fyp banhtrangxikesieucay xuhuong,original sound - yuisi41,Clean Plate🍽️,True,True,False
7571029914841894164,https://www.tiktok.com/@MS4wLjABAAAAMPnpn3EKG8gfAcqX7d5udBoWXobxoz2ltAK86h-KWmiWW8FQpaasKuCVtgQOhoIi/video/7571029914841894164,2025-11-10,16,Mon,27,179,2,0,2,1,2.79,thấy lì xì kaf nôn tết quá#ancungtiktok😍 #fyp #baolixi #lixitet2026 #...,ancungtiktok fyp baolixi lixitet2026,original sound - lov3my.life,T&T,True,True,False
7570947382037237012,https://www.tiktok.com/@MS4wLjABAAAAMPnpn3EKG8gfAcqX7d5udBoWXobxoz2ltAK86h-KWmiWW8FQpaasKuCVtgQOhoIi/video/7570947382037237012,2025-11-10,11,Mon,31,5133,12,4,8,3,0.53,ngon hết sảy con bà bảy#ancungtiktok😍 #fyp #thitheochaytoi #xuhuong #...,ancungtiktok fyp thitheochaytoi xuhuong,original sound - yuisi41,Clean Plate🍽️,True,True,True
7570699674651249941,https://www.tiktok.com/@MS4wLjABAAAAMPnpn3EKG8gfAcqX7d5udBoWXobxoz2ltAK86h-KWmiWW8FQpaasKuCVtgQOhoIi/video/7570699674651249941,2025-11-09,19,Sun,30,1526,8,2,4,2,1.05,Về chỉ việc mở ra ăn thuii nha nha#ancungtiktok😍 #fyp #banhtrang#xuhu...,ancungtiktok fyp banhtrang xuhu,original sound - nhamnhamjt,Một chiếc bụng đói,True,True,False
7570617994188016917,https://www.tiktok.com/@MS4wLjABAAAAMPnpn3EKG8gfAcqX7d5udBoWXobxoz2ltAK86h-KWmiWW8FQpaasKuCVtgQOhoIi/video/7570617994188016917,2025-11-09,14,Sun,35,5904,18,2,15,5,0.68,Nó cay bôn lành lun ý#ancungtiktok😍 #ancungtiktok😍 #fyp #banhtrangxik...,ancungtiktok ancungtiktok fyp banhtrangxik,original sound - antitrangkhanzone1,Anti Trang Khàn zone,True,True,True
7570564529575267605,https://www.tiktok.com/@MS4wLjABAAAAMPnpn3EKG8gfAcqX7d5udBoWXobxoz2ltAK86h-KWmiWW8FQpaasKuCVtgQOhoIi/video/7570564529575267605,2025-11-09,10,Sun,30,2307,12,7,4,5,1.21,Ee mấy bà thử combo này chưa#ancungtiktok😍 #fyp #thitheochaytoi #khog...,ancungtiktok fyp thitheochaytoi khog,original sound - yuisi41,Clean Plate🍽️,True,True,True
7570357123700444436,https://www.tiktok.com/@MS4wLjABAAAAMPnpn3EKG8gfAcqX7d5udBoWXobxoz2ltAK86h-KWmiWW8FQpaasKuCVtgQOhoIi/video/7570357123700444436,2025-11-08,21,Sat,33,4607,21,10,5,7,0.93,ngon điêng lun á mấy má#ancungtiktok😍 #fyp #banhtrang#bangtrangmuoisa...,ancungtiktok fyp banhtrang bangtrangmuoisa,cute cafesounds,𝐂𝐲𝐛𝐞𝐥𝐥𝐚 ! 👩🏻‍🍳,True,True,True
7570292058246745365,https://www.tiktok.com/@MS4wLjABAAAAMPnpn3EKG8gfAcqX7d5udBoWXobxoz2ltAK86h-KWmiWW8FQpaasKuCVtgQOhoIi/video/7570292058246745365,2025-11-08,16,Sat,31,128200,255,13,52,33,0.28,Ê ăn nó wow thật nha mấy bà#ancungtiktok😍 #fyp #thitheochaytoi #xuhuo...,ancungtiktok fyp thitheochaytoi xuhuo,original sound - asmrhieak,🔊🥧👩,True,True,True
7570198921763392788,https://www.tiktok.com/@MS4wLjABAAAAMPnpn3EKG8gfAcqX7d5udBoWXobxoz2ltAK86h-KWmiWW8FQpaasKuCVtgQOhoIi/video/7570198921763392788,2025-11-08,10,Sat,30,2108,13,13,7,5,1.8,"Thử ngay đi mấy bà uiii, tuii khuyên thật đó#ancungtiktok😍 #fyp #suaa...",ancungtiktok fyp suaa,original sound - ll0velycakeu,૮꒰ ᕱᵎ ⑅ ִֶָ ⥽𝓝αᨵꭑꪱ 𖥻 !¡ 🎀 谷,True,True,False
7569981716090178837,https://www.tiktok.com/@MS4wLjABAAAAMPnpn3EKG8gfAcqX7d5udBoWXobxoz2ltAK86h-KWmiWW8FQpaasKuCVtgQOhoIi/video/7569981716090178837,2025-11-07,20,Fri,32,3688,12,9,4,4,0.79,Sứa ăn liền ba lạt#ancungtiktok😍 #fyp #suaanlienbalat #xuhuong #doanvat,ancungtiktok fyp suaanlienbalat xuhuong doanvat,original sound - quangquanhaccthu6,Quàng Quanh,True,True,True
7569937622009793812,https://www.tiktok.com/@MS4wLjABAAAAMPnpn3EKG8gfAcqX7d5udBoWXobxoz2ltAK86h-KWmiWW8FQpaasKuCVtgQOhoIi/video/7569937622009793812,2025-11-07,18,Fri,30,1425,19,7,5,4,2.46,còn ai chưa thử em nó không nè#ancungtiktok😍 #fyp #banhtrang#doanvat ...,ancungtiktok fyp banhtrang doanvat,cute cafesounds,𝐂𝐲𝐛𝐞𝐥𝐥𝐚 ! 👩🏻‍🍳,True,True,False
7569846473311980821,https://www.tiktok.com/@MS4wLjABAAAAMPnpn3EKG8gfAcqX7d5udBoWXobxoz2ltAK86h-KWmiWW8FQpaasKuCVtgQOhoIi/video/7569846473311980821,2025-11-07,12,Fri,32,4500000,12500,451,2512,2026,0.39,má ơi nó ngon#ancungtiktok😍 #fyp #thitheochaytoi #xuhuong #doanvat,ancungtiktok fyp thitheochaytoi xuhuong doanvat,original sound - asmrhieak,🔊🥧👩,True,True,True
7569628900410559765,https://www.tiktok.com/@MS4wLjABAAAAMPnpn3EKG8gfAcqX7d5udBoWXobxoz2ltAK86h-KWmiWW8FQpaasKuCVtgQOhoIi/video/7569628900410559765,2025-11-06,22,Thu,31,187,5,2,3,3,6.95,bánh xốp rau củ #ancungtiktok😍 #fyp #banhxopankieng #xuhuong #doanvat,ancungtiktok fyp banhxopankieng xuhuong doanvat,Spring Festival New Years Day Happy New Year,FManMusic,False,True,False
7569550704747072789,https://www.tiktok.com/@MS4wLjABAAAAMPnpn3EKG8gfAcqX7d5udBoWXobxoz2ltAK86h-KWmiWW8FQpaasKuCVtgQOhoIi/video/7569550704747072789,2025-11-06,17,Thu,33,5224,18,2,5,6,0.59,Nó ngon mà lại rẻ nữa ý#ancungtiktok😍 #fyp #banhtrang #xuhuong #doanvat,ancungtiktok fyp banhtrang xuhuong doanvat,original sound - orderczbfe0,kateshop:),True,True,True
7569450538287320341,https://www.tiktok.com/@MS4wLjABAAAAMPnpn3EKG8gfAcqX7d5udBoWXobxoz2ltAK86h-KWmiWW8FQpaasKuCVtgQOhoIi/video/7569450538287320341,2025-11-06,10,Thu,27,149700,325,71,95,56,0.37,Ngon quá đi các bây ơii#ancungtiktok😍 #fyp #thitheochaytoi #xuhuong #...,ancungtiktok fyp thitheochaytoi xuhuong,original sound - yuisi41,Clean Plate🍽️,True,True,True
7569245716711820565,https://www.tiktok.com/@MS4wLjABAAAAMPnpn3EKG8gfAcqX7d5udBoWXobxoz2ltAK86h-KWmiWW8FQpaasKuCVtgQOhoIi/video/7569245716711820565,2025-11-05,21,Wed,42,488,4,1,0,1,1.23,"Nhăm nhăm, thử đi mí bà#ancungtiktok😍 #fyp #thitlongacbep #doanvat #x...",ancungtiktok fyp thitlongacbep doanvat x,Spring Festival New Years Day Happy New Year,FManMusic,False,True,False
7569093822320299285,https://www.tiktok.com/@MS4wLjABAAAAMPnpn3EKG8gfAcqX7d5udBoWXobxoz2ltAK86h-KWmiWW8FQpaasKuCVtgQOhoIi/video/7569093822320299285,2025-11-05,11,Wed,42,2293,8,3,7,2,0.87,Ngon bá cháy lun nừ#ancungtiktok😍 #fyp #thitheochaytoi #xuhuong #doan...,ancungtiktok fyp thitheochaytoi xuhuong doan,original sound - antitrangkhanzone1,Anti Trang Khàn zone,True,True,True
7568887317474151700,https://www.tiktok.com/@MS4wLjABAAAAMPnpn3EKG8gfAcqX7d5udBoWXobxoz2ltAK86h-KWmiWW8FQpaasKuCVtgQOhoIi/video/7568887317474151700,2025-11-04,22,Tue,32,7798,9,0,5,2,0.21,"Đậm vị, ăn dính lắm #ancungtiktok😍 #fyp #thitheochaytoi #xuhuong #doa...",ancungtiktok fyp thitheochaytoi xuhuong doa,original sound - antitrangkhanzone1,Anti Trang Khàn zone,True,True,True
7568818367172283669,https://www.tiktok.com/@MS4wLjABAAAAMPnpn3EKG8gfAcqX7d5udBoWXobxoz2ltAK86h-KWmiWW8FQpaasKuCVtgQOhoIi/video/7568818367172283669,2025-11-04,17,Tue,35,959,7,2,4,1,1.46,Giòn tan lun ý#ancungtiktok😍 #fyp #banhtaiheo #xuhuong #doanvat  @yen...,ancungtiktok fyp banhtaiheo xuhuong doanvat,original sound - heinaa._.mukbang,🥡𝙃𝙚𝙞𝙣𝙖૮ ˶ᵔ ᵕ ᵔ˶ ა🧁,True,True,True
7568748905349926164,https://www.tiktok.com/@MS4wLjABAAAAMPnpn3EKG8gfAcqX7d5udBoWXobxoz2ltAK86h-KWmiWW8FQpaasKuCVtgQOhoIi/video/7568748905349926164,2025-11-04,13,Tue,32,307,7,2,3,2,4.56,vừa ăn vừa lột vỏ mê quá đi#ancungtiktok😍 #fyp #keodeobocvo #xuhuong ...,ancungtiktok fyp keodeobocvo xuhuong,C u p i d O r i g i n a l,Someone,True,True,False
7568480745715404052,https://www.tiktok.com/@MS4wLjABAAAAMPnpn3EKG8gfAcqX7d5udBoWXobxoz2ltAK86h-KWmiWW8FQpaasKuCVtgQOhoIi/video/7568480745715404052,2025-11-03,19,Mon,32,3279,14,4,2,2,0.67,"Giòn tan, thơm lừng#ancungtiktok😍 #fyp #snack #xuhuong #doanvat  @yen...",ancungtiktok fyp snack xuhuong doanvat,original sound - doyan.makan7,ASMR🔥,True,True,True
7568377615569014036,https://www.tiktok.com/@MS4wLjABAAAAMPnpn3EKG8gfAcqX7d5udBoWXobxoz2ltAK86h-KWmiWW8FQpaasKuCVtgQOhoIi/video/7568377615569014036,2025-11-03,13,Mon,34,991,14,4,5,2,2.52,Siu siu cay mà cuốn lắm nha#ancungtiktok😍 #fyp #banhtrangxikesieucay ...,ancungtiktok fyp banhtrangxikesieucay,original sound - antitrangkhanzone1,Anti Trang Khàn zone,True,True,False
7568141685478182164,https://www.tiktok.com/@MS4wLjABAAAAMPnpn3EKG8gfAcqX7d5udBoWXobxoz2ltAK86h-KWmiWW8FQpaasKuCVtgQOhoIi/video/7568141685478182164,2025-11-02,21,Sun,36,1277,22,2,4,3,2.43,Cay chảy nước mũi lun í mấy bà#ancungtiktok😍 #fyp #banhtrangxikesieuc...,ancungtiktok fyp banhtrangxikesieuc,original sound - antitrangkhanzone1,Anti Trang Khàn zone,True,True,False
7568085008330558740,https://www.tiktok.com/@MS4wLjABAAAAMPnpn3EKG8gfAcqX7d5udBoWXobxoz2ltAK86h-KWmiWW8FQpaasKuCVtgQOhoIi/video/7568085008330558740,2025-11-02,18,Sun,31,3387,15,1,5,2,0.68,Combo 9 gói snack#ancungtiktok😍 #fyp #snack #xuhuong #doanvat  @yen_d...,ancungtiktok fyp snack xuhuong doanvat,original sound - antitrangkhanzone1,Anti Trang Khàn zone,True,True,True
7568019545777098004,https://www.tiktok.com/@MS4wLjABAAAAMPnpn3EKG8gfAcqX7d5udBoWXobxoz2ltAK86h-KWmiWW8FQpaasKuCVtgQOhoIi/video/7568019545777098004,2025-11-02,14,Sun,41,1410,10,1,2,2,1.06,kẹo dẻo bóc vỏ#ancungtiktok😍 #fyp #keodeobocvo #xuhuong #doanvat  @ye...,ancungtiktok fyp keodeobocvo xuhuong doanvat,original sound - u.phng.toca,🧺✨️Đậu phộng toca🥜🫧,True,True,True
7567715925235911957,https://www.tiktok.com/@MS4wLjABAAAAMPnpn3EKG8gfAcqX7d5udBoWXobxoz2ltAK86h-KWmiWW8FQpaasKuCVtgQOhoIi/video/7567715925235911957,2025-11-01,18,Sat,38,125700,278,14,35,44,0.3,Combo 9 món snack nhiều ê hề lun#ancungtiktok😍 #fyp #snack#xuhuong #d...,ancungtiktok fyp snack xuhuong d,bubblegum,dwyne,True,True,True
7567621902781517077,https://www.tiktok.com/@MS4wLjABAAAAMPnpn3EKG8gfAcqX7d5udBoWXobxoz2ltAK86h-KWmiWW8FQpaasKuCVtgQOhoIi/video/7567621902781517077,2025-11-01,12,Sat,35,414,6,2,4,3,3.62,chùm ruột mix cóc dẻo#ancungtiktok😍 #fyp #chumruotsaymuoiot #cocsayde...,ancungtiktok fyp chumruotsaymuoiot cocsayde,original sound - yen_doanvathot,Yến Review🍔,True,True,False
7567408548867525908,https://www.tiktok.com/@MS4wLjABAAAAMPnpn3EKG8gfAcqX7d5udBoWXobxoz2ltAK86h-KWmiWW8FQpaasKuCVtgQOhoIi/video/7567408548867525908,2025-10-31,22,Fri,28,1697,4,2,1,1,0.47,Món ăn vặt tuổi thơ của mấy mí nè#ancungtiktok😍#fyp #baprangbo #xuhuo...,ancungtiktok fyp baprangbo xuhuo,original sound - bbrniy,⠀ 🥗🥪⠀𝓂ℯ𝒿𝒾ִ𓈒 🏖🥪 ୨୧ 𓈒,True,True,True
7567318671614381332,https://www.tiktok.com/@MS4wLjABAAAAMPnpn3EKG8gfAcqX7d5udBoWXobxoz2ltAK86h-KWmiWW8FQpaasKuCVtgQOhoIi/video/7567318671614381332,2025-10-31,16,Fri,30,882,6,1,4,1,1.36,Giòn ben ben giòn rôm rốp nè#ancungtiktok😍 #fyp #chuoisaymegung #xuhu...,ancungtiktok fyp chuoisaymegung xuhu,original sound - yen_doanvathot,Yến Review🍔,True,True,False
7567213786772294933,https://www.tiktok.com/@MS4wLjABAAAAMPnpn3EKG8gfAcqX7d5udBoWXobxoz2ltAK86h-KWmiWW8FQpaasKuCVtgQOhoIi/video/7567213786772294933,2025-10-31,9,Fri,38,353,8,10,4,5,7.65,nước ép trái cây#ancungtiktok😍 #fyp #nuoceptraicay #xuhuong #doanvat ...,ancungtiktok fyp nuoceptraicay xuhuong doanvat,Everyday/Cute Piano Solo(1512061),Sumochi,False,True,False
7566989155343830292,https://www.tiktok.com/@MS4wLjABAAAAMPnpn3EKG8gfAcqX7d5udBoWXobxoz2ltAK86h-KWmiWW8FQpaasKuCVtgQOhoIi/video/7566989155343830292,2025-10-30,19,Thu,39,236,11,6,7,3,11.44,Bánh đá mà như phô mai kéo sợi lun#ancungtiktok😍 #fyp #banhdahagiang ...,ancungtiktok fyp banhdahagiang,Lemon Cake,さゆみ/sam !,True,True,False
7566858210221559061,https://www.tiktok.com/@MS4wLjABAAAAMPnpn3EKG8gfAcqX7d5udBoWXobxoz2ltAK86h-KWmiWW8FQpaasKuCVtgQOhoIi/video/7566858210221559061,2025-10-30,10,Thu,34,5845,16,3,1,2,0.38,"tin tuii đi, nó ngon hơn ngoài hàng mà còn rẽ nha#ancungtiktok😍 #fyp ...",ancungtiktok fyp,original sound - bubble_.babydoll,Bubble_babydoll🍰🍓,True,True,True
7566596997885562132,https://www.tiktok.com/@MS4wLjABAAAAMPnpn3EKG8gfAcqX7d5udBoWXobxoz2ltAK86h-KWmiWW8FQpaasKuCVtgQOhoIi/video/7566596997885562132,2025-10-29,18,Wed,34,9186,19,4,4,2,0.32,"Thơm, giòn mê nha#ancungtiktok😍 #fyp #chuoisaymegung #xuhuong #doanva...",ancungtiktok fyp chuoisaymegung xuhuong doanva,original sound - yen_doanvathot,Yến Review🍔,True,True,False
7566261274292538645,https://www.tiktok.com/@MS4wLjABAAAAMPnpn3EKG8gfAcqX7d5udBoWXobxoz2ltAK86h-KWmiWW8FQpaasKuCVtgQOhoIi/video/7566261274292538645,2025-10-28,20,Tue,30,251,4,4,1,3,4.78,măn nó giòn mê lun ý#ancungtiktok😍 #fyp #bnahtrangnuonggalachanh #xuh...,ancungtiktok fyp bnahtrangnuonggalachanh xuh,original sound - u.phng.toca,🧺✨️Đậu phộng toca🥜🫧,True,True,False
7566146796859165973,https://www.tiktok.com/@MS4wLjABAAAAMPnpn3EKG8gfAcqX7d5udBoWXobxoz2ltAK86h-KWmiWW8FQpaasKuCVtgQOhoIi/video/7566146796859165973,2025-10-28,12,Tue,32,1795,15,10,5,3,1.84,Tr uii ta nói nó ngon#ancungtiktok😍 #fyp #lapxuongnuongda #xuhuong #d...,ancungtiktok fyp lapxuongnuongda xuhuong d,C u p i d O r i g i n a l,Someone,True,True,False
7565835378041670933,https://www.tiktok.com/@MS4wLjABAAAAMPnpn3EKG8gfAcqX7d5udBoWXobxoz2ltAK86h-KWmiWW8FQpaasKuCVtgQOhoIi/video/7565835378041670933,2025-10-27,16,Mon,32,42700,45,10,10,10,0.18,Giòn mê lun#ancungtiktok😍 #fyp #chuoisaymegung #xuhuong #doanvat  @ye...,ancungtiktok fyp chuoisaymegung xuhuong doanvat,original sound - doyan.makan7,ASMR🔥,True,True,True
7565763844132310292,https://www.tiktok.com/@MS4wLjABAAAAMPnpn3EKG8gfAcqX7d5udBoWXobxoz2ltAK86h-KWmiWW8FQpaasKuCVtgQOhoIi/video/7565763844132310292,2025-10-27,12,Mon,42,4369,12,4,8,3,0.62,lạp xưởng nướng đá#ancungtiktok😍 #fyp #lapxuongnuongda #xuhuong #doan...,ancungtiktok fyp lapxuongnuongda xuhuong doan,original sound - bubble_.babydoll,Bubble_babydoll🍰🍓,True,True,False
7565488377680694548,https://www.tiktok.com/@MS4wLjABAAAAMPnpn3EKG8gfAcqX7d5udBoWXobxoz2ltAK86h-KWmiWW8FQpaasKuCVtgQOhoIi/video/7565488377680694548,2025-10-26,18,Sun,34,253,6,3,2,3,5.53,bánh tráng nướng gà lá chanh#ancungtiktok😍 #fyp #bnahtrangnuonggalach...,ancungtiktok fyp bnahtrangnuonggalach,original sound - storecuaka,phanngockimanh,True,True,False
7565383841951665429,https://www.tiktok.com/@MS4wLjABAAAAMPnpn3EKG8gfAcqX7d5udBoWXobxoz2ltAK86h-KWmiWW8FQpaasKuCVtgQOhoIi/video/7565383841951665429,2025-10-26,11,Sun,38,1855,18,3,2,4,1.46,ngon nhaaaa#ancungtiktok😍 #fyp #snacksoitohong #xuhuong #doanvat  @ye...,ancungtiktok fyp snacksoitohong xuhuong doanvat,cute cafesounds,𝐂𝐲𝐛𝐞𝐥𝐥𝐚 ! 👩🏻‍🍳,True,True,False
7565156073905114388,https://www.tiktok.com/@MS4wLjABAAAAMPnpn3EKG8gfAcqX7d5udBoWXobxoz2ltAK86h-KWmiWW8FQpaasKuCVtgQOhoIi/video/7565156073905114388,2025-10-25,20,Sat,32,1599,5,2,1,1,0.56,giòn rumk giòn rụm lun ý#ancungtiktok😍 #fyp #baprangbo #xuhuong #doan...,ancungtiktok fyp baprangbo xuhuong doan,original sound - doyan.makan7,ASMR🔥,True,True,True
7565063146843540756,https://www.tiktok.com/@MS4wLjABAAAAMPnpn3EKG8gfAcqX7d5udBoWXobxoz2ltAK86h-KWmiWW8FQpaasKuCVtgQOhoIi/video/7565063146843540756,2025-10-25,14,Sat,34,9035,42,6,8,8,0.71,Nhiều ê hề lun á mấy nà#ancungtiktok😍 #fyp #keodeotraicay #xuhuong #d...,ancungtiktok fyp keodeotraicay xuhuong d,original sound - orderczbfe0,kateshop:),True,True,True
7564781526588771604,https://www.tiktok.com/@MS4wLjABAAAAMPnpn3EKG8gfAcqX7d5udBoWXobxoz2ltAK86h-KWmiWW8FQpaasKuCVtgQOhoIi/video/7564781526588771604,2025-10-24,20,Fri,36,8587,43,2,2,5,0.61,Đang có zá hời mấy bà hốt lẹ lẹ ná#ancungtiktok😍 #fyp #banhtrang#xuhu...,ancungtiktok fyp banhtrang xuhu,original sound - casitocaboca,Toca boca,True,True,True
7564728658733141269,https://www.tiktok.com/@MS4wLjABAAAAMPnpn3EKG8gfAcqX7d5udBoWXobxoz2ltAK86h-KWmiWW8FQpaasKuCVtgQOhoIi/video/7564728658733141269,2025-10-24,17,Fri,31,549,7,6,1,2,2.91,Bạn đã thử qua cái món này chưa nè#ancungtiktok😍 #fyp #nuichien #doan...,ancungtiktok fyp nuichien doan,original sound - bbrniy,⠀ 🥗🥪⠀𝓂ℯ𝒿𝒾ִ𓈒 🏖🥪 ୨୧ 𓈒,True,True,False
7564368916537937173,https://www.tiktok.com/@MS4wLjABAAAAMPnpn3EKG8gfAcqX7d5udBoWXobxoz2ltAK86h-KWmiWW8FQpaasKuCVtgQOhoIi/video/7564368916537937173,2025-10-23,17,Thu,33,215,6,11,1,3,9.77,ta nói nó chảy nước miếng lun#ancungtiktok😍 #fyp #chumruotsaymuoiot #...,ancungtiktok fyp chumruotsaymuoiot,original sound - antitrangkhanzone1,Anti Trang Khàn zone,True,True,False
7564271111370722580,https://www.tiktok.com/@MS4wLjABAAAAMPnpn3EKG8gfAcqX7d5udBoWXobxoz2ltAK86h-KWmiWW8FQpaasKuCVtgQOhoIi/video/7564271111370722580,2025-10-23,11,Thu,32,2297,28,6,4,9,2.05,kẹo sữa bò viên nén #ancungtiktok😍 #fyp #keosuabo🐮 #xuhuong #doanvat ...,ancungtiktok fyp keosuabo xuhuong doanvat,B U B B L E G U M,୨ rae. 🪽,True,True,False
7564014616943119636,https://www.tiktok.com/@MS4wLjABAAAAMPnpn3EKG8gfAcqX7d5udBoWXobxoz2ltAK86h-KWmiWW8FQpaasKuCVtgQOhoIi/video/7564014616943119636,2025-10-22,18,Wed,32,11900,87,8,15,18,1.08,Hốt lẹ đi mấy bà uii#ancungtiktok😍 #fyp #banhtrang#xuhuong #doanvat  ...,ancungtiktok fyp banhtrang xuhuong doanvat,bubblegum,dwyne,True,True,True
7563900009222081812,https://www.tiktok.com/@MS4wLjABAAAAMPnpn3EKG8gfAcqX7d5udBoWXobxoz2ltAK86h-KWmiWW8FQpaasKuCVtgQOhoIi/video/7563900009222081812,2025-10-22,11,Wed,34,16900,30,4,3,5,0.25,giòn rụm lun nè#ancungtiktok😍 #fyp #chuoisaymegung #xuhuong #doanvat ...,ancungtiktok fyp chuoisaymegung xuhuong doanvat,B U B B L E G U M,fxiry_jennie5_,True,True,True
7563669737129954580,https://www.tiktok.com/@MS4wLjABAAAAMPnpn3EKG8gfAcqX7d5udBoWXobxoz2ltAK86h-KWmiWW8FQpaasKuCVtgQOhoIi/video/7563669737129954580,2025-10-21,20,Tue,40,246,4,1,0,2,2.85,ngon lém nha#ancungtiktok😍 #fyp #thanhgaolutdinhduong #xuhuong #doanv...,ancungtiktok fyp thanhgaolutdinhduong xuhuong doanv,original sound - storecuaka,phanngockimanh,True,True,False
7563562283109059861,https://www.tiktok.com/@MS4wLjABAAAAMPnpn3EKG8gfAcqX7d5udBoWXobxoz2ltAK86h-KWmiWW8FQpaasKuCVtgQOhoIi/video/7563562283109059861,2025-10-21,13,Tue,35,198,4,0,3,1,4.04,nhìn nó đã chưa mấy bà uii#ancungtiktok😍 #fyp #xuhuong #chumruotsaymu...,ancungtiktok fyp xuhuong chumruotsaymu,original sound - orderczbfe0,kateshop:),True,True,False
7563267592178109716,https://www.tiktok.com/@MS4wLjABAAAAMPnpn3EKG8gfAcqX7d5udBoWXobxoz2ltAK86h-KWmiWW8FQpaasKuCVtgQOhoIi/video/7563267592178109716,2025-10-20,18,Mon,31,27600,164,10,19,22,0.78,kẹo dẻo nhà leofood mấy bà đã thử chưa#ancungtiktok😍 #fyp #xuhuong #k...,ancungtiktok fyp xuhuong k,original sound - nhamnhamjt,Một chiếc bụng đói,True,True,False
7563155115058744597,https://www.tiktok.com/@MS4wLjABAAAAMPnpn3EKG8gfAcqX7d5udBoWXobxoz2ltAK86h-KWmiWW8FQpaasKuCVtgQOhoIi/video/7563155115058744597,2025-10-20,11,Mon,34,783,7,2,1,2,1.53,thử đi kẻo nghiền đó#ancungtiktok😍 #fyp #phomaihunkhoi #xuhuong #doan...,ancungtiktok fyp phomaihunkhoi xuhuong doan,B U B B L E G U M,fxiry_jennie5_,True,True,False
7562935914851306773,https://www.tiktok.com/@MS4wLjABAAAAMPnpn3EKG8gfAcqX7d5udBoWXobxoz2ltAK86h-KWmiWW8FQpaasKuCVtgQOhoIi/video/7562935914851306773,2025-10-19,21,Sun,32,34300,120,4,8,19,0.44,nó ngon hơn ngoài quán nhìu lun á#ancungtiktok😍 #fyp #banhtrang#xuhuo...,ancungtiktok fyp banhtrang xuhuo,original sound - orderczbfe0,kateshop:),True,True,True
7562879346860412180,https://www.tiktok.com/@MS4wLjABAAAAMPnpn3EKG8gfAcqX7d5udBoWXobxoz2ltAK86h-KWmiWW8FQpaasKuCVtgQOhoIi/video/7562879346860412180,2025-10-19,17,Sun,39,2012,9,3,4,2,0.89,bánh quy bơ sữa tủi thơ#ancungtiktok😍#fyp #banhquybosua #xuhuong #doa...,ancungtiktok fyp banhquybosua xuhuong doa,original sound - manhioselite,Nguyễn Mạnh Soundcloud🍎,True,True,True
7562548212041665813,https://www.tiktok.com/@MS4wLjABAAAAMPnpn3EKG8gfAcqX7d5udBoWXobxoz2ltAK86h-KWmiWW8FQpaasKuCVtgQOhoIi/video/7562548212041665813,2025-10-18,20,Sat,31,2798,10,5,3,3,0.75,bánh liu trứng chảy ú nu lun nè#ancungtiktok😍 #fyp #banhliutrungchay ...,ancungtiktok fyp banhliutrungchay,original sound - orderczbfe0,kateshop:),True,True,True
7562417364285787412,https://www.tiktok.com/@MS4wLjABAAAAMPnpn3EKG8gfAcqX7d5udBoWXobxoz2ltAK86h-KWmiWW8FQpaasKuCVtgQOhoIi/video/7562417364285787412,2025-10-18,11,Sat,28,1997,9,2,0,3,0.7,Chảy nước miếng lun #ancungtiktok😍 #fyp #chumruotsaymuoiot #cocsaydeo...,ancungtiktok fyp chumruotsaymuoiot cocsaydeo,original sound - antitrangkhanzone1,Anti Trang Khàn zone,True,True,False
7562149564174585108,https://www.tiktok.com/@MS4wLjABAAAAMPnpn3EKG8gfAcqX7d5udBoWXobxoz2ltAK86h-KWmiWW8FQpaasKuCVtgQOhoIi/video/7562149564174585108,2025-10-17,18,Fri,34,535,7,3,1,3,2.62,thử đi nè mấy bà uii#ancungtiktok😍 #fyp #baprangbo #xuhuong #doanvat ...,ancungtiktok fyp baprangbo xuhuong doanvat,cafe sound by bokki,꒰.°ʙᴏᴋᴋɪ•sᴏᴜɴᴅ ˙ᵕ˙꒱,True,True,False
7562053341275016468,https://www.tiktok.com/@MS4wLjABAAAAMPnpn3EKG8gfAcqX7d5udBoWXobxoz2ltAK86h-KWmiWW8FQpaasKuCVtgQOhoIi/video/7562053341275016468,2025-10-17,12,Fri,33,649,3,4,2,1,1.54,siu ngon lun nè#ancungtiktok😍 #fyp #muoisalachanh #xuhuong #doanvat  ...,ancungtiktok fyp muoisalachanh xuhuong doanvat,cafe sound by bokki,꒰.°ʙᴏᴋᴋɪ•sᴏᴜɴᴅ ˙ᵕ˙꒱,True,True,False
7561709265644211477,https://www.tiktok.com/@MS4wLjABAAAAMPnpn3EKG8gfAcqX7d5udBoWXobxoz2ltAK86h-KWmiWW8FQpaasKuCVtgQOhoIi/video/7561709265644211477,2025-10-16,13,Thu,36,13900,20,4,7,4,0.25,thử đi nha mấy bà#ancungtiktok😍 #fyp #phomaihunkhoi #xuhuong #doanvat...,ancungtiktok fyp phomaihunkhoi xuhuong doanvat,original sound - heinaa._.mukbang,🥡𝙃𝙚𝙞𝙣𝙖૮ ˶ᵔ ᵕ ᵔ˶ ა🧁,True,True,True
7561452508846116116,https://www.tiktok.com/@MS4wLjABAAAAMPnpn3EKG8gfAcqX7d5udBoWXobxoz2ltAK86h-KWmiWW8FQpaasKuCVtgQOhoIi/video/7561452508846116116,2025-10-15,21,Wed,30,1072,8,3,4,4,1.77,chảy nước miếng lun nè#ancungtiktok😍 #fyp #chumruotsaymuoiot #cocsayd...,ancungtiktok fyp chumruotsaymuoiot cocsayd,original sound - bbrniy,⠀ 🥗🥪⠀𝓂ℯ𝒿𝒾ִ𓈒 🏖🥪 ୨୧ 𓈒,True,True,False
7561404604303281429,https://www.tiktok.com/@MS4wLjABAAAAMPnpn3EKG8gfAcqX7d5udBoWXobxoz2ltAK86h-KWmiWW8FQpaasKuCVtgQOhoIi/video/7561404604303281429,2025-10-15,18,Wed,36,458,8,5,5,3,4.59,bánh sữa chua nhà ambai nè#ancungtiktok😍 #fyp #banhsuachua #ambai #xu...,ancungtiktok fyp banhsuachua ambai xu,original sound - u.phng.toca,🧺✨️Đậu phộng toca🥜🫧,True,True,False
7561295662877330709,https://www.tiktok.com/@MS4wLjABAAAAMPnpn3EKG8gfAcqX7d5udBoWXobxoz2ltAK86h-KWmiWW8FQpaasKuCVtgQOhoIi/video/7561295662877330709,2025-10-15,11,Wed,30,4654,10,0,3,3,0.34,giòn rôm rốp lun nè#ancungtiktok😍 #fyp #chuoisaymegung #xuhuong #doan...,ancungtiktok fyp chuoisaymegung xuhuong doan,s o u n d s,՞ ܸ 𐔌 ༝ ⍺chel ៸ 🎀 𓈒,True,True,True
7561029423533739284,https://www.tiktok.com/@MS4wLjABAAAAMPnpn3EKG8gfAcqX7d5udBoWXobxoz2ltAK86h-KWmiWW8FQpaasKuCVtgQOhoIi/video/7561029423533739284,2025-10-14,17,Tue,33,249,4,1,1,1,2.81,snack giòn tan ăn nó cuốn lém nha#ancungtiktok😍 #fyp #nsack #xuhuong ...,ancungtiktok fyp nsack xuhuong,original sound - doyan.makan7,ASMR🔥,True,True,False
7560948421021011221,https://www.tiktok.com/@MS4wLjABAAAAMPnpn3EKG8gfAcqX7d5udBoWXobxoz2ltAK86h-KWmiWW8FQpaasKuCVtgQOhoIi/video/7560948421021011221,2025-10-14,12,Tue,36,6520,30,5,11,4,0.77,Trông nó đã chưa mấy nà#ancungtiktok😍 #fyp #chumruotsaymuoiot #cocsay...,ancungtiktok fyp chumruotsaymuoiot cocsay,original sound - u.phng.toca,🧺✨️Đậu phộng toca🥜🫧,True,True,False
7560678975539170581,https://www.tiktok.com/@MS4wLjABAAAAMPnpn3EKG8gfAcqX7d5udBoWXobxoz2ltAK86h-KWmiWW8FQpaasKuCVtgQOhoIi/video/7560678975539170581,2025-10-13,19,Mon,35,3877,24,8,3,4,1.01,ngon lắm lun #ancungtiktok😍 #fyp #chumruotsaymuoiot #cocsaydeo #xuhuo...,ancungtiktok fyp chumruotsaymuoiot cocsaydeo xuhuo,B U B B L E G U M,fxiry_jennie5_,True,True,False
7560554895527431444,https://www.tiktok.com/@MS4wLjABAAAAMPnpn3EKG8gfAcqX7d5udBoWXobxoz2ltAK86h-KWmiWW8FQpaasKuCVtgQOhoIi/video/7560554895527431444,2025-10-13,11,Mon,33,2395,20,3,3,2,1.17,thơm lém lun ý#ancungtiktok😍 #fyp #keosuabo🐮 #xuhuong #doanvat  @yen_...,ancungtiktok fyp keosuabo xuhuong doanvat,s o u n d s,՞ ܸ 𐔌 ༝ ⍺chel ៸ 🎀 𓈒,True,True,False
7560321977475468564,https://www.tiktok.com/@MS4wLjABAAAAMPnpn3EKG8gfAcqX7d5udBoWXobxoz2ltAK86h-KWmiWW8FQpaasKuCVtgQOhoIi/video/7560321977475468564,2025-10-12,20,Sun,31,2023,11,6,4,2,1.14,thử lẹ đi nè mí bà#ancungtiktok😍#fyp #snack#xuhuong #doanvat  @yen_do...,ancungtiktok fyp snack xuhuong doanvat,original sound - doyan.makan7,ASMR🔥,True,True,False
7560188421231086868,https://www.tiktok.com/@MS4wLjABAAAAMPnpn3EKG8gfAcqX7d5udBoWXobxoz2ltAK86h-KWmiWW8FQpaasKuCVtgQOhoIi/video/7560188421231086868,2025-10-12,11,Sun,28,194,5,2,1,3,5.67,xinh quá đi mí bà#ancungtiktok😍 #fyp #chaucaydecor #xuhuong #chaucaym...,ancungtiktok fyp chaucaydecor xuhuong chaucaym,lạc vào trong mơ speed songs by wipwpoo,wp,True,True,False
7559932140104879381,https://www.tiktok.com/@MS4wLjABAAAAMPnpn3EKG8gfAcqX7d5udBoWXobxoz2ltAK86h-KWmiWW8FQpaasKuCVtgQOhoIi/video/7559932140104879381,2025-10-11,18,Sat,37,178,7,4,2,1,7.87,Nui chiên bơ giòn mắm tỏi tuổi thơ#ancungtiktok😍 #fyp #nuichiengion #...,ancungtiktok fyp nuichiengion,original sound - doyan.makan7,ASMR🔥,True,True,False
7559883945211415828,https://www.tiktok.com/@MS4wLjABAAAAMPnpn3EKG8gfAcqX7d5udBoWXobxoz2ltAK86h-KWmiWW8FQpaasKuCVtgQOhoIi/video/7559883945211415828,2025-10-11,15,Sat,31,182,3,0,1,1,2.75,nên thử đi nè mí bà#ancungtiktok😍 #fyp #thitheochayong9 #xuhuong #doa...,ancungtiktok fyp thitheochayong9 xuhuong doa,original sound - _kiasatin4,saa-𖹭.ᐟ,True,True,False
7559527980125408533,https://www.tiktok.com/@MS4wLjABAAAAMPnpn3EKG8gfAcqX7d5udBoWXobxoz2ltAK86h-KWmiWW8FQpaasKuCVtgQOhoIi/video/7559527980125408533,2025-10-10,16,Fri,31,108900,129,3,24,20,0.16,"Giòn tan lun ý, thử ngay đi nào#ancungtiktok😍 #fyp #chuoisaymegung #x...",ancungtiktok fyp chuoisaymegung x,original sound - doyan.makan7,ASMR🔥,True,True,True
7559438617219697941,https://www.tiktok.com/@MS4wLjABAAAAMPnpn3EKG8gfAcqX7d5udBoWXobxoz2ltAK86h-KWmiWW8FQpaasKuCVtgQOhoIi/video/7559438617219697941,2025-10-10,11,Fri,44,340,10,9,5,5,8.53,thịt hộp hot hit nè#ancungtiktok😍 #fyp #thithop #thithopdonggoi #xuhu...,ancungtiktok fyp thithop thithopdonggoi xuhu,B U B B L E G U M,୨ rae. 🪽,True,True,False
7559166816417893653,https://www.tiktok.com/@MS4wLjABAAAAMPnpn3EKG8gfAcqX7d5udBoWXobxoz2ltAK86h-KWmiWW8FQpaasKuCVtgQOhoIi/video/7559166816417893653,2025-10-09,17,Thu,36,871,15,3,3,4,2.87,chưa ăn đã thấy giòn rui ý#ancungtiktok😍 #fyp #chuoisaymegung #xuhuon...,ancungtiktok fyp chuoisaymegung xuhuon,original sound - u.phng.toca,🧺✨️Đậu phộng toca🥜🫧,True,True,False
7559113649600646420,https://www.tiktok.com/@MS4wLjABAAAAMPnpn3EKG8gfAcqX7d5udBoWXobxoz2ltAK86h-KWmiWW8FQpaasKuCVtgQOhoIi/video/7559113649600646420,2025-10-09,14,Thu,38,2367,9,8,1,2,0.84,Ngon bá cháy lun nè mí ơi#ancungtiktok😍 #fyp #muoiotlachanh #xuhuong ...,ancungtiktok fyp muoiotlachanh xuhuong,B U B B L E G U M,୨ rae. 🪽,True,True,False
7558790446101613844,https://www.tiktok.com/@MS4wLjABAAAAMPnpn3EKG8gfAcqX7d5udBoWXobxoz2ltAK86h-KWmiWW8FQpaasKuCVtgQOhoIi/video/7558790446101613844,2025-10-08,17,Wed,40,1507,6,6,1,2,1.0,Thử lẹ đi mấy bà uii#ancungtiktok😍 #fyp #muoiotlachanh #xuhuong #doan...,ancungtiktok fyp muoiotlachanh xuhuong doan,mamaboyspedup,𖤐⭒๋࣭ ⭑ʀɪɴ,True,True,False
7558717585236217105,https://www.tiktok.com/@MS4wLjABAAAAMPnpn3EKG8gfAcqX7d5udBoWXobxoz2ltAK86h-KWmiWW8FQpaasKuCVtgQOhoIi/video/7558717585236217105,2025-10-08,12,Wed,34,1487,4,2,1,1,0.54,Nhìn mê chưa nừ hicc#ancungtiktok😍 #fyp #banhliutrungchay #xuhuong #d...,ancungtiktok fyp banhliutrungchay xuhuong d,bubblegum,dwyne,True,True,False
7558483833302142226,https://www.tiktok.com/@MS4wLjABAAAAMPnpn3EKG8gfAcqX7d5udBoWXobxoz2ltAK86h-KWmiWW8FQpaasKuCVtgQOhoIi/video/7558483833302142226,2025-10-07,21,Tue,30,773,5,0,0,2,0.91,khô bò miếng mềm nè#ancungtiktok😍 #fyp #khobomieng #xuhuong #doanvat ...,ancungtiktok fyp khobomieng xuhuong doanvat,original sound - lilymukbangidols,Lilly🥧🧃,True,True,False
7558410037568326933,https://www.tiktok.com/@MS4wLjABAAAAMPnpn3EKG8gfAcqX7d5udBoWXobxoz2ltAK86h-KWmiWW8FQpaasKuCVtgQOhoIi/video/7558410037568326933,2025-10-07,16,Tue,29,9880,59,8,7,8,0.83,Nó ngon lém mấy bà uii#ancungtiktok😍 #fyp #keosuabo🐮 #xuhuong #doanva...,ancungtiktok fyp keosuabo xuhuong doanva,original sound - antitrangkhanzone1,Anti Trang Khàn zone,True,True,False
7558316194210663701,https://www.tiktok.com/@MS4wLjABAAAAMPnpn3EKG8gfAcqX7d5udBoWXobxoz2ltAK86h-KWmiWW8FQpaasKuCVtgQOhoIi/video/7558316194210663701,2025-10-07,10,Tue,34,1903,12,8,3,4,1.42,chấm trái cây nó ngon nhức lách#ancungtiktok😍 #fyp #muoiotlachanh #xu...,ancungtiktok fyp muoiotlachanh xu,original sound - u.phng.toca,🧺✨️Đậu phộng toca🥜🫧,True,True,False
7558038864527412496,https://www.tiktok.com/@MS4wLjABAAAAMPnpn3EKG8gfAcqX7d5udBoWXobxoz2ltAK86h-KWmiWW8FQpaasKuCVtgQOhoIi/video/7558038864527412496,2025-10-06,16,Mon,34,882,13,3,2,4,2.49,snack tá lả nha#ancungtiktok😍 #fyp #snacktala #xuhuong #doanvat  @yen...,ancungtiktok fyp snacktala xuhuong doanvat,original sound - nhamnhamjt,Một chiếc bụng đói,True,True,False
7557963284494830855,https://www.tiktok.com/@MS4wLjABAAAAMPnpn3EKG8gfAcqX7d5udBoWXobxoz2ltAK86h-KWmiWW8FQpaasKuCVtgQOhoIi/video/7557963284494830855,2025-10-06,11,Mon,38,6051,13,4,2,3,0.36,Mấy bà thử qua chưa nè#ancungtiktok😍 #fyp #banhliutrungchay #xuhuong ...,ancungtiktok fyp banhliutrungchay xuhuong,C u p i d O r i g i n a l,Someone,True,True,True
7557732867598470421,https://www.tiktok.com/@MS4wLjABAAAAMPnpn3EKG8gfAcqX7d5udBoWXobxoz2ltAK86h-KWmiWW8FQpaasKuCVtgQOhoIi/video/7557732867598470421,2025-10-05,20,Sun,36,1235,8,3,2,3,1.3,ngon lém#ancungtiktok😍 #fyp #banhgaunhankem #pupu #xuhuong  @yen_doan...,ancungtiktok fyp banhgaunhankem pupu xuhuong,original sound - _kiasatin4,saa-𖹭.ᐟ,True,True,False
7557680860212907284,https://www.tiktok.com/@MS4wLjABAAAAMPnpn3EKG8gfAcqX7d5udBoWXobxoz2ltAK86h-KWmiWW8FQpaasKuCVtgQOhoIi/video/7557680860212907284,2025-10-05,17,Sun,30,331,9,2,4,6,6.34,Mê lém luôn#ancungtiktok😍 #fyp #banhtrang #xuhuong #doanvat  @yen_doa...,ancungtiktok fyp banhtrang xuhuong doanvat,original sound - u.phng.toca,🧺✨️Đậu phộng toca🥜🫧,True,True,False
7557602256443444501,https://www.tiktok.com/@MS4wLjABAAAAMPnpn3EKG8gfAcqX7d5udBoWXobxoz2ltAK86h-KWmiWW8FQpaasKuCVtgQOhoIi/video/7557602256443444501,2025-10-05,12,Sun,44,6434,18,2,4,1,0.39,Bánh tráng trộn#ancungtiktok😍 #fyp #banhtrangtron #xuhuong #doanvat  ...,ancungtiktok fyp banhtrangtron xuhuong doanvat,original sound - ilovecakeuu0,ೄྀ 𝖠𝗋ɑɑ ρ𝗈𝗏༻💐💤,True,True,True
7557364485564960021,https://www.tiktok.com/@MS4wLjABAAAAMPnpn3EKG8gfAcqX7d5udBoWXobxoz2ltAK86h-KWmiWW8FQpaasKuCVtgQOhoIi/video/7557364485564960021,2025-10-04,20,Sat,33,484,6,4,1,2,2.69,cay tái đé lun#ancungtiktok😍 #fyp #banhtrangxikesieucay #xuhuong #doa...,ancungtiktok fyp banhtrangxikesieucay xuhuong doa,original sound - heinaa._.mukbang,🥡𝙃𝙚𝙞𝙣𝙖૮ ˶ᵔ ᵕ ᵔ˶ ა🧁,True,True,False
7557302301585689864,https://www.tiktok.com/@MS4wLjABAAAAMPnpn3EKG8gfAcqX7d5udBoWXobxoz2ltAK86h-KWmiWW8FQpaasKuCVtgQOhoIi/video/7557302301585689864,2025-10-04,16,Sat,32,1847,4,2,0,1,0.38,Thử lẹ đi mấy bà#ancungtiktok😍 #fyp #snack#xuhuong #doanvat  @yen_doa...,ancungtiktok fyp snack xuhuong doanvat,original sound - u.phng.toca,🧺✨️Đậu phộng toca🥜🫧,True,True,False
7557208491891494162,https://www.tiktok.com/@MS4wLjABAAAAMPnpn3EKG8gfAcqX7d5udBoWXobxoz2ltAK86h-KWmiWW8FQpaasKuCVtgQOhoIi/video/7557208491891494162,2025-10-04,10,Sat,36,748,7,2,1,3,1.74,ngon lắm lun ý#ancungtiktok😍 #fyp #khoailangsaydeo #xuhuong #doanvat ...,ancungtiktok fyp khoailangsaydeo xuhuong doanvat,original sound - heinaa._.mukbang,🥡𝙃𝙚𝙞𝙣𝙖૮ ˶ᵔ ᵕ ᵔ˶ ა🧁,True,True,False
7556935292687518993,https://www.tiktok.com/@MS4wLjABAAAAMPnpn3EKG8gfAcqX7d5udBoWXobxoz2ltAK86h-KWmiWW8FQpaasKuCVtgQOhoIi/video/7556935292687518993,2025-10-03,17,Fri,42,169,2,0,0,2,2.37,thử ngay đi nha#ancungtiktok😍 #fyp #chocomelt #banhtrungthulava #xuhu...,ancungtiktok fyp chocomelt banhtrungthulava xuhu,春节喜庆元旦过年热闹,苏政,False,True,False
7556846494884711687,https://www.tiktok.com/@MS4wLjABAAAAMPnpn3EKG8gfAcqX7d5udBoWXobxoz2ltAK86h-KWmiWW8FQpaasKuCVtgQOhoIi/video/7556846494884711687,2025-10-03,11,Fri,39,757,13,6,5,5,3.83,Ai thèm ăn lạp xưởng thì vô đây nha#ancungtiktok😍 #fyp #lapxuongnuong...,ancungtiktok fyp lapxuongnuong,original sound - heinaa._.mukbang,🥡𝙃𝙚𝙞𝙣𝙖૮ ˶ᵔ ᵕ ᵔ˶ ა🧁,True,True,False
7556565791768874258,https://www.tiktok.com/@MS4wLjABAAAAMPnpn3EKG8gfAcqX7d5udBoWXobxoz2ltAK86h-KWmiWW8FQpaasKuCVtgQOhoIi/video/7556565791768874258,2025-10-02,17,Thu,39,856,9,4,3,3,2.22,ngon lém nha#ancungtiktok😍 #fyp #banhbonglantamgiacmixvi #xuhuong #do...,ancungtiktok fyp banhbonglantamgiacmixvi xuhuong do,original sound - heinaa._.mukbang,🥡𝙃𝙚𝙞𝙣𝙖૮ ˶ᵔ ᵕ ᵔ˶ ა🧁,True,True,False
7556475303145622801,https://www.tiktok.com/@MS4wLjABAAAAMPnpn3EKG8gfAcqX7d5udBoWXobxoz2ltAK86h-KWmiWW8FQpaasKuCVtgQOhoIi/video/7556475303145622801,2025-10-02,11,Thu,39,1480,9,4,2,4,1.28,Đang sà lé nè mí bà#ancungtiktok😍 #fyp #nack #xuhuong #doanvat  @yen_...,ancungtiktok fyp nack xuhuong doanvat,original sound - u.phng.toca,🧺✨️Đậu phộng toca🥜🫧,True,True,False
7556188465633709332,https://www.tiktok.com/@MS4wLjABAAAAMPnpn3EKG8gfAcqX7d5udBoWXobxoz2ltAK86h-KWmiWW8FQpaasKuCVtgQOhoIi/video/7556188465633709332,2025-10-01,16,Wed,32,1301,11,7,2,5,1.92,"Ăn giòn rụm, đã lắm lun#ancungtiktok😍 #fyp #topmorimmamtoi #xuhuong #...",ancungtiktok fyp topmorimmamtoi xuhuong,C u p i d O r i g i n a l,Someone,True,True,False
7556117885941304597,https://www.tiktok.com/@MS4wLjABAAAAMPnpn3EKG8gfAcqX7d5udBoWXobxoz2ltAK86h-KWmiWW8FQpaasKuCVtgQOhoIi/video/7556117885941304597,2025-10-01,12,Wed,33,150,6,2,2,3,8.67,thơm mát lắm lun#ancungtiktok😍 #fyp #keothommieng #xuhuong #doanvat  ...,ancungtiktok fyp keothommieng xuhuong doanvat,,,False,True,False
7555895981200428309,https://www.tiktok.com/@MS4wLjABAAAAMPnpn3EKG8gfAcqX7d5udBoWXobxoz2ltAK86h-KWmiWW8FQpaasKuCVtgQOhoIi/video/7555895981200428309,2025-09-30,21,Tue,35,2484,11,8,2,3,0.97,Mlem quá đi ý#ancungtiktok😍 #fyp #nack #xuhuong #doanvat  @yen_doanva...,ancungtiktok fyp nack xuhuong doanvat,original sound - thisismohon,This is Mỏ Hỗn,True,True,False
7555823927495363841,https://www.tiktok.com/@MS4wLjABAAAAMPnpn3EKG8gfAcqX7d5udBoWXobxoz2ltAK86h-KWmiWW8FQpaasKuCVtgQOhoIi/video/7555823927495363841,2025-09-30,17,Tue,35,2320,20,8,3,4,1.51,nhăm nhăm#ancungtiktok😍 #fyp #banhliutrungchay #xuhuong #doanvat  @ye...,ancungtiktok fyp banhliutrungchay xuhuong doanvat,original sound - nini.analog,𐙚 ₊ ⊹ prandini,True,True,False
7555723034968067348,https://www.tiktok.com/@MS4wLjABAAAAMPnpn3EKG8gfAcqX7d5udBoWXobxoz2ltAK86h-KWmiWW8FQpaasKuCVtgQOhoIi/video/7555723034968067348,2025-09-30,10,Tue,41,549,9,8,1,5,4.19,Hời lém nè mí bà#ancungtiktok😍 #fyp #banhtrangcatsky #xuhuong #doanva...,ancungtiktok fyp banhtrangcatsky xuhuong doanva,C u p i d O r i g i n a l,Someone,True,True,False
7555500275470060818,https://www.tiktok.com/@MS4wLjABAAAAMPnpn3EKG8gfAcqX7d5udBoWXobxoz2ltAK86h-KWmiWW8FQpaasKuCVtgQOhoIi/video/7555500275470060818,2025-09-29,20,Mon,47,1007,5,2,2,1,0.99,Thử liền thử liền nha#ancungtiktok😍 #fyp #bunochoangquan #bunoclieuch...,ancungtiktok fyp bunochoangquan bunoclieuch,Titibok tibok,୨ .ᐟ ⨍𝚛ᥲ𝕟ᥴ౿ડ ⑅ 🩰 ଓ,True,True,False
7555442081179749653,https://www.tiktok.com/@MS4wLjABAAAAMPnpn3EKG8gfAcqX7d5udBoWXobxoz2ltAK86h-KWmiWW8FQpaasKuCVtgQOhoIi/video/7555442081179749653,2025-09-29,16,Mon,33,11200,48,4,8,4,0.57,Hốt để thử đi mất bà#ancungtiktok😍 #fyp #nack #doanvat #xuhuong  @yen...,ancungtiktok fyp nack doanvat xuhuong,original sound - yen_doanvathot,Yến Review🍔,True,True,False
7555357379898969365,https://www.tiktok.com/@MS4wLjABAAAAMPnpn3EKG8gfAcqX7d5udBoWXobxoz2ltAK86h-KWmiWW8FQpaasKuCVtgQOhoIi/video/7555357379898969365,2025-09-29,11,Mon,41,316,7,3,3,3,5.06,ngon ngon ngon#ancungtiktok😍 #fyp #xuhuong #thanhcua #doanvat  @yen_d...,ancungtiktok fyp xuhuong thanhcua doanvat,original sound - u.phng.toca,🧺✨️Đậu phộng toca🥜🫧,True,True,False
7555050114285391124,https://www.tiktok.com/@MS4wLjABAAAAMPnpn3EKG8gfAcqX7d5udBoWXobxoz2ltAK86h-KWmiWW8FQpaasKuCVtgQOhoIi/video/7555050114285391124,2025-09-28,15,Sun,37,1978,11,7,1,3,1.11,Giòn rụm lun má ơi#ancungtiktok😍 #fyp #xuhuong #nack #doanvat  @yen_d...,ancungtiktok fyp xuhuong nack doanvat,original sound - doyan.makan7,ASMR🔥,True,True,False
7554983874766458133,https://www.tiktok.com/@MS4wLjABAAAAMPnpn3EKG8gfAcqX7d5udBoWXobxoz2ltAK86h-KWmiWW8FQpaasKuCVtgQOhoIi/video/7554983874766458133,2025-09-28,10,Sun,37,521,9,6,1,3,3.65,Nó ngon quá trời#ancungtiktok😍 #fyp #xuhuong #banhbonglankem #doanvat...,ancungtiktok fyp xuhuong banhbonglankem doanvat,bubblegum,dwyne,True,True,False
7554753956258368785,https://www.tiktok.com/@MS4wLjABAAAAMPnpn3EKG8gfAcqX7d5udBoWXobxoz2ltAK86h-KWmiWW8FQpaasKuCVtgQOhoIi/video/7554753956258368785,2025-09-27,20,Sat,39,696,6,5,1,5,2.44,hốt lẹ hốt lẹ#ancungtiktok😍 #fyp #xuhuong #banhtrungthulamthuy #doanv...,ancungtiktok fyp xuhuong banhtrungthulamthuy doanv,original sound - dicungt98s,𝐜𝐡𝐢𝐥𝐥 𝐰𝐢𝐭𝐡 𝐭𝟗𝟖'𝐬,True,True,False
7554666580404079892,https://www.tiktok.com/@MS4wLjABAAAAMPnpn3EKG8gfAcqX7d5udBoWXobxoz2ltAK86h-KWmiWW8FQpaasKuCVtgQOhoIi/video/7554666580404079892,2025-09-27,14,Sat,41,833,8,3,1,2,1.68,Siuu cay nma ngon nha#ancungtiktok😍 #fyp #xuhuong #banhtrangxikesieuc...,ancungtiktok fyp xuhuong banhtrangxikesieuc,a d o p t m e n i g h t t h e m e,⊹ ⸱ ࣭ ⸱ 🖨 ꒱ ꪶu⍺ ៹ ⌗ 𖣠,True,True,False
7554592102454218004,https://www.tiktok.com/@MS4wLjABAAAAMPnpn3EKG8gfAcqX7d5udBoWXobxoz2ltAK86h-KWmiWW8FQpaasKuCVtgQOhoIi/video/7554592102454218004,2025-09-27,9,Sat,36,153,13,8,2,8,20.26,ta nói nó ngonn#ancungtiktok😍 #fyp #xuhuong #muccantamgiavi #doanvat ...,ancungtiktok fyp xuhuong muccantamgiavi doanvat,original sound - u.phng.toca,🧺✨️Đậu phộng toca🥜🫧,True,True,False
7554334562013203713,https://www.tiktok.com/@MS4wLjABAAAAMPnpn3EKG8gfAcqX7d5udBoWXobxoz2ltAK86h-KWmiWW8FQpaasKuCVtgQOhoIi/video/7554334562013203713,2025-09-26,16,Fri,36,679,12,8,1,4,3.68,giòn tan lun#ancungtiktok😍 #fyp #xuhuong #nack #doanvat  @yen_doanvat...,ancungtiktok fyp xuhuong nack doanvat,original sound - antitrangkhanzone1,Anti Trang Khàn zone,True,True,False
7554253931409378568,https://www.tiktok.com/@MS4wLjABAAAAMPnpn3EKG8gfAcqX7d5udBoWXobxoz2ltAK86h-KWmiWW8FQpaasKuCVtgQOhoIi/video/7554253931409378568,2025-09-26,11,Fri,36,2311,11,2,2,1,0.69,nó thơm nó ngon lắm nè#ancungtiktok😍 #fyp #xuhuong #banhliutrungchay ...,ancungtiktok fyp xuhuong banhliutrungchay,bubblegum,dwyne,True,True,False
7553979599034649876,https://www.tiktok.com/@MS4wLjABAAAAMPnpn3EKG8gfAcqX7d5udBoWXobxoz2ltAK86h-KWmiWW8FQpaasKuCVtgQOhoIi/video/7553979599034649876,2025-09-25,17,Thu,43,742,9,5,2,3,2.56,Ui ta nói nó ngon#ancungtiktok😍 #fyp #xuhuong #banhtrungthulamthuy #d...,ancungtiktok fyp xuhuong banhtrungthulamthuy d,original sound - dicungt98s,𝐜𝐡𝐢𝐥𝐥 𝐰𝐢𝐭𝐡 𝐭𝟗𝟖'𝐬,True,True,False
7553875260836220181,https://www.tiktok.com/@MS4wLjABAAAAMPnpn3EKG8gfAcqX7d5udBoWXobxoz2ltAK86h-KWmiWW8FQpaasKuCVtgQOhoIi/video/7553875260836220181,2025-09-25,11,Thu,32,13000,40,8,10,8,0.51,bim him đậu xanh#ancungtiktok😍 #fyp #xuhuong #bimbimdauxanh #doanvat ...,ancungtiktok fyp xuhuong bimbimdauxanh doanvat,original sound - heinaa._.mukbang,🥡𝙃𝙚𝙞𝙣𝙖૮ ˶ᵔ ᵕ ᵔ˶ ა🧁,True,True,True
7553597978892717332,https://www.tiktok.com/@MS4wLjABAAAAMPnpn3EKG8gfAcqX7d5udBoWXobxoz2ltAK86h-KWmiWW8FQpaasKuCVtgQOhoIi/video/7553597978892717332,2025-09-24,17,Wed,31,728,5,1,0,1,0.96,Ta mói nó ngon #ancungtiktok😍 #fyp #xuhuong #banhtrangxeki #doanvat  ...,ancungtiktok fyp xuhuong banhtrangxeki doanvat,original sound - toxca..chloe0,𖦁ׅ ࣪ chloe ៵🎄 ࣪ ִֶָ ⋆,True,True,False
7553472939631316245,https://www.tiktok.com/@MS4wLjABAAAAMPnpn3EKG8gfAcqX7d5udBoWXobxoz2ltAK86h-KWmiWW8FQpaasKuCVtgQOhoIi/video/7553472939631316245,2025-09-24,9,Wed,40,2173,9,4,1,4,0.83,ta nói nó ngon #ancungtiktok😍 #fyp #xuhuong #banhtrangtron #doanvat  ...,ancungtiktok fyp xuhuong banhtrangtron doanvat,original sound - kyissha_,kyissha_,True,True,False
7553213696776883477,https://www.tiktok.com/@MS4wLjABAAAAMPnpn3EKG8gfAcqX7d5udBoWXobxoz2ltAK86h-KWmiWW8FQpaasKuCVtgQOhoIi/video/7553213696776883477,2025-09-23,16,Tue,33,1624,15,8,2,4,1.79,giòn tan trong miệng lun#ancungtiktok😍#fyp #xuhuong #snack #doanvat  ...,ancungtiktok fyp xuhuong snack doanvat,original sound - yen_doanvathot,Yến Review🍔,True,True,False
7553134664555253013,https://www.tiktok.com/@MS4wLjABAAAAMPnpn3EKG8gfAcqX7d5udBoWXobxoz2ltAK86h-KWmiWW8FQpaasKuCVtgQOhoIi/video/7553134664555253013,2025-09-23,11,Tue,33,1273,13,5,2,5,1.96,Chính ẻm chính ẻm#ancungtiktok😍 #xuhuong #fyp #keocoffeecandy #doanva...,ancungtiktok xuhuong fyp keocoffeecandy doanva,original sound - bbrniy,⠀ 🥗🥪⠀𝓂ℯ𝒿𝒾ִ𓈒 🏖🥪 ୨୧ 𓈒,True,True,False
7552910728823328020,https://www.tiktok.com/@MS4wLjABAAAAMPnpn3EKG8gfAcqX7d5udBoWXobxoz2ltAK86h-KWmiWW8FQpaasKuCVtgQOhoIi/video/7552910728823328020,2025-09-22,20,Mon,29,561,4,0,3,2,1.6,ngon đin luôn#ancungtiktok😍 #xuhuong #fyp#banhtrang #doanvat  @yen_do...,ancungtiktok xuhuong fyp banhtrang doanvat,B U B B L E G U M,fxiry_jennie5_,True,True,False
7552848438690336007,https://www.tiktok.com/@MS4wLjABAAAAMPnpn3EKG8gfAcqX7d5udBoWXobxoz2ltAK86h-KWmiWW8FQpaasKuCVtgQOhoIi/video/7552848438690336007,2025-09-22,16,Mon,40,146,6,2,1,1,6.85,Mê chưa nè#ancungtiktok😍 #xuhuong #fyp #banhocquesocola #doanvat  @ye...,ancungtiktok xuhuong fyp banhocquesocola doanvat,cute cafesounds,𝐂𝐲𝐛𝐞𝐥𝐥𝐚 ! 👩🏻‍🍳,True,True,False
7552766474004335893,https://www.tiktok.com/@MS4wLjABAAAAMPnpn3EKG8gfAcqX7d5udBoWXobxoz2ltAK86h-KWmiWW8FQpaasKuCVtgQOhoIi/video/7552766474004335893,2025-09-22,11,Mon,39,251,9,10,1,5,9.96,Bánh quẩy waffle kepj#ancungtiktok😍 #xuhuong #fyp #banhquaywaffle #do...,ancungtiktok xuhuong fyp banhquaywaffle do,original sound - nhamnhamjt,Một chiếc bụng đói,True,True,False
7552533635459599636,https://www.tiktok.com/@MS4wLjABAAAAMPnpn3EKG8gfAcqX7d5udBoWXobxoz2ltAK86h-KWmiWW8FQpaasKuCVtgQOhoIi/video/7552533635459599636,2025-09-21,20,Sun,38,529,10,9,6,6,5.86,Nó ngonnn#ancungtiktok😍 #xuhuong #fyp #changabatuyet #doanvat  @yen_d...,ancungtiktok xuhuong fyp changabatuyet doanvat,B U B B L E G U M,୨ rae. 🪽,True,True,False
7552471987130518804,https://www.tiktok.com/@MS4wLjABAAAAMPnpn3EKG8gfAcqX7d5udBoWXobxoz2ltAK86h-KWmiWW8FQpaasKuCVtgQOhoIi/video/7552471987130518804,2025-09-21,16,Sun,35,3553,20,11,7,3,1.15,thử ngay nha#ancungtiktok😍 #xuhuong #fyp #khobomieng #doanvat  @yen_d...,ancungtiktok xuhuong fyp khobomieng doanvat,G o o d p a r t s,Someone,True,True,False
7552395723325771026,https://www.tiktok.com/@MS4wLjABAAAAMPnpn3EKG8gfAcqX7d5udBoWXobxoz2ltAK86h-KWmiWW8FQpaasKuCVtgQOhoIi/video/7552395723325771026,2025-09-21,11,Sun,42,227,4,3,2,2,4.85,Bánh trứng nhân kem nè#ancungtiktok😍 #xuhuong #fyp #banhtrungotto #do...,ancungtiktok xuhuong fyp banhtrungotto do,original sound - heinaa._.mukbang,🥡𝙃𝙚𝙞𝙣𝙖૮ ˶ᵔ ᵕ ᵔ˶ ა🧁,True,True,False
7552104685117721877,https://www.tiktok.com/@MS4wLjABAAAAMPnpn3EKG8gfAcqX7d5udBoWXobxoz2ltAK86h-KWmiWW8FQpaasKuCVtgQOhoIi/video/7552104685117721877,2025-09-20,16,Sat,40,574,5,1,2,1,1.57,Thử đi mấy bà ui#ancungtiktok😍 #xuhuong #fyp #banhtrungthulamthuy #do...,ancungtiktok xuhuong fyp banhtrungthulamthuy do,original sound - nghenhacngaydem.9x,nghe nhạc ngày đêm 🌘,True,True,False
7552040573641723154,https://www.tiktok.com/@MS4wLjABAAAAMPnpn3EKG8gfAcqX7d5udBoWXobxoz2ltAK86h-KWmiWW8FQpaasKuCVtgQOhoIi/video/7552040573641723154,2025-09-20,12,Sat,48,1184,9,5,4,3,1.77,Hốt lẹ kẻo hết nè#ancungtiktok😍 #xuhuong #fyp #anvaythuanphong #bimim...,ancungtiktok xuhuong fyp anvaythuanphong bimim,Titibok tibok,୨ .ᐟ ⨍𝚛ᥲ𝕟ᥴ౿ડ ⑅ 🩰 ଓ,True,True,False
7551742627805203732,https://www.tiktok.com/@MS4wLjABAAAAMPnpn3EKG8gfAcqX7d5udBoWXobxoz2ltAK86h-KWmiWW8FQpaasKuCVtgQOhoIi/video/7551742627805203732,2025-09-19,17,Fri,32,1782,9,9,2,4,1.35,Giòn rụm lun#ancungtiktok😍 #xuhuong #fyp #snack #doanvat  @yen_doanva...,ancungtiktok xuhuong fyp snack doanvat,original sound - doyan.makan7,ASMR🔥,True,True,False
7551638326193753364,https://www.tiktok.com/@MS4wLjABAAAAMPnpn3EKG8gfAcqX7d5udBoWXobxoz2ltAK86h-KWmiWW8FQpaasKuCVtgQOhoIi/video/7551638326193753364,2025-09-19,10,Fri,40,658,11,8,3,7,4.41,Cơm cháy giòn rụm#ancungtiktok😍 #xuhuong #fyp #comchaychabong #doanva...,ancungtiktok xuhuong fyp comchaychabong doanva,original sound - nini.analog,𐙚 ₊ ⊹ prandini,True,True,False
7551441627022118145,https://www.tiktok.com/@MS4wLjABAAAAMPnpn3EKG8gfAcqX7d5udBoWXobxoz2ltAK86h-KWmiWW8FQpaasKuCVtgQOhoIi/video/7551441627022118145,2025-09-18,21,Thu,37,993,14,4,3,5,2.62,ngon đin lun#ancungtiktok😍 #xuhuong #fyp #banhtrang #doanvat  @yen_do...,ancungtiktok xuhuong fyp banhtrang doanvat,original sound - ilovecakeuu0,ೄྀ 𝖠𝗋ɑɑ ρ𝗈𝗏༻💐💤,True,True,False
7551381917828943121,https://www.tiktok.com/@MS4wLjABAAAAMPnpn3EKG8gfAcqX7d5udBoWXobxoz2ltAK86h-KWmiWW8FQpaasKuCVtgQOhoIi/video/7551381917828943121,2025-09-18,17,Thu,38,218,9,8,4,6,12.39,Ngon lém lun#xuhuong #ancungtiktok😍 #fyp #banhtrungthuxuantung #doanv...,xuhuong ancungtiktok fyp banhtrungthuxuantung doanv,original sound - bubble_.babydoll,Bubble_babydoll🍰🍓,True,True,False
7551267067127794964,https://www.tiktok.com/@MS4wLjABAAAAMPnpn3EKG8gfAcqX7d5udBoWXobxoz2ltAK86h-KWmiWW8FQpaasKuCVtgQOhoIi/video/7551267067127794964,2025-09-18,10,Thu,43,1478,5,4,2,2,0.88,lẹ lẹ đi mấy bà ui#xuhuong #ancungtiktok😍 #fyp #banhtrangtron #doanva...,xuhuong ancungtiktok fyp banhtrangtron doanva,original sound - ilovecakeuu0,ೄྀ 𝖠𝗋ɑɑ ρ𝗈𝗏༻💐💤,True,True,False
7550982065110437121,https://www.tiktok.com/@MS4wLjABAAAAMPnpn3EKG8gfAcqX7d5udBoWXobxoz2ltAK86h-KWmiWW8FQpaasKuCVtgQOhoIi/video/7550982065110437121,2025-09-17,16,Wed,30,214,8,10,1,5,11.21,"giòn rụm, ngon xỉu lun#xuhuong #ancungtiktok😍 #fyp #snack #doanvat  @...",xuhuong ancungtiktok fyp snack doanvat,original sound - antitrangkhanzone1,Anti Trang Khàn zone,True,True,False
7550889235587337479,https://www.tiktok.com/@MS4wLjABAAAAMPnpn3EKG8gfAcqX7d5udBoWXobxoz2ltAK86h-KWmiWW8FQpaasKuCVtgQOhoIi/video/7550889235587337479,2025-09-17,10,Wed,40,680,8,8,1,4,3.09,"Thử đi mí bà, ngon lém#xuhuong #ancungtiktok😍 #fyp #banhlavatrungchay...",xuhuong ancungtiktok fyp banhlavatrungchay,original sound - pam.00w,🧂Pampam 🏸,True,True,False
7550641687790374164,https://www.tiktok.com/@MS4wLjABAAAAMPnpn3EKG8gfAcqX7d5udBoWXobxoz2ltAK86h-KWmiWW8FQpaasKuCVtgQOhoIi/video/7550641687790374164,2025-09-16,18,Tue,45,5511,18,5,8,5,0.65,Thử đi nè mí bà uii#xuhuong #ancungtiktok😍 #fyp #cachivang #doanvat  ...,xuhuong ancungtiktok fyp cachivang doanvat,B U B B L E G U M,୨ rae. 🪽,True,True,False
7550594047019126036,https://www.tiktok.com/@MS4wLjABAAAAMPnpn3EKG8gfAcqX7d5udBoWXobxoz2ltAK86h-KWmiWW8FQpaasKuCVtgQOhoIi/video/7550594047019126036,2025-09-16,15,Tue,39,324,10,3,6,5,7.41,nên thử na mí bà#xuhuong #ancungtiktok😍 #fyp #granola #doanvat  @yen_...,xuhuong ancungtiktok fyp granola doanvat,original sound - orasa.2001,orasa.2001,True,True,False
7550527259522731284,https://www.tiktok.com/@MS4wLjABAAAAMPnpn3EKG8gfAcqX7d5udBoWXobxoz2ltAK86h-KWmiWW8FQpaasKuCVtgQOhoIi/video/7550527259522731284,2025-09-16,10,Tue,45,317,6,2,4,4,5.05,Cơm cháy siuu chà bông#xuhuong #ancungtiktok😍 #fyp #comchaychabong #d...,xuhuong ancungtiktok fyp comchaychabong d,original sound - ilovecakeuu0,ೄྀ 𝖠𝗋ɑɑ ρ𝗈𝗏༻💐💤,True,True,False
7550301303201615111,https://www.tiktok.com/@MS4wLjABAAAAMPnpn3EKG8gfAcqX7d5udBoWXobxoz2ltAK86h-KWmiWW8FQpaasKuCVtgQOhoIi/video/7550301303201615111,2025-09-15,20,Mon,28,1056,5,2,0,3,0.95,ứ nước miếng lun#xuhuong #ancungtiktok😍 #fyp #topmorimmamtoi #doanvat...,xuhuong ancungtiktok fyp topmorimmamtoi doanvat,original sound - antitrangkhanzone1,Anti Trang Khàn zone,True,True,False
7550262037159365909,https://www.tiktok.com/@MS4wLjABAAAAMPnpn3EKG8gfAcqX7d5udBoWXobxoz2ltAK86h-KWmiWW8FQpaasKuCVtgQOhoIi/video/7550262037159365909,2025-09-15,17,Mon,29,1211,7,6,5,5,1.9,Nhức cái lách lun nè#xuhuong #ancungtiktok😍 #fyp #banhliutrungchay #d...,xuhuong ancungtiktok fyp banhliutrungchay d,original sound - toxca..chloe0,𖦁ׅ ࣪ chloe ៵🎄 ࣪ ִֶָ ⋆,True,True,False
7550152147548032257,https://www.tiktok.com/@MS4wLjABAAAAMPnpn3EKG8gfAcqX7d5udBoWXobxoz2ltAK86h-KWmiWW8FQpaasKuCVtgQOhoIi/video/7550152147548032257,2025-09-15,10,Mon,32,534,6,2,0,2,1.87,ăn là nghiền đó nha#xuhuong #ancungtiktok😍 #fyp #banhdanuongmuoiot #d...,xuhuong ancungtiktok fyp banhdanuongmuoiot d,original sound - bepcuagiao,Bếp Của Giao,True,True,False
7549910297499192597,https://www.tiktok.com/@MS4wLjABAAAAMPnpn3EKG8gfAcqX7d5udBoWXobxoz2ltAK86h-KWmiWW8FQpaasKuCVtgQOhoIi/video/7549910297499192597,2025-09-14,18,Sun,43,448,12,4,4,7,6.03,siu ngonnnn#xuhuong #ancungtiktok😍 #fyp #banhtrangsotphomai #doanvat ...,xuhuong ancungtiktok fyp banhtrangsotphomai doanvat,C u p i d O r i g i n a l,Someone,True,True,False
7549838458580110600,https://www.tiktok.com/@MS4wLjABAAAAMPnpn3EKG8gfAcqX7d5udBoWXobxoz2ltAK86h-KWmiWW8FQpaasKuCVtgQOhoIi/video/7549838458580110600,2025-09-14,14,Sun,21,889,7,2,1,2,1.35,Kẻo nghiền đó nha#xuhuong #ancungtiktok😍 #snack #doanvat #fyp  @yen_d...,xuhuong ancungtiktok snack doanvat fyp,original sound - cemalcemil092,Cemal Cemil,True,True,False
7549777322975481106,https://www.tiktok.com/@MS4wLjABAAAAMPnpn3EKG8gfAcqX7d5udBoWXobxoz2ltAK86h-KWmiWW8FQpaasKuCVtgQOhoIi/video/7549777322975481106,2025-09-14,10,Sun,25,87100,339,18,94,70,0.6,Bánh trâng trộn thập cẩm#xuhuong #ancungtiktok😍 #banhtrangtronthapcam...,xuhuong ancungtiktok banhtrangtronthapcam,C u p i d O r i g i n a l,Someone,True,True,True
7549528380945763604,https://www.tiktok.com/@MS4wLjABAAAAMPnpn3EKG8gfAcqX7d5udBoWXobxoz2ltAK86h-KWmiWW8FQpaasKuCVtgQOhoIi/video/7549528380945763604,2025-09-13,18,Sat,38,1618,9,4,2,4,1.17,Ta nói nó ngon #xuhuong #ancungtiktok😍 #banhdanuongmuoiot #fyp #doanv...,xuhuong ancungtiktok banhdanuongmuoiot fyp doanv,C u p i d O r i g i n a l,Someone,True,True,False
7549466185344240916,https://www.tiktok.com/@MS4wLjABAAAAMPnpn3EKG8gfAcqX7d5udBoWXobxoz2ltAK86h-KWmiWW8FQpaasKuCVtgQOhoIi/video/7549466185344240916,2025-09-13,14,Sat,27,1812,10,2,1,2,0.83,Giòn tan trong miệng lun kiki#xuhuong #ancungtiktok😍 #fyp #snack #doa...,xuhuong ancungtiktok fyp snack doa,original sound - doyan.makan7,ASMR🔥,True,True,False
7549406362711690497,https://www.tiktok.com/@MS4wLjABAAAAMPnpn3EKG8gfAcqX7d5udBoWXobxoz2ltAK86h-KWmiWW8FQpaasKuCVtgQOhoIi/video/7549406362711690497,2025-09-13,10,Sat,32,175,7,5,1,5,10.29,nhon điêng lun#xuhuong #ancungtiktok😍 #fyp #daheomamtoi #doanvat  @ye...,xuhuong ancungtiktok fyp daheomamtoi doanvat,original sound - chocoberryie,ׁ ⊹ ೀ n a e ! ៸៸ ♡ ֹ,True,True,False
7549157889307315474,https://www.tiktok.com/@MS4wLjABAAAAMPnpn3EKG8gfAcqX7d5udBoWXobxoz2ltAK86h-KWmiWW8FQpaasKuCVtgQOhoIi/video/7549157889307315474,2025-09-12,18,Fri,30,5001,16,2,3,3,0.48,Mê lắm lun#xuhuongtiktok #ancungtiktok😍 #fyp #snack #doanvat  @yen_do...,xuhuongtiktok ancungtiktok fyp snack doanvat,original sound - doyan.makan7,ASMR🔥,True,True,False
7549106189984943381,https://www.tiktok.com/@MS4wLjABAAAAMPnpn3EKG8gfAcqX7d5udBoWXobxoz2ltAK86h-KWmiWW8FQpaasKuCVtgQOhoIi/video/7549106189984943381,2025-09-12,14,Fri,27,1005,7,2,2,3,1.39,Giòn rụm#xuhuongtiktok #ancungtiktok😍 #fyp #baroimamtoi #doanvat  @ye...,xuhuongtiktok ancungtiktok fyp baroimamtoi doanvat,original sound - lilymukbangidols,Lilly🥧🧃,True,True,False
7549045641742175509,https://www.tiktok.com/@MS4wLjABAAAAMPnpn3EKG8gfAcqX7d5udBoWXobxoz2ltAK86h-KWmiWW8FQpaasKuCVtgQOhoIi/video/7549045641742175509,2025-09-12,10,Fri,29,615,4,2,1,3,1.63,chảy nước miếng chưa nè #xuhuongtiktok #ancungtiktok😍 #fyp #banhliutr...,xuhuongtiktok ancungtiktok fyp banhliutr,C u p i d O r i g i n a l,Someone,True,True,False
7548784735863016724,https://www.tiktok.com/@MS4wLjABAAAAMPnpn3EKG8gfAcqX7d5udBoWXobxoz2ltAK86h-KWmiWW8FQpaasKuCVtgQOhoIi/video/7548784735863016724,2025-09-11,18,Thu,23,2639,8,0,1,3,0.45,Lẹ kẻo hết nè#xuhuongtiktok #ancungtiktok😍 #fyp #snack #doanvat  @yen...,xuhuongtiktok ancungtiktok fyp snack doanvat,original sound - cemalcemil092,Cemal Cemil,True,True,False
7548729529338957076,https://www.tiktok.com/@MS4wLjABAAAAMPnpn3EKG8gfAcqX7d5udBoWXobxoz2ltAK86h-KWmiWW8FQpaasKuCVtgQOhoIi/video/7548729529338957076,2025-09-11,14,Thu,30,720,7,1,3,2,1.81,tr uii nó ngon#xuhuongtiktok #ancungtiktok😍 #fyp #banhtrangdeotomcay ...,xuhuongtiktok ancungtiktok fyp banhtrangdeotomcay,a d o p t m e n i g h t t h e m e,⊹ ⸱ ࣭ ⸱ 🖨 ꒱ ꪶu⍺ ៹ ⌗ 𖣠,True,True,False
7548668814557269255,https://www.tiktok.com/@MS4wLjABAAAAMPnpn3EKG8gfAcqX7d5udBoWXobxoz2ltAK86h-KWmiWW8FQpaasKuCVtgQOhoIi/video/7548668814557269255,2025-09-11,10,Thu,32,278,4,4,1,2,3.96,mlem lắm lun#xuhuongtiktok #ancungtiktok😍 #fyp #topmorimmamtoi #doanv...,xuhuongtiktok ancungtiktok fyp topmorimmamtoi doanv,original sound - doyan.makan7,ASMR🔥,True,True,False
7548412564917521680,https://www.tiktok.com/@MS4wLjABAAAAMPnpn3EKG8gfAcqX7d5udBoWXobxoz2ltAK86h-KWmiWW8FQpaasKuCVtgQOhoIi/video/7548412564917521680,2025-09-10,17,Wed,31,791,8,0,2,4,1.77,mlem lun#xuhuongtiktok #ancungtiktok😍 #fyp #banhliutrungchay #doanvat...,xuhuongtiktok ancungtiktok fyp banhliutrungchay doanvat,original sound - toxca..chloe0,𖦁ׅ ࣪ chloe ៵🎄 ࣪ ִֶָ ⋆,True,True,False
7548351704278764820,https://www.tiktok.com/@MS4wLjABAAAAMPnpn3EKG8gfAcqX7d5udBoWXobxoz2ltAK86h-KWmiWW8FQpaasKuCVtgQOhoIi/video/7548351704278764820,2025-09-10,13,Wed,20,3540,8,0,0,3,0.31,nó ngon nó giòn rụm#xuhuongtiktok #ancungtiktok😍 #fyp #snack #doanvat...,xuhuongtiktok ancungtiktok fyp snack doanvat,original sound - cemalcemil092,Cemal Cemil,True,True,False
7548280678782176530,https://www.tiktok.com/@MS4wLjABAAAAMPnpn3EKG8gfAcqX7d5udBoWXobxoz2ltAK86h-KWmiWW8FQpaasKuCVtgQOhoIi/video/7548280678782176530,2025-09-10,9,Wed,31,2036,5,2,0,3,0.49,Chắc là không giòn đâu#xuhuongtiktok #topmorimmamtoi #fyp #ancungtikt...,xuhuongtiktok topmorimmamtoi fyp ancungtikt,original sound - doyan.makan7,ASMR🔥,True,False,False
7548046427771997460,https://www.tiktok.com/@MS4wLjABAAAAMPnpn3EKG8gfAcqX7d5udBoWXobxoz2ltAK86h-KWmiWW8FQpaasKuCVtgQOhoIi/video/7548046427771997460,2025-09-09,18,Tue,30,3627,16,1,1,2,0.55,khô bò miếng mềm#xuhuongtiktok #khobomieng #fyp #ancungtiktok😍 #doanv...,xuhuongtiktok khobomieng fyp ancungtiktok doanv,original sound - antitrangkhanzone1,Anti Trang Khàn zone,True,True,False
7547924273768189202,https://www.tiktok.com/@MS4wLjABAAAAMPnpn3EKG8gfAcqX7d5udBoWXobxoz2ltAK86h-KWmiWW8FQpaasKuCVtgQOhoIi/video/7547924273768189202,2025-09-09,10,Tue,24,1021,6,2,2,1,1.08,hãy thử đi mí bà#xuhuongtiktok #fyp #banhliutrungchay #ancungtiktok😍 ...,xuhuongtiktok fyp banhliutrungchay ancungtiktok,C u p i d O r i g i n a l,Someone,True,True,False
7547709725043952916,https://www.tiktok.com/@MS4wLjABAAAAMPnpn3EKG8gfAcqX7d5udBoWXobxoz2ltAK86h-KWmiWW8FQpaasKuCVtgQOhoIi/video/7547709725043952916,2025-09-08,20,Mon,23,34900,54,6,15,10,0.24,"mê ẻm này lứm, ăn không chán lun#xuhuongtiktok #fyp #snack #ancungtik...",xuhuongtiktok fyp snack ancungtik,original sound - luongthingocha,𝐍𝐠𝐚̂𝐧 𝐇𝐚̀ 🍌,True,True,True
7547659288114629908,https://www.tiktok.com/@MS4wLjABAAAAMPnpn3EKG8gfAcqX7d5udBoWXobxoz2ltAK86h-KWmiWW8FQpaasKuCVtgQOhoIi/video/7547659288114629908,2025-09-08,17,Mon,27,749,9,0,1,3,1.74,Siu rẻ lun nè#xuhuongtiktok #fyp #banhtrangxikesieucay #ancungtiktok😍...,xuhuongtiktok fyp banhtrangxikesieucay ancungtiktok,original sound - antitrangkhanzone1,Anti Trang Khàn zone,True,True,False
7547566654712990997,https://www.tiktok.com/@MS4wLjABAAAAMPnpn3EKG8gfAcqX7d5udBoWXobxoz2ltAK86h-KWmiWW8FQpaasKuCVtgQOhoIi/video/7547566654712990997,2025-09-08,11,Mon,32,1941,4,1,0,3,0.41,Có 3.2 cành 1 gói thuii na#xuhuongtiktok #ancungtiktok😍 #bimbimkhongl...,xuhuongtiktok ancungtiktok bimbimkhongl,original sound - antitrangkhanzone1,Anti Trang Khàn zone,True,True,False
7547303296579554581,https://www.tiktok.com/@MS4wLjABAAAAMPnpn3EKG8gfAcqX7d5udBoWXobxoz2ltAK86h-KWmiWW8FQpaasKuCVtgQOhoIi/video/7547303296579554581,2025-09-07,18,Sun,31,13000,119,4,27,15,1.27,Sale sale nè mí bà uii#xuhuongtiktok #ancungtiktok😍 #banhtrang #fyp #...,xuhuongtiktok ancungtiktok banhtrang fyp,original sound - kyissha_,kyissha_,True,True,True
7547234747928366344,https://www.tiktok.com/@MS4wLjABAAAAMPnpn3EKG8gfAcqX7d5udBoWXobxoz2ltAK86h-KWmiWW8FQpaasKuCVtgQOhoIi/video/7547234747928366344,2025-09-07,13,Sun,24,5140,17,3,6,5,0.6,hốt lẹ lẹ đi nha#xuhuongtiktok #ancungtiktok😍 #snack #fyp #doanvat  @...,xuhuongtiktok ancungtiktok snack fyp doanvat,original sound - doyan.makan7,ASMR🔥,True,True,False
7547186880371068161,https://www.tiktok.com/@MS4wLjABAAAAMPnpn3EKG8gfAcqX7d5udBoWXobxoz2ltAK86h-KWmiWW8FQpaasKuCVtgQOhoIi/video/7547186880371068161,2025-09-07,10,Sun,32,809,6,1,2,5,1.73,Đã cái nư lắm lun#xuhuongtiktok #ancungtiktok😍 #banhphongtom #fyp #do...,xuhuongtiktok ancungtiktok banhphongtom fyp do,C u p i d O r i g i n a l,Someone,True,True,False
7546913040760032533,https://www.tiktok.com/@MS4wLjABAAAAMPnpn3EKG8gfAcqX7d5udBoWXobxoz2ltAK86h-KWmiWW8FQpaasKuCVtgQOhoIi/video/7546913040760032533,2025-09-06,16,Sat,31,4163,12,10,4,5,0.74,Vị nào cũng ngon nha#xuhuongtiktok #snack#fyp #doanvat #ancungtiktok😍...,xuhuongtiktok snack fyp doanvat ancungtiktok,original sound - bblue.skyyyy,🦖,True,True,False
7546811493027695892,https://www.tiktok.com/@MS4wLjABAAAAMPnpn3EKG8gfAcqX7d5udBoWXobxoz2ltAK86h-KWmiWW8FQpaasKuCVtgQOhoIi/video/7546811493027695892,2025-09-06,10,Sat,20,4645,24,0,1,3,0.6,Ê nó ngon nha#xuhuong #ancungtiktok😍 #fyp #sncak #doanvat  @yen_doanv...,xuhuong ancungtiktok fyp sncak doanvat,original sound - cemalcemil092,Cemal Cemil,True,True,False
7546594808903601429,https://www.tiktok.com/@MS4wLjABAAAAMPnpn3EKG8gfAcqX7d5udBoWXobxoz2ltAK86h-KWmiWW8FQpaasKuCVtgQOhoIi/video/7546594808903601429,2025-09-05,20,Fri,32,249,4,1,1,3,3.61,ngon lém nè#xuhuong #ancungtiktok😍 #fyp #banhtrungthulamthuy #doanvat...,xuhuong ancungtiktok fyp banhtrungthulamthuy doanvat,B U B B L E G U M,୨ rae. 🪽,True,True,False
7546495148096638229,https://www.tiktok.com/@MS4wLjABAAAAMPnpn3EKG8gfAcqX7d5udBoWXobxoz2ltAK86h-KWmiWW8FQpaasKuCVtgQOhoIi/video/7546495148096638229,2025-09-05,13,Fri,31,1409,3,0,1,1,0.35,Nó mlem chưa các chế#xuhuong #ancungtiktok😍 #fyp #banhlavatrungchay #...,xuhuong ancungtiktok fyp banhlavatrungchay,nhạc trung thu 2022,Over Night ✪,True,True,False
7546426994540465429,https://www.tiktok.com/@MS4wLjABAAAAMPnpn3EKG8gfAcqX7d5udBoWXobxoz2ltAK86h-KWmiWW8FQpaasKuCVtgQOhoIi/video/7546426994540465429,2025-09-05,9,Fri,30,7387,14,5,6,4,0.39,"Đậm nhân trứng chảy, đã ghê#xuhuong #ancungtiktok😍 #fyp #banhliutrung...",xuhuong ancungtiktok fyp banhliutrung,original sound - toxca..chloe0,𖦁ׅ ࣪ chloe ៵🎄 ࣪ ִֶָ ⋆,True,True,True
7546189162425224469,https://www.tiktok.com/@MS4wLjABAAAAMPnpn3EKG8gfAcqX7d5udBoWXobxoz2ltAK86h-KWmiWW8FQpaasKuCVtgQOhoIi/video/7546189162425224469,2025-09-04,18,Thu,28,5872,34,3,3,4,0.75,Kẹo sữa bò #xuhuong #ancungtiktok😍 #fyp #keosuabo🐮 #doanvat  @yen_doa...,xuhuong ancungtiktok fyp keosuabo doanvat,B U B B L E G U M,୨ rae. 🪽,True,True,False
7546129623566896405,https://www.tiktok.com/@MS4wLjABAAAAMPnpn3EKG8gfAcqX7d5udBoWXobxoz2ltAK86h-KWmiWW8FQpaasKuCVtgQOhoIi/video/7546129623566896405,2025-09-04,14,Thu,42,189,4,0,2,2,4.23,Combo song gà song bim#xuhuong #ancungtiktok😍 #fyp #ancungbatuyet #do...,xuhuong ancungtiktok fyp ancungbatuyet do,original sound - batuyethanhvi,Ăn Cùng Bà Tuyết,True,True,False
7546070937095998727,https://www.tiktok.com/@MS4wLjABAAAAMPnpn3EKG8gfAcqX7d5udBoWXobxoz2ltAK86h-KWmiWW8FQpaasKuCVtgQOhoIi/video/7546070937095998727,2025-09-04,10,Thu,33,365,11,2,4,6,6.3,Kẹo bi trái cây#xuhuong #ancungtiktok😍 #fyp #keobitraicay #doanvat  @...,xuhuong ancungtiktok fyp keobitraicay doanvat,original sound - antitrangkhanzone1,Anti Trang Khàn zone,True,True,False
7545801390065585428,https://www.tiktok.com/@MS4wLjABAAAAMPnpn3EKG8gfAcqX7d5udBoWXobxoz2ltAK86h-KWmiWW8FQpaasKuCVtgQOhoIi/video/7545801390065585428,2025-09-03,17,Wed,32,580,8,2,4,5,3.28,"Ê nên thử nha mí bà uii, nó ngon #xuhuong #ancungtiktok😍 #fyp #boxuye...",xuhuong ancungtiktok fyp boxuye,original sound - antitrangkhanzone1,Anti Trang Khàn zone,True,True,False
7545752460632083719,https://www.tiktok.com/@MS4wLjABAAAAMPnpn3EKG8gfAcqX7d5udBoWXobxoz2ltAK86h-KWmiWW8FQpaasKuCVtgQOhoIi/video/7545752460632083719,2025-09-03,13,Wed,36,823,5,2,2,1,1.22,"Ú nu trứng chảy, mee#xuhuong #ancungtiktok😍 #fyp #banhliutrungchay #d...",xuhuong ancungtiktok fyp banhliutrungchay d,original sound - antitrangkhanzone1,Anti Trang Khàn zone,True,True,False
7545703340823301396,https://www.tiktok.com/@MS4wLjABAAAAMPnpn3EKG8gfAcqX7d5udBoWXobxoz2ltAK86h-KWmiWW8FQpaasKuCVtgQOhoIi/video/7545703340823301396,2025-09-03,10,Wed,33,136,6,2,0,3,8.09,Chocomet Chunch b đã thử chưa#xuhuong #ancungtiktok😍 #fyp #chocomet#c...,xuhuong ancungtiktok fyp chocomet c,B U B B L E G U M,fxiry_jennie5_,True,True,False
7545451270836931861,https://www.tiktok.com/@MS4wLjABAAAAMPnpn3EKG8gfAcqX7d5udBoWXobxoz2ltAK86h-KWmiWW8FQpaasKuCVtgQOhoIi/video/7545451270836931861,2025-09-02,18,Tue,35,6865,24,2,9,2,0.54,Ăn là nghiền lun á#xuhuong #ancungtiktok😍 #fyp #bunoclieuchau #doanva...,xuhuong ancungtiktok fyp bunoclieuchau doanva,C u p i d O r i g i n a l,Someone,True,False,True
7545387330333379858,https://www.tiktok.com/@MS4wLjABAAAAMPnpn3EKG8gfAcqX7d5udBoWXobxoz2ltAK86h-KWmiWW8FQpaasKuCVtgQOhoIi/video/7545387330333379858,2025-09-02,14,Tue,25,2442,16,6,4,3,1.19,Ăn cùng bà tuyết nha#xuhuong #ancungtiktok😍 #fyp #changabatuyet #doan...,xuhuong ancungtiktok fyp changabatuyet doan,original sound - ancungbatuyet86,Ăn Cùng Bà Tuyết,True,True,False
7545333699001306384,https://www.tiktok.com/@MS4wLjABAAAAMPnpn3EKG8gfAcqX7d5udBoWXobxoz2ltAK86h-KWmiWW8FQpaasKuCVtgQOhoIi/video/7545333699001306384,2025-09-02,10,Tue,30,713,5,2,1,2,1.4,Ngon tuỵt nha#xuhuong #ancungtiktok😍 #fyp #khobomiengmem#doanvat  @ye...,xuhuong ancungtiktok fyp khobomiengmem doanvat,ɱ α ɠ ɳ ҽ ƚ ι ƈ,Someone,True,True,False
7545056493171674389,https://www.tiktok.com/@MS4wLjABAAAAMPnpn3EKG8gfAcqX7d5udBoWXobxoz2ltAK86h-KWmiWW8FQpaasKuCVtgQOhoIi/video/7545056493171674389,2025-09-01,16,Mon,33,329,4,2,0,2,2.43,Bỏng ngô Mỹ siu ngon#xuhuong #ancungtiktok😍 #fyp #bongngomy #doanvat ...,xuhuong ancungtiktok fyp bongngomy doanvat,G o o d p a r t s,Someone,True,True,False
7544998938806406408,https://www.tiktok.com/@MS4wLjABAAAAMPnpn3EKG8gfAcqX7d5udBoWXobxoz2ltAK86h-KWmiWW8FQpaasKuCVtgQOhoIi/video/7544998938806406408,2025-09-01,13,Mon,34,1099,7,4,3,4,1.64,Ú nu lun a#xuhuong #ancungtiktok😍 #fyp #banhliutrungchay #doanvat  @y...,xuhuong ancungtiktok fyp banhliutrungchay doanvat,B U B B L E G U M,୨ rae. 🪽,True,True,False
7544690440961002772,https://www.tiktok.com/@MS4wLjABAAAAMPnpn3EKG8gfAcqX7d5udBoWXobxoz2ltAK86h-KWmiWW8FQpaasKuCVtgQOhoIi/video/7544690440961002772,2025-08-31,17,Sun,29,3050,19,1,4,6,0.98,"hãy thử đi, nghiền lun ó#xuhuong #ancungtiktok😍 #fyp #keosuabo🐮 #doan...",xuhuong ancungtiktok fyp keosuabo doan,original sound - antitrangkhanzone1,Anti Trang Khàn zone,True,True,False
7544627917234457877,https://www.tiktok.com/@MS4wLjABAAAAMPnpn3EKG8gfAcqX7d5udBoWXobxoz2ltAK86h-KWmiWW8FQpaasKuCVtgQOhoIi/video/7544627917234457877,2025-08-31,13,Sun,30,735,8,4,3,4,2.59,Bạn đã thử chưa? nó hót rần rần nè#xuhuong #ancungtiktok😍 #fyp #banht...,xuhuong ancungtiktok fyp banht,E L E V E N,.,True,True,False
7544273447346638100,https://www.tiktok.com/@MS4wLjABAAAAMPnpn3EKG8gfAcqX7d5udBoWXobxoz2ltAK86h-KWmiWW8FQpaasKuCVtgQOhoIi/video/7544273447346638100,2025-08-30,14,Sat,33,1499,10,2,1,3,1.07,"Bánh trung thu lâm thuỷ, b đã thử chưa?#doanvat #xuhuong #fyp#ancungt...",doanvat xuhuong fyp ancungt,Titibok tibok,୨ .ᐟ ⨍𝚛ᥲ𝕟ᥴ౿ડ ⑅ 🩰 ଓ,True,True,False
7544210708494322945,https://www.tiktok.com/@MS4wLjABAAAAMPnpn3EKG8gfAcqX7d5udBoWXobxoz2ltAK86h-KWmiWW8FQpaasKuCVtgQOhoIi/video/7544210708494322945,2025-08-30,10,Sat,31,1090,8,4,3,3,1.65,Chưa đến trung thu nà tui đã ăn hết mí cái rui#doanvat #xuhuong #fyp ...,doanvat xuhuong fyp,original sound - toxca..chloe0,𖦁ׅ ࣪ chloe ៵🎄 ࣪ ִֶָ ⋆,True,True,False
7543994316176248082,https://www.tiktok.com/@MS4wLjABAAAAMPnpn3EKG8gfAcqX7d5udBoWXobxoz2ltAK86h-KWmiWW8FQpaasKuCVtgQOhoIi/video/7543994316176248082,2025-08-29,20,Fri,40,547,5,6,4,3,3.29,Bánh tráng mix vị #doanvat #xuhuong #banhtrang #ancungtiktok😍 #rivew ...,doanvat xuhuong banhtrang ancungtiktok rivew,original sound - sunday.mrphy,ز,True,True,False
7543926854961384725,https://www.tiktok.com/@MS4wLjABAAAAMPnpn3EKG8gfAcqX7d5udBoWXobxoz2ltAK86h-KWmiWW8FQpaasKuCVtgQOhoIi/video/7543926854961384725,2025-08-29,15,Fri,33,7283,31,3,5,9,0.66,Bánh tráng xì ki siu gạt rẻ#doanvat #xuhuong #banhtrangxeki #ancungti...,doanvat xuhuong banhtrangxeki ancungti,original sound - antitrangkhanzone1,Anti Trang Khàn zone,True,True,False
7543859330634763540,https://www.tiktok.com/@MS4wLjABAAAAMPnpn3EKG8gfAcqX7d5udBoWXobxoz2ltAK86h-KWmiWW8FQpaasKuCVtgQOhoIi/video/7543859330634763540,2025-08-29,11,Fri,36,2308,15,0,1,2,0.78,Tr ui đã nói đã#doanvat #xuhuong #banhlavatrungchay #ancungtiktok😍 #r...,doanvat xuhuong banhlavatrungchay ancungtiktok r,original sound - antitrangkhanzone1,Anti Trang Khàn zone,True,True,False
7543619680880069908,https://www.tiktok.com/@MS4wLjABAAAAMPnpn3EKG8gfAcqX7d5udBoWXobxoz2ltAK86h-KWmiWW8FQpaasKuCVtgQOhoIi/video/7543619680880069908,2025-08-28,19,Thu,27,1148,10,6,5,4,2.18,Mlem quá đi tr uii#doanvat #xuhuong #banhlavatrungchay #ancungtiktok😍...,doanvat xuhuong banhlavatrungchay ancungtiktok,E L E V E N,.,True,True,False
7543570403805924628,https://www.tiktok.com/@MS4wLjABAAAAMPnpn3EKG8gfAcqX7d5udBoWXobxoz2ltAK86h-KWmiWW8FQpaasKuCVtgQOhoIi/video/7543570403805924628,2025-08-28,16,Thu,33,1177,19,1,7,4,2.63,Giòn tan lun á trời#xuhuong #doanvat #socolatrang #ancungtiktok😍 #riv...,xuhuong doanvat socolatrang ancungtiktok riv,B U B B L E G U M,fxiry_jennie5_,True,False,False
7543478366746299669,https://www.tiktok.com/@MS4wLjABAAAAMPnpn3EKG8gfAcqX7d5udBoWXobxoz2ltAK86h-KWmiWW8FQpaasKuCVtgQOhoIi/video/7543478366746299669,2025-08-28,10,Thu,31,943,11,4,1,5,2.23,Nhăm nhăm#xuhuong #doanvat #snacktala #ancungtiktok😍 #rivew  @yen_doa...,xuhuong doanvat snacktala ancungtiktok rivew,ใช้ได้เลยย,b3ll0ph0wcutew,True,True,False
7543227603570674945,https://www.tiktok.com/@MS4wLjABAAAAMPnpn3EKG8gfAcqX7d5udBoWXobxoz2ltAK86h-KWmiWW8FQpaasKuCVtgQOhoIi/video/7543227603570674945,2025-08-27,18,Wed,37,186,4,5,2,2,6.99,giòn rụm lun ạ#xuhuong #doanvat#thanhgaolutchabong #ancungtiktok😍 #ri...,xuhuong doanvat thanhgaolutchabong ancungtiktok ri,original sound - bblue.skyyyy,🦖,True,True,False
7543136031516773652,https://www.tiktok.com/@MS4wLjABAAAAMPnpn3EKG8gfAcqX7d5udBoWXobxoz2ltAK86h-KWmiWW8FQpaasKuCVtgQOhoIi/video/7543136031516773652,2025-08-27,12,Wed,29,3233,12,5,3,3,0.71,Kẹo thơm miệng đây nè#xuhuong #doanvat #keothommieng #ancungtiktok😍 #...,xuhuong doanvat keothommieng ancungtiktok,original sound - annie.riviu,Annie Riviu 🍒,True,True,False
7543082940780104981,https://www.tiktok.com/@MS4wLjABAAAAMPnpn3EKG8gfAcqX7d5udBoWXobxoz2ltAK86h-KWmiWW8FQpaasKuCVtgQOhoIi/video/7543082940780104981,2025-08-27,9,Wed,30,1724,6,3,2,5,0.93,Bánh liuu trứng chảy#xuhuong #doanvat #banhliutrungchay #ancungtiktok...,xuhuong doanvat banhliutrungchay ancungtiktok,original sound - thaoxinhh_04,𝙺𝙸𝙼 𝚃𝙷𝙰̉𝙾 𝚂𝚃𝙾𝚁𝙴🎀,True,True,True
7542832482039680276,https://www.tiktok.com/@MS4wLjABAAAAMPnpn3EKG8gfAcqX7d5udBoWXobxoz2ltAK86h-KWmiWW8FQpaasKuCVtgQOhoIi/video/7542832482039680276,2025-08-26,17,Tue,43,190,9,3,2,6,10.53,"Đã cái nư, siuu ngon nhá#xuhuong #doanvat #chelamhoiuc1997 #ancungtik...",xuhuong doanvat chelamhoiuc1997 ancungtik,original sound - doanvatngonnhabeo,Đồ ăn vặt ngon nhà Beo,True,True,False
7542761651833965832,https://www.tiktok.com/@MS4wLjABAAAAMPnpn3EKG8gfAcqX7d5udBoWXobxoz2ltAK86h-KWmiWW8FQpaasKuCVtgQOhoIi/video/7542761651833965832,2025-08-26,12,Tue,36,232,5,2,2,4,5.6,Bánh tráng rìa ủ bơ#xuhuong #doanvat #banhtrangriaubo #ancungtiktok😍 ...,xuhuong doanvat banhtrangriaubo ancungtiktok,E L E V E N,.,True,True,False
7542483378784816404,https://www.tiktok.com/@MS4wLjABAAAAMPnpn3EKG8gfAcqX7d5udBoWXobxoz2ltAK86h-KWmiWW8FQpaasKuCVtgQOhoIi/video/7542483378784816404,2025-08-25,18,Mon,33,280,5,1,3,3,4.29,Thạch mắt trái cây#xuhuong #doanvat #thachmattraicay #ancungtiktok😍 #...,xuhuong doanvat thachmattraicay ancungtiktok,mamaboyspedup,𖤐⭒๋࣭ ⭑ʀɪɴ,True,True,False
7542416267362487572,https://www.tiktok.com/@MS4wLjABAAAAMPnpn3EKG8gfAcqX7d5udBoWXobxoz2ltAK86h-KWmiWW8FQpaasKuCVtgQOhoIi/video/7542416267362487572,2025-08-25,14,Mon,33,1751,9,2,6,4,1.2,Ngon quá dii tr uii#xuhuong #doanvat #banhliutrungchay #ancungtiktok😍...,xuhuong doanvat banhliutrungchay ancungtiktok,E L E V E N,.,True,True,False
7542366126936804629,https://www.tiktok.com/@MS4wLjABAAAAMPnpn3EKG8gfAcqX7d5udBoWXobxoz2ltAK86h-KWmiWW8FQpaasKuCVtgQOhoIi/video/7542366126936804629,2025-08-25,10,Mon,40,104,8,4,2,6,19.23,Bánh bông lan sợi gà siu ngon#xuhuong #doanvat #banhbonglansoiga #anc...,xuhuong doanvat banhbonglansoiga anc,Girls like me dont cry,Someone,True,True,False
7542105579976658177,https://www.tiktok.com/@MS4wLjABAAAAMPnpn3EKG8gfAcqX7d5udBoWXobxoz2ltAK86h-KWmiWW8FQpaasKuCVtgQOhoIi/video/7542105579976658177,2025-08-24,18,Sun,34,176,11,4,3,7,14.2,Nó ngon lắm lun á tr#xuhuong #doanvat #nemchuanembi #ancungtiktok😍 #r...,xuhuong doanvat nemchuanembi ancungtiktok r,original sound - tuthichnauanne,Tứ thích nấu ăn🇻🇳,True,True,False
7542042393252597008,https://www.tiktok.com/@MS4wLjABAAAAMPnpn3EKG8gfAcqX7d5udBoWXobxoz2ltAK86h-KWmiWW8FQpaasKuCVtgQOhoIi/video/7542042393252597008,2025-08-24,13,Sun,30,1423,4,2,0,3,0.63,Ngon lắm nha#xuhuong #doanvat #banhtrang#ancungtiktok😍 #rivew  @yen_d...,xuhuong doanvat banhtrang ancungtiktok rivew,original sound - antitrangkhanzone1,Anti Trang Khàn zone,True,True,False
7541990797307104520,https://www.tiktok.com/@MS4wLjABAAAAMPnpn3EKG8gfAcqX7d5udBoWXobxoz2ltAK86h-KWmiWW8FQpaasKuCVtgQOhoIi/video/7541990797307104520,2025-08-24,10,Sun,38,251,7,3,4,4,7.17,Ngon tuyệt lun á#xuhuong #doanvat #chocmetcrunch #ancungtiktok😍 #rive...,xuhuong doanvat chocmetcrunch ancungtiktok rive,ɱ α ɠ ɳ ҽ ƚ ι ƈ,Someone,True,True,False
7541774758665260304,https://www.tiktok.com/@MS4wLjABAAAAMPnpn3EKG8gfAcqX7d5udBoWXobxoz2ltAK86h-KWmiWW8FQpaasKuCVtgQOhoIi/video/7541774758665260304,2025-08-23,20,Sat,30,13800,51,2,15,10,0.57,30🍠 1kg lun á tr#xuhuong #doanvat #nsack #ancungtiktok😍 #rivew  @yen_...,xuhuong doanvat nsack ancungtiktok rivew,original sound - lilymukbangidols,Lilly🥧🧃,True,False,False
7541723893820607764,https://www.tiktok.com/@MS4wLjABAAAAMPnpn3EKG8gfAcqX7d5udBoWXobxoz2ltAK86h-KWmiWW8FQpaasKuCVtgQOhoIi/video/7541723893820607764,2025-08-23,17,Sat,32,433,6,0,1,1,1.85,1 đỉm kco nhưng lun nha#xuhuong #doanvat #keohoaquasaydeopandapẻn #an...,xuhuong doanvat keohoaquasaydeopandapẻn an,original sound - gaenhi,𝐆aen.,True,True,False
7541385741742443797,https://www.tiktok.com/@MS4wLjABAAAAMPnpn3EKG8gfAcqX7d5udBoWXobxoz2ltAK86h-KWmiWW8FQpaasKuCVtgQOhoIi/video/7541385741742443797,2025-08-22,19,Fri,39,1106,7,2,4,3,1.45,Mê chưa mê chưa#xuhuong #doanvat #banhliutrungchay #ancungtiktok😍 #ri...,xuhuong doanvat banhliutrungchay ancungtiktok ri,original sound - heinaa._.mukbang,🥡𝙃𝙚𝙞𝙣𝙖૮ ˶ᵔ ᵕ ᵔ˶ ა🧁,True,True,False
7541305482099559700,https://www.tiktok.com/@MS4wLjABAAAAMPnpn3EKG8gfAcqX7d5udBoWXobxoz2ltAK86h-KWmiWW8FQpaasKuCVtgQOhoIi/video/7541305482099559700,2025-08-22,14,Fri,34,632,7,2,4,1,2.22,Dai dai dẻo dẻo ngon lém nha#xuhuong #doanvat #banhgaotuoihanquoc #an...,xuhuong doanvat banhgaotuoihanquoc an,original sound - lilymukbangidols,Lilly🥧🧃,True,True,False
7541225214089235730,https://www.tiktok.com/@MS4wLjABAAAAMPnpn3EKG8gfAcqX7d5udBoWXobxoz2ltAK86h-KWmiWW8FQpaasKuCVtgQOhoIi/video/7541225214089235730,2025-08-22,9,Fri,37,230,8,4,6,7,10.87,Trời ui ta nói nó ngonnnnn#xuhuong #doanvat #banhtrangriaubo #ancungt...,xuhuong doanvat banhtrangriaubo ancungt,B U B B L E G U M,୨ rae. 🪽,True,True,False
7540944477284830485,https://www.tiktok.com/@MS4wLjABAAAAMPnpn3EKG8gfAcqX7d5udBoWXobxoz2ltAK86h-KWmiWW8FQpaasKuCVtgQOhoIi/video/7540944477284830485,2025-08-21,14,Thu,25,2852,24,1,4,2,1.09,Nó ngon mê lun ạ#xuhuong #doanvat #banhtrang#ancungtiktok😍 #rivew  @y...,xuhuong doanvat banhtrang ancungtiktok rivew,original sound - snowychaezu,๑ ｡🥣 ♡ 채즈 ♡ 📓 ｡ ๑ ^^,True,True,False
7540862616533568788,https://www.tiktok.com/@MS4wLjABAAAAMPnpn3EKG8gfAcqX7d5udBoWXobxoz2ltAK86h-KWmiWW8FQpaasKuCVtgQOhoIi/video/7540862616533568788,2025-08-21,9,Thu,32,1687,8,3,4,5,1.19,Nhăm nhăm#xuhuong #doanvat #khobomiengmem #ancungtiktok😍 #rivew  @yen...,xuhuong doanvat khobomiengmem ancungtiktok rivew,Girls like me dont cry,Someone,True,True,False
7540621472918768916,https://www.tiktok.com/@MS4wLjABAAAAMPnpn3EKG8gfAcqX7d5udBoWXobxoz2ltAK86h-KWmiWW8FQpaasKuCVtgQOhoIi/video/7540621472918768916,2025-08-20,18,Wed,24,1757,6,3,3,2,0.8,ứ nước miếng chưa nè#xuhuong #doanvat #banhliutrungchay #ancungtiktok...,xuhuong doanvat banhliutrungchay ancungtiktok,original sound - u.phng.toca,🧺✨️Đậu phộng toca🥜🫧,True,True,True
7540548594508533012,https://www.tiktok.com/@MS4wLjABAAAAMPnpn3EKG8gfAcqX7d5udBoWXobxoz2ltAK86h-KWmiWW8FQpaasKuCVtgQOhoIi/video/7540548594508533012,2025-08-20,13,Wed,33,925,7,3,1,5,1.73,Hốt lẹ mí bà uii#xuhuong #doanvat #snacktala #ancungtiktok😍 #rivew  @...,xuhuong doanvat snacktala ancungtiktok rivew,BGM C A F E S O U N D S,໒꒱— 𝓐_𝝴ׅƖׅყׂ !¡🌟🛼,True,True,False
7540251422680452372,https://www.tiktok.com/@MS4wLjABAAAAMPnpn3EKG8gfAcqX7d5udBoWXobxoz2ltAK86h-KWmiWW8FQpaasKuCVtgQOhoIi/video/7540251422680452372,2025-08-19,18,Tue,36,465,8,4,2,5,4.09,U mê kh lối thoát lun ạ#xuhuong #doanvat #banhtrangmuoibeo #ancungtik...,xuhuong doanvat banhtrangmuoibeo ancungtik,original sound - n0ums.cakeu,Ik4n ashine ❓,True,True,False
7540181458602806535,https://www.tiktok.com/@MS4wLjABAAAAMPnpn3EKG8gfAcqX7d5udBoWXobxoz2ltAK86h-KWmiWW8FQpaasKuCVtgQOhoIi/video/7540181458602806535,2025-08-19,13,Tue,32,751,3,0,3,2,1.07,Tê tê cay cay#xuhuong #doanvat #satesodiepthichcay #ancungtiktok😍 #ri...,xuhuong doanvat satesodiepthichcay ancungtiktok ri,original sound - doanvatngonnhabeo,Đồ ăn vặt ngon nhà Beo,True,True,False
7540123548040432913,https://www.tiktok.com/@MS4wLjABAAAAMPnpn3EKG8gfAcqX7d5udBoWXobxoz2ltAK86h-KWmiWW8FQpaasKuCVtgQOhoIi/video/7540123548040432913,2025-08-19,9,Tue,40,344,2,0,1,1,1.16,u mê bánh tráng nhà này lun á trời#xuhuong #doanvat #combobanhtrangph...,xuhuong doanvat combobanhtrangph,Girls like me dont cry,Someone,True,True,False
7539953906349051157,https://www.tiktok.com/@MS4wLjABAAAAMPnpn3EKG8gfAcqX7d5udBoWXobxoz2ltAK86h-KWmiWW8FQpaasKuCVtgQOhoIi/video/7539953906349051157,2025-08-18,22,Mon,27,123,4,1,2,2,7.32,kẹo xinh na#xuhuong #keptocsaovamg #keptoc#rivew  @yen_doanvathot  @y...,xuhuong keptocsaovamg keptoc rivew,original sound - dangnamtravelblog,Đăng Nam Travel,True,True,False
7539878123811245330,https://www.tiktok.com/@MS4wLjABAAAAMPnpn3EKG8gfAcqX7d5udBoWXobxoz2ltAK86h-KWmiWW8FQpaasKuCVtgQOhoIi/video/7539878123811245330,2025-08-18,17,Mon,32,9628,45,31,108,28,2.2,Ú nu trứng chảy lun á#xuhuong #doanvat #banhliutrungchay #ancungtikto...,xuhuong doanvat banhliutrungchay ancungtikto,bubblegum,dwyne,True,True,True
7539817949004090645,https://www.tiktok.com/@MS4wLjABAAAAMPnpn3EKG8gfAcqX7d5udBoWXobxoz2ltAK86h-KWmiWW8FQpaasKuCVtgQOhoIi/video/7539817949004090645,2025-08-18,14,Mon,30,8189,40,3,17,6,0.81,nhức cái lách lun á tr#xuhuong #doanvat #socolatanchay #ancungtiktok😍...,xuhuong doanvat socolatanchay ancungtiktok,BGM C A F E S O U N D S,໒꒱— 𝓐_𝝴ׅƖׅყׂ !¡🌟🛼,True,True,True
7539749202021092628,https://www.tiktok.com/@MS4wLjABAAAAMPnpn3EKG8gfAcqX7d5udBoWXobxoz2ltAK86h-KWmiWW8FQpaasKuCVtgQOhoIi/video/7539749202021092628,2025-08-18,9,Mon,32,2223,9,0,2,1,0.54,Combo bánh tráng nhà linh fooof có gì#xuhuong #ancungtiktok😍 #comboba...,xuhuong ancungtiktok comboba,B U B B L E G U M,୨ rae. 🪽,True,True,False
7539487466500197640,https://www.tiktok.com/@MS4wLjABAAAAMPnpn3EKG8gfAcqX7d5udBoWXobxoz2ltAK86h-KWmiWW8FQpaasKuCVtgQOhoIi/video/7539487466500197640,2025-08-17,16,Sun,34,112,8,4,2,4,16.07,mềm mềm dai dai siu ngon#xuhuong #doanvat #khobomieng #ancungtiktok😍 ...,xuhuong doanvat khobomieng ancungtiktok,original sound - antitrangkhanzone1,Anti Trang Khàn zone,True,True,False
7539378707350195463,https://www.tiktok.com/@MS4wLjABAAAAMPnpn3EKG8gfAcqX7d5udBoWXobxoz2ltAK86h-KWmiWW8FQpaasKuCVtgQOhoIi/video/7539378707350195463,2025-08-17,9,Sun,36,439,5,1,1,4,2.51,thề là nó ngon điên lun#xuhuong #doanvat #banhtrangsaygionbinhdinh #a...,xuhuong doanvat banhtrangsaygionbinhdinh a,original sound - meberyne,Mẹ bé Ry nè 🍒,True,True,False
7539197254226300180,https://www.tiktok.com/@MS4wLjABAAAAMPnpn3EKG8gfAcqX7d5udBoWXobxoz2ltAK86h-KWmiWW8FQpaasKuCVtgQOhoIi/video/7539197254226300180,2025-08-16,21,Sat,38,153,1,0,1,1,1.96,giòn rụm lun#xuhuong #doanvat #chuoisaymoc #ancungtiktok😍 #rivew  @ye...,xuhuong doanvat chuoisaymoc ancungtiktok rivew,c u t e s o. u n d,ׂ◌⃘  ׅ ׂ c͠ɑtִׄhɑִׄrinִׄē ִ𔘓ׄ,True,True,False
7539120389864099079,https://www.tiktok.com/@MS4wLjABAAAAMPnpn3EKG8gfAcqX7d5udBoWXobxoz2ltAK86h-KWmiWW8FQpaasKuCVtgQOhoIi/video/7539120389864099079,2025-08-16,16,Sat,20,404,2,1,1,2,1.49,giá chỉ bằng 1 cốc trà sữa na#xuhuong #doanvat #lohoakhomini #rivew #...,xuhuong doanvat lohoakhomini rivew,original sound - tieuyeu.23,Lúc xinh lúc đẹp 🦦,True,True,False
7539059131227868424,https://www.tiktok.com/@MS4wLjABAAAAMPnpn3EKG8gfAcqX7d5udBoWXobxoz2ltAK86h-KWmiWW8FQpaasKuCVtgQOhoIi/video/7539059131227868424,2025-08-16,12,Sat,36,203,2,0,2,1,2.46,Mê chưa mê chưa#xuhuong #doanvat #keodauphong #ancungtiktok😍 #rivew  ...,xuhuong doanvat keodauphong ancungtiktok rivew,Girls like me dont cry,Someone,True,True,False
7539004194167016725,https://www.tiktok.com/@MS4wLjABAAAAMPnpn3EKG8gfAcqX7d5udBoWXobxoz2ltAK86h-KWmiWW8FQpaasKuCVtgQOhoIi/video/7539004194167016725,2025-08-16,9,Sat,30,9143,46,2,5,5,0.63,Hốt lẹ mấy mí ơii#xuhuong #doanvat #banhtrang#ancungtiktok😍 #rivew  @...,xuhuong doanvat banhtrang ancungtiktok rivew,original sound - antitrangkhanzone1,Anti Trang Khàn zone,True,True,True
7538664225942605072,https://www.tiktok.com/@MS4wLjABAAAAMPnpn3EKG8gfAcqX7d5udBoWXobxoz2ltAK86h-KWmiWW8FQpaasKuCVtgQOhoIi/video/7538664225942605072,2025-08-15,11,Fri,30,8347,28,2,8,6,0.53,ngon nhức cái lách má ôi#xuhuong #doanvat #khobomiengmem#ancungtiktok...,xuhuong doanvat khobomiengmem ancungtiktok,B U B B L E G U M,fxiry_jennie5_,True,True,True
7538422545645636881,https://www.tiktok.com/@MS4wLjABAAAAMPnpn3EKG8gfAcqX7d5udBoWXobxoz2ltAK86h-KWmiWW8FQpaasKuCVtgQOhoIi/video/7538422545645636881,2025-08-14,19,Thu,36,1005,8,1,0,5,1.39,Ngon phát đin lun á tr#xuhuong #doanvat #combobanhtrangphoisuong #anc...,xuhuong doanvat combobanhtrangphoisuong anc,original sound - antitrangkhanzone1,Anti Trang Khàn zone,True,True,False
7538344838668881173,https://www.tiktok.com/@MS4wLjABAAAAMPnpn3EKG8gfAcqX7d5udBoWXobxoz2ltAK86h-KWmiWW8FQpaasKuCVtgQOhoIi/video/7538344838668881173,2025-08-14,14,Thu,34,2003,12,0,1,3,0.8,Ngon nha mí bà ơi#xuhuong #doanvat #keosuabo🐮 #ancungtiktok😍 #rivew  ...,xuhuong doanvat keosuabo ancungtiktok rivew,original sound - anvatcungoen,Ăn vặt cùng oen~,True,True,False
7538279631976172808,https://www.tiktok.com/@MS4wLjABAAAAMPnpn3EKG8gfAcqX7d5udBoWXobxoz2ltAK86h-KWmiWW8FQpaasKuCVtgQOhoIi/video/7538279631976172808,2025-08-14,10,Thu,34,4884,24,0,3,5,0.66,nó ngon mà giòn rụm lun á#xuhuong #doanvat #snacktala #ancungtiktok😍 ...,xuhuong doanvat snacktala ancungtiktok,original sound - asmrhieak,🔊🥧👩,True,True,False
7538036574290742546,https://www.tiktok.com/@MS4wLjABAAAAMPnpn3EKG8gfAcqX7d5udBoWXobxoz2ltAK86h-KWmiWW8FQpaasKuCVtgQOhoIi/video/7538036574290742546,2025-08-13,18,Wed,31,869,7,0,2,4,1.5,Nó ngonnnnn đin á#xuhuong #doanvat #banhgaunhankem #ancungtiktok😍 #ri...,xuhuong doanvat banhgaunhankem ancungtiktok ri,original sound - bblue.skyyyy,🦖,True,True,False
7537954688440995080,https://www.tiktok.com/@MS4wLjABAAAAMPnpn3EKG8gfAcqX7d5udBoWXobxoz2ltAK86h-KWmiWW8FQpaasKuCVtgQOhoIi/video/7537954688440995080,2025-08-13,13,Wed,29,369,6,1,2,2,2.98,ăn với cơm thì nhức cái lách#xuhuong #doanvat #thitheochayong9 #ancun...,xuhuong doanvat thitheochayong9 ancun,original sound - meberyne,Mẹ bé Ry nè 🍒,True,True,False
7537889605534780680,https://www.tiktok.com/@MS4wLjABAAAAMPnpn3EKG8gfAcqX7d5udBoWXobxoz2ltAK86h-KWmiWW8FQpaasKuCVtgQOhoIi/video/7537889605534780680,2025-08-13,9,Wed,29,2288,18,1,3,7,1.27,hốt kẹ mấy mí ơi#xuhuong #doanvat #banhtrangmixvi #ancungtiktok😍 #riv...,xuhuong doanvat banhtrangmixvi ancungtiktok riv,original sound - antitrangkhanzone1,Anti Trang Khàn zone,True,True,False
7537685525176651016,https://www.tiktok.com/@MS4wLjABAAAAMPnpn3EKG8gfAcqX7d5udBoWXobxoz2ltAK86h-KWmiWW8FQpaasKuCVtgQOhoIi/video/7537685525176651016,2025-08-12,20,Tue,33,2414,8,2,1,2,0.54,Kh ở huế mà ăn đặc sản huế na#xuhuong #doanvat #banhephue #ancungtikt...,xuhuong doanvat banhephue ancungtikt,original sound - antitrangkhanzone1,Anti Trang Khàn zone,True,True,False
7537628034162019602,https://www.tiktok.com/@MS4wLjABAAAAMPnpn3EKG8gfAcqX7d5udBoWXobxoz2ltAK86h-KWmiWW8FQpaasKuCVtgQOhoIi/video/7537628034162019602,2025-08-12,16,Tue,34,5032,28,2,10,3,0.85,ui ui aiu ngon na#xuhuong #doanvat #banhtrang #ancungtiktok😍 #rivew  ...,xuhuong doanvat banhtrang ancungtiktok rivew,original sound - reviewdoxin1.2,Tổng Kho Quà Tết 🧧,True,True,True
7537537002686745874,https://www.tiktok.com/@MS4wLjABAAAAMPnpn3EKG8gfAcqX7d5udBoWXobxoz2ltAK86h-KWmiWW8FQpaasKuCVtgQOhoIi/video/7537537002686745874,2025-08-12,10,Tue,27,1347,6,2,3,4,1.11,"món ăn tuổi thơ của tui nè, maya bà thì sao?#xuhuong #doanvat #bimbim...",xuhuong doanvat bimbim,original sound - thaoxinhh_04,𝙺𝙸𝙼 𝚃𝙷𝙰̉𝙾 𝚂𝚃𝙾𝚁𝙴🎀,True,True,False
7537324279554264338,https://www.tiktok.com/@MS4wLjABAAAAMPnpn3EKG8gfAcqX7d5udBoWXobxoz2ltAK86h-KWmiWW8FQpaasKuCVtgQOhoIi/video/7537324279554264338,2025-08-11,20,Mon,31,3781,18,0,3,5,0.69,kẹo sữa bò#xuhuong #doanvat #keosuabo🐮 #rivew #ancungtiktok😍  @yen_do...,xuhuong doanvat keosuabo rivew ancungtiktok,original sound - duyenoioii,Duyên Ới Ơi,True,True,False
7537252069837737223,https://www.tiktok.com/@MS4wLjABAAAAMPnpn3EKG8gfAcqX7d5udBoWXobxoz2ltAK86h-KWmiWW8FQpaasKuCVtgQOhoIi/video/7537252069837737223,2025-08-11,16,Mon,34,179,6,2,4,3,8.38,giòn rụm ngon mê#xuhuong #doanvat #banhthuyen #ancungtiktok😍 #rivew  ...,xuhuong doanvat banhthuyen ancungtiktok rivew,original sound - heinaa._.mukbang,🥡𝙃𝙚𝙞𝙣𝙖૮ ˶ᵔ ᵕ ᵔ˶ ა🧁,True,True,False
7537177466301844743,https://www.tiktok.com/@MS4wLjABAAAAMPnpn3EKG8gfAcqX7d5udBoWXobxoz2ltAK86h-KWmiWW8FQpaasKuCVtgQOhoIi/video/7537177466301844743,2025-08-11,11,Mon,40,814,15,4,2,5,3.19,Bánh trung thu hồi ức 1997 #xuhuong #doanvat #banhtrungthumochitrungm...,xuhuong doanvat banhtrungthumochitrungm,original sound - hoaithufevery,Hoài Thu Fevery,True,True,False
7536920705946914066,https://www.tiktok.com/@MS4wLjABAAAAMPnpn3EKG8gfAcqX7d5udBoWXobxoz2ltAK86h-KWmiWW8FQpaasKuCVtgQOhoIi/video/7536920705946914066,2025-08-10,18,Sun,30,953,9,1,4,4,1.89,Kẹo dẻo nhà leofood coa gì? #xuhuong #doanvat #keodeotraicay #leofood...,xuhuong doanvat keodeotraicay leofood,mamaboyspedup,𖤐⭒๋࣭ ⭑ʀɪɴ,True,True,False
7536840830942792978,https://www.tiktok.com/@MS4wLjABAAAAMPnpn3EKG8gfAcqX7d5udBoWXobxoz2ltAK86h-KWmiWW8FQpaasKuCVtgQOhoIi/video/7536840830942792978,2025-08-10,13,Sun,31,837,7,2,4,4,2.03,Vải thiều sấy khô bắc giang#xuhuong #vaithieubacgiang #ancungtiktok😍 ...,xuhuong vaithieubacgiang ancungtiktok,original sound - duyenoioii,Duyên Ới Ơi,True,True,False
7536770849894944007,https://www.tiktok.com/@MS4wLjABAAAAMPnpn3EKG8gfAcqX7d5udBoWXobxoz2ltAK86h-KWmiWW8FQpaasKuCVtgQOhoIi/video/7536770849894944007,2025-08-10,9,Sun,24,2863,15,1,1,3,0.7,ngon điên luôn á#xuhuong #khobo #chumruotsaymuoiot #ancungtiktok😍 #ri...,xuhuong khobo chumruotsaymuoiot ancungtiktok ri,original sound - antitrangkhanzone1,Anti Trang Khàn zone,True,True,False
7536516694727036178,https://www.tiktok.com/@MS4wLjABAAAAMPnpn3EKG8gfAcqX7d5udBoWXobxoz2ltAK86h-KWmiWW8FQpaasKuCVtgQOhoIi/video/7536516694727036178,2025-08-09,16,Sat,31,1404,12,3,1,5,1.5,ăn nó đã cái nư ạ#xuhuong #doanvat #khobo#khobomiengmem #ancungtiktok...,xuhuong doanvat khobo khobomiengmem ancungtiktok,original sound - sunday.mrphy,ز,True,True,False
7536447005426453778,https://www.tiktok.com/@MS4wLjABAAAAMPnpn3EKG8gfAcqX7d5udBoWXobxoz2ltAK86h-KWmiWW8FQpaasKuCVtgQOhoIi/video/7536447005426453778,2025-08-09,12,Sat,30,346,12,4,2,4,6.36,mì gà trộn phô mai#xuhuong #doanvat #migatronphomai #ancungtiktok😍 #r...,xuhuong doanvat migatronphomai ancungtiktok r,Tô mì gói_Junbeka,Junbeka,True,True,False
7536190213270359303,https://www.tiktok.com/@MS4wLjABAAAAMPnpn3EKG8gfAcqX7d5udBoWXobxoz2ltAK86h-KWmiWW8FQpaasKuCVtgQOhoIi/video/7536190213270359303,2025-08-08,19,Fri,35,1196,17,4,5,7,2.76,giòn rụm#xuhuong #doanvat #banhquymixhat #ancungtiktok😍 #rivew  @yen_...,xuhuong doanvat banhquymixhat ancungtiktok rivew,Heartbeat speed,คุณ23,True,True,False
7536120947158387986,https://www.tiktok.com/@MS4wLjABAAAAMPnpn3EKG8gfAcqX7d5udBoWXobxoz2ltAK86h-KWmiWW8FQpaasKuCVtgQOhoIi/video/7536120947158387986,2025-08-08,14,Fri,33,1149,7,3,5,4,1.65,bánh nextar#xuhuong #doanvat #nabati #nextar #ancungtiktok😍 #rivew  @...,xuhuong doanvat nabati nextar ancungtiktok rivew,C u p i d O r i g i n a l,Someone,True,True,False
7536038985185938706,https://www.tiktok.com/@MS4wLjABAAAAMPnpn3EKG8gfAcqX7d5udBoWXobxoz2ltAK86h-KWmiWW8FQpaasKuCVtgQOhoIi/video/7536038985185938706,2025-08-08,9,Fri,33,1222,7,6,2,5,1.64,Xoài sấy dẻo#xuhuong #doanvat #xoaisaydeo #xoaisaymuoiot #ancungtikto...,xuhuong doanvat xoaisaydeo xoaisaymuoiot ancungtikto,original sound - antitrangkhanzone1,Anti Trang Khàn zone,True,True,False
7535745365757201672,https://www.tiktok.com/@MS4wLjABAAAAMPnpn3EKG8gfAcqX7d5udBoWXobxoz2ltAK86h-KWmiWW8FQpaasKuCVtgQOhoIi/video/7535745365757201672,2025-08-07,14,Thu,33,3387,14,1,10,3,0.83,bò xuyên tiêu#xuhuong #doanvat #boxuyentieu #ancungtiktok😍 #rivew  @y...,xuhuong doanvat boxuyentieu ancungtiktok rivew,C u p i d O r i g i n a l,Someone,True,True,False
7535675568780479751,https://www.tiktok.com/@MS4wLjABAAAAMPnpn3EKG8gfAcqX7d5udBoWXobxoz2ltAK86h-KWmiWW8FQpaasKuCVtgQOhoIi/video/7535675568780479751,2025-08-07,10,Thu,27,1886,13,5,4,7,1.54,giòn rụm ăn là mê nha#xuhuong #doanvat #nuichiengion #nuichienbogion ...,xuhuong doanvat nuichiengion nuichienbogion,original sound - thi.ngoc195,𝙉𝙜ọ𝙘 𝙍𝙚𝙫𝙞𝙚𝙬 🧸,True,True,False
7535439519617682695,https://www.tiktok.com/@MS4wLjABAAAAMPnpn3EKG8gfAcqX7d5udBoWXobxoz2ltAK86h-KWmiWW8FQpaasKuCVtgQOhoIi/video/7535439519617682695,2025-08-06,18,Wed,35,602,8,6,5,2,3.49,giòn rụm mê lun#xuhuong #doanvat #banhephue #ancungtiktok😍 #rivew  @y...,xuhuong doanvat banhephue ancungtiktok rivew,original sound - heinaa._.mukbang,🥡𝙃𝙚𝙞𝙣𝙖૮ ˶ᵔ ᵕ ᵔ˶ ა🧁,True,True,False
7535375735662316808,https://www.tiktok.com/@MS4wLjABAAAAMPnpn3EKG8gfAcqX7d5udBoWXobxoz2ltAK86h-KWmiWW8FQpaasKuCVtgQOhoIi/video/7535375735662316808,2025-08-06,14,Wed,27,293,6,0,1,2,3.07,89🍠 2 bịch to oạch ạ#xuhuong#doanvat #bongtaytrang #luxury #rivew  @y...,xuhuong doanvat bongtaytrang luxury rivew,original sound - htwg13,𝒽𝓉,True,True,False
7535311339091250440,https://www.tiktok.com/@MS4wLjABAAAAMPnpn3EKG8gfAcqX7d5udBoWXobxoz2ltAK86h-KWmiWW8FQpaasKuCVtgQOhoIi/video/7535311339091250440,2025-08-06,10,Wed,32,1465,15,10,3,6,2.32,Nó ngon lém nha#xuhuong #doanvat #banhgaunhankem #banhgau🐻 #ancungtik...,xuhuong doanvat banhgaunhankem banhgau ancungtik,Տᑌᘜᗩᖇ ᑕOOKIᗴ,cintiolll,True,True,False
7535093674397420808,https://www.tiktok.com/@MS4wLjABAAAAMPnpn3EKG8gfAcqX7d5udBoWXobxoz2ltAK86h-KWmiWW8FQpaasKuCVtgQOhoIi/video/7535093674397420808,2025-08-05,20,Tue,34,12400,41,10,13,14,0.63,bim bim đậu xanh#xuhuong #doanvat #bimbimdauxanh #ancungtiktok😍 #rive...,xuhuong doanvat bimbimdauxanh ancungtiktok rive,original sound - heinaa._.mukbang,🥡𝙃𝙚𝙞𝙣𝙖૮ ˶ᵔ ᵕ ᵔ˶ ა🧁,True,True,True
7535038375330319624,https://www.tiktok.com/@MS4wLjABAAAAMPnpn3EKG8gfAcqX7d5udBoWXobxoz2ltAK86h-KWmiWW8FQpaasKuCVtgQOhoIi/video/7535038375330319624,2025-08-05,16,Tue,33,467,6,4,6,4,4.28,ngon nha#xuhuong #doanvat #banhthuyen #ancungtiktok😍 #banhthuyenhatdi...,xuhuong doanvat banhthuyen ancungtiktok banhthuyenhatdi,original sound - nhamnhamjt,Một chiếc bụng đói,True,True,False
7534996386622786823,https://www.tiktok.com/@MS4wLjABAAAAMPnpn3EKG8gfAcqX7d5udBoWXobxoz2ltAK86h-KWmiWW8FQpaasKuCVtgQOhoIi/video/7534996386622786823,2025-08-05,14,Tue,39,1699,4,1,2,1,0.47,Bò xuyên tiêu #xuhuong #doanvat #boxuyentieu #ancungtiktok😍 #rivew  @...,xuhuong doanvat boxuyentieu ancungtiktok rivew,original sound - shopkimanh.163,Shop Kim Anh🌸,True,True,False
7534720893789015304,https://www.tiktok.com/@MS4wLjABAAAAMPnpn3EKG8gfAcqX7d5udBoWXobxoz2ltAK86h-KWmiWW8FQpaasKuCVtgQOhoIi/video/7534720893789015304,2025-08-04,20,Mon,32,335,6,6,5,3,5.97,ngon mê#xuhuong #doanvat #hatdieurangtoiot #ancungtiktok😍 #rivew  @ye...,xuhuong doanvat hatdieurangtoiot ancungtiktok rivew,original sound - celinecam94,Celine Cẩm,True,True,False
7534665264663776520,https://www.tiktok.com/@MS4wLjABAAAAMPnpn3EKG8gfAcqX7d5udBoWXobxoz2ltAK86h-KWmiWW8FQpaasKuCVtgQOhoIi/video/7534665264663776520,2025-08-04,16,Mon,43,1252,13,3,5,3,1.92,nó ngon nha#xuhuong #doanvat #banhtrungthumochitrungmuoi #ancungtikto...,xuhuong doanvat banhtrungthumochitrungmuoi ancungtikto,Տᑌᘜᗩᖇ ᑕOOKIᗴ,cintiolll,True,True,False
7534611083890363666,https://www.tiktok.com/@MS4wLjABAAAAMPnpn3EKG8gfAcqX7d5udBoWXobxoz2ltAK86h-KWmiWW8FQpaasKuCVtgQOhoIi/video/7534611083890363666,2025-08-04,13,Mon,34,377,6,3,1,5,3.98,Rong biển ăn liền ai cũng mê nè#xuhuong #doanvat #rongbientroncom #ro...,xuhuong doanvat rongbientroncom ro,cute cafesounds,𝐂𝐲𝐛𝐞𝐥𝐥𝐚 ! 👩🏻‍🍳,True,True,False
7534330381835963656,https://www.tiktok.com/@MS4wLjABAAAAMPnpn3EKG8gfAcqX7d5udBoWXobxoz2ltAK86h-KWmiWW8FQpaasKuCVtgQOhoIi/video/7534330381835963656,2025-08-03,19,Sun,37,3636,18,4,11,6,1.07,noa ngon lắm#xuhuong #doanvat#chumruotsaymuoiot #ancungtiktok😍#rivew ...,xuhuong doanvat chumruotsaymuoiot ancungtiktok rivew,original sound - appleccndy,"@___<  ꪱ𐑈αα, 🐰🧁⭐🎀",True,True,False
7534266011172850962,https://www.tiktok.com/@MS4wLjABAAAAMPnpn3EKG8gfAcqX7d5udBoWXobxoz2ltAK86h-KWmiWW8FQpaasKuCVtgQOhoIi/video/7534266011172850962,2025-08-03,15,Sun,33,486,8,6,3,4,4.32,bánh nabati Nextar #xuhuong #doanvat #banhnabati #nextar #ancungtikto...,xuhuong doanvat banhnabati nextar ancungtikto,C u p i d O r i g i n a l,Someone,True,True,False
7534204193372966151,https://www.tiktok.com/@MS4wLjABAAAAMPnpn3EKG8gfAcqX7d5udBoWXobxoz2ltAK86h-KWmiWW8FQpaasKuCVtgQOhoIi/video/7534204193372966151,2025-08-03,11,Sun,35,1539,10,6,5,4,1.62,Nui siu giòn na#xuhuong #doanvat #nuichienbo #ancungtiktok😍 #rivew  @...,xuhuong doanvat nuichienbo ancungtiktok rivew,original sound - heinaa._.mukbang,🥡𝙃𝙚𝙞𝙣𝙖૮ ˶ᵔ ᵕ ᵔ˶ ა🧁,True,True,False
7533954322439228680,https://www.tiktok.com/@MS4wLjABAAAAMPnpn3EKG8gfAcqX7d5udBoWXobxoz2ltAK86h-KWmiWW8FQpaasKuCVtgQOhoIi/video/7533954322439228680,2025-08-02,18,Sat,33,4313,13,2,1,3,0.44,ngon ngon#xuhuong #doanvat #banhgaunhankem #banhgau🐻 #ancungtiktok😍 #...,xuhuong doanvat banhgaunhankem banhgau ancungtiktok,오사하면 달려감,euoxwe,True,False,True
7533883643958168840,https://www.tiktok.com/@MS4wLjABAAAAMPnpn3EKG8gfAcqX7d5udBoWXobxoz2ltAK86h-KWmiWW8FQpaasKuCVtgQOhoIi/video/7533883643958168840,2025-08-02,14,Sat,31,4372,26,0,6,8,0.91,bánh tráng trộn#xuhuong #doanvat #banhtrang#banhtrangtron#ancungtikto...,xuhuong doanvat banhtrang banhtrangtron ancungtikto,original sound - softiecokies3,⌯ ⸼ ࣪ ۪ ɣռ͠ꪱ౿ ♫ ˖ ࣪ ׅ,True,True,False
7533817084116012306,https://www.tiktok.com/@MS4wLjABAAAAMPnpn3EKG8gfAcqX7d5udBoWXobxoz2ltAK86h-KWmiWW8FQpaasKuCVtgQOhoIi/video/7533817084116012306,2025-08-02,9,Sat,30,379,8,5,3,5,5.54,giòn rụm thơm ngon nha#xuhuong #doanvat #hatdieurangtoiot #ancungtikt...,xuhuong doanvat hatdieurangtoiot ancungtikt,original sound - antitrangkhanzone1,Anti Trang Khàn zone,True,True,False
7533524990990322951,https://www.tiktok.com/@MS4wLjABAAAAMPnpn3EKG8gfAcqX7d5udBoWXobxoz2ltAK86h-KWmiWW8FQpaasKuCVtgQOhoIi/video/7533524990990322951,2025-08-01,15,Fri,29,855,8,2,4,5,2.22,Mê lắm lun á#xuhuong #doanvat #khobo#khobomiengmem#ancungtiktok😍 #riv...,xuhuong doanvat khobo khobomiengmem ancungtiktok riv,original sound - vlawmzzn._,vlamm gay,True,True,False
7533465285324590343,https://www.tiktok.com/@MS4wLjABAAAAMPnpn3EKG8gfAcqX7d5udBoWXobxoz2ltAK86h-KWmiWW8FQpaasKuCVtgQOhoIi/video/7533465285324590343,2025-08-01,11,Fri,36,783,4,1,0,3,1.02,Hốt lẹ nè mấy bồ ơii#xuhuong #doanvat #banhtrang#ancungtiktok😍 #rivew...,xuhuong doanvat banhtrang ancungtiktok rivew,original sound - reviewdoxin1.2,Tổng Kho Quà Tết 🧧,True,True,False
7533204211622857991,https://www.tiktok.com/@MS4wLjABAAAAMPnpn3EKG8gfAcqX7d5udBoWXobxoz2ltAK86h-KWmiWW8FQpaasKuCVtgQOhoIi/video/7533204211622857991,2025-07-31,18,Thu,30,867,13,5,2,5,2.88,kẹo dẻo trái cây#xuhuong #doanvat #keodeotraicaymix #ancungtiktok😍 #r...,xuhuong doanvat keodeotraicaymix ancungtiktok r,cute cafesounds,𝐂𝐲𝐛𝐞𝐥𝐥𝐚 ! 👩🏻‍🍳,True,True,False
7533112139901455634,https://www.tiktok.com/@MS4wLjABAAAAMPnpn3EKG8gfAcqX7d5udBoWXobxoz2ltAK86h-KWmiWW8FQpaasKuCVtgQOhoIi/video/7533112139901455634,2025-07-31,12,Thu,32,16500,81,5,14,7,0.65,đậm đà thơm ngon nha#xuhuong #doanvat #bunoclieuchau #bunoc#ancungtik...,xuhuong doanvat bunoclieuchau bunoc ancungtik,original sound - m._mii,⋅˚₊‧ ୨ 𝒎𝒎𝒊𝒊 ୧ ‧₊˚ ⋅,True,True,True
7532812713269955848,https://www.tiktok.com/@MS4wLjABAAAAMPnpn3EKG8gfAcqX7d5udBoWXobxoz2ltAK86h-KWmiWW8FQpaasKuCVtgQOhoIi/video/7532812713269955848,2025-07-30,17,Wed,32,1258,17,11,8,6,3.34,ta nói nó ngonnnn#xuhuong #doanvat #banhtrungthu #ancungtiktok😍 #rive...,xuhuong doanvat banhtrungthu ancungtiktok rive,original sound - softtie_pie,안녕𝖸ɑɣɑ || 🎀,True,True,False
7532763061074038034,https://www.tiktok.com/@MS4wLjABAAAAMPnpn3EKG8gfAcqX7d5udBoWXobxoz2ltAK86h-KWmiWW8FQpaasKuCVtgQOhoIi/video/7532763061074038034,2025-07-30,13,Wed,36,2729,11,5,9,4,1.06,Siuuu ngonnnn#xuhuong #doanvat #xoaisaydeo #ancungtiktok😍 #rivew  @ye...,xuhuong doanvat xoaisaydeo ancungtiktok rivew,original sound - toxca..chloe0,𖦁ׅ ࣪ chloe ៵🎄 ࣪ ִֶָ ⋆,True,True,False
7532430800634023175,https://www.tiktok.com/@MS4wLjABAAAAMPnpn3EKG8gfAcqX7d5udBoWXobxoz2ltAK86h-KWmiWW8FQpaasKuCVtgQOhoIi/video/7532430800634023175,2025-07-29,16,Tue,33,5612,19,3,2,2,0.46,Kẹo dẻo siu ngonnn#xuhuong #doanvat #keodeo#keodeopandapen #ancungtik...,xuhuong doanvat keodeo keodeopandapen ancungtik,C u p i d O r i g i n a l,Someone,True,True,True
7532352506525928712,https://www.tiktok.com/@MS4wLjABAAAAMPnpn3EKG8gfAcqX7d5udBoWXobxoz2ltAK86h-KWmiWW8FQpaasKuCVtgQOhoIi/video/7532352506525928712,2025-07-29,11,Tue,35,559,10,5,3,6,4.29,Siuu ngon lun á#xuhuong #doanvat #xoaisaydeo #huyenzenda #ancungtikto...,xuhuong doanvat xoaisaydeo huyenzenda ancungtikto,original sound - sunday.mrphy,ز,True,True,False
7532013187378597127,https://www.tiktok.com/@MS4wLjABAAAAMPnpn3EKG8gfAcqX7d5udBoWXobxoz2ltAK86h-KWmiWW8FQpaasKuCVtgQOhoIi/video/7532013187378597127,2025-07-28,13,Mon,37,427,4,3,1,2,2.34,giòn rụm ngon mee#xuhuong #doanvat #bapsaytoiot #ancungtiktok😍 #rivew...,xuhuong doanvat bapsaytoiot ancungtiktok rivew,Dessert,kanelagantiakun,True,True,False
7531950203386006791,https://www.tiktok.com/@MS4wLjABAAAAMPnpn3EKG8gfAcqX7d5udBoWXobxoz2ltAK86h-KWmiWW8FQpaasKuCVtgQOhoIi/video/7531950203386006791,2025-07-28,9,Mon,32,325,6,3,1,4,4.31,ngon lắm lun ý#xuhuong #doanvat #banhthuyendieumacca #ancungtiktok😍 #...,xuhuong doanvat banhthuyendieumacca ancungtiktok,original sound - nguyen.trang2105,Bún đậu nước tương -,True,True,False
7531694975902387474,https://www.tiktok.com/@MS4wLjABAAAAMPnpn3EKG8gfAcqX7d5udBoWXobxoz2ltAK86h-KWmiWW8FQpaasKuCVtgQOhoIi/video/7531694975902387474,2025-07-27,16,Sun,41,1387,8,9,0,5,1.59,ú ụ trứng chảy lun ạ#xuhuong #doanvat #banhliutrungchay #ancungtiktok...,xuhuong doanvat banhliutrungchay ancungtiktok,original sound - _kiasatin4,saa-𖹭.ᐟ,True,True,False
7531605751580642568,https://www.tiktok.com/@MS4wLjABAAAAMPnpn3EKG8gfAcqX7d5udBoWXobxoz2ltAK86h-KWmiWW8FQpaasKuCVtgQOhoIi/video/7531605751580642568,2025-07-27,10,Sun,31,466,5,6,2,2,3.22,Granola siu ngon#xuhuong #doanvat #granola #ancungtiktok😍 #rivew  @ye...,xuhuong doanvat granola ancungtiktok rivew,Dessert,kanelagantiakun,True,True,False
7531378656564890888,https://www.tiktok.com/@MS4wLjABAAAAMPnpn3EKG8gfAcqX7d5udBoWXobxoz2ltAK86h-KWmiWW8FQpaasKuCVtgQOhoIi/video/7531378656564890888,2025-07-26,20,Sat,39,270,6,2,0,4,4.44,cơm cháy#xuhuong #doanvat #comchay #comchayphuchabong #ancungtiktok😍 ...,xuhuong doanvat comchay comchayphuchabong ancungtiktok,original sound - yowkiies,⁎⁺˳⪩ 𝐀𝐲𝐮 ! 🍡៸៸,True,True,False
7531266516742917383,https://www.tiktok.com/@MS4wLjABAAAAMPnpn3EKG8gfAcqX7d5udBoWXobxoz2ltAK86h-KWmiWW8FQpaasKuCVtgQOhoIi/video/7531266516742917383,2025-07-26,13,Sat,31,180,4,0,1,2,3.89,Nhon lém nha#xuhuong#doanvat #banhphusocola #ancungtiktok😍 #rivew  @y...,xuhuong doanvat banhphusocola ancungtiktok rivew,Titibok tibok,୨ .ᐟ ⨍𝚛ᥲ𝕟ᥴ౿ડ ⑅ 🩰 ଓ,True,True,True
7530959106409123079,https://www.tiktok.com/@MS4wLjABAAAAMPnpn3EKG8gfAcqX7d5udBoWXobxoz2ltAK86h-KWmiWW8FQpaasKuCVtgQOhoIi/video/7530959106409123079,2025-07-25,17,Fri,30,4271,21,2,2,6,0.73,3 bịch 43kar thuii na#xuhuong #doanvat #banhtrang #ancungtiktok😍 #riv...,xuhuong doanvat banhtrang ancungtiktok riv,original sound - reviewdoxin1.2,Tổng Kho Quà Tết 🧧,True,True,True
7530870895523613970,https://www.tiktok.com/@MS4wLjABAAAAMPnpn3EKG8gfAcqX7d5udBoWXobxoz2ltAK86h-KWmiWW8FQpaasKuCVtgQOhoIi/video/7530870895523613970,2025-07-25,11,Fri,30,1111,10,2,3,3,1.62,giòm rụm tan chảy lun ạ#xuhuong #doanvat #banhtrangnuongmamruoc #ancu...,xuhuong doanvat banhtrangnuongmamruoc ancu,오사하면 달려감,euoxwe,True,True,False
7530571239878839570,https://www.tiktok.com/@MS4wLjABAAAAMPnpn3EKG8gfAcqX7d5udBoWXobxoz2ltAK86h-KWmiWW8FQpaasKuCVtgQOhoIi/video/7530571239878839570,2025-07-24,16,Thu,34,210,6,6,2,3,8.1,khô heo cháy tỏi #xuhuong #doanvat #khoheochaytoi #ancungtiktok😍 #riv...,xuhuong doanvat khoheochaytoi ancungtiktok riv,original sound - softtie_pie,안녕𝖸ɑɣɑ || 🎀,True,True,False
7530492670255402247,https://www.tiktok.com/@MS4wLjABAAAAMPnpn3EKG8gfAcqX7d5udBoWXobxoz2ltAK86h-KWmiWW8FQpaasKuCVtgQOhoIi/video/7530492670255402247,2025-07-24,10,Thu,31,1924,4,2,1,3,0.52,ngonnnnnn#xuhuong #doanvat #chuoisaymegung #ancungtiktok😍 #rivew  @ye...,xuhuong doanvat chuoisaymegung ancungtiktok rivew,original sound - heinaa._.mukbang,🥡𝙃𝙚𝙞𝙣𝙖૮ ˶ᵔ ᵕ ᵔ˶ ა🧁,True,True,False
7530221371301924104,https://www.tiktok.com/@MS4wLjABAAAAMPnpn3EKG8gfAcqX7d5udBoWXobxoz2ltAK86h-KWmiWW8FQpaasKuCVtgQOhoIi/video/7530221371301924104,2025-07-23,17,Wed,35,161,7,1,0,3,6.83,Tan chảy lun ạ#xuhuong #doanvat #chocolate #chocmet #ancungtiktok😍 #r...,xuhuong doanvat chocolate chocmet ancungtiktok r,original sound - heinaa._.mukbang,🥡𝙃𝙚𝙞𝙣𝙖૮ ˶ᵔ ᵕ ᵔ˶ ა🧁,True,True,False
7530093633891077383,https://www.tiktok.com/@MS4wLjABAAAAMPnpn3EKG8gfAcqX7d5udBoWXobxoz2ltAK86h-KWmiWW8FQpaasKuCVtgQOhoIi/video/7530093633891077383,2025-07-23,9,Wed,31,383,6,4,1,3,3.66,Bánh siuuu ngon#xuhuong #doanvat #banhtrungchaydoha #banhtrungchay#an...,xuhuong doanvat banhtrungchaydoha banhtrungchay an,original sound - bblue.skyyyy,🦖,True,True,False
7529808675876195592,https://www.tiktok.com/@MS4wLjABAAAAMPnpn3EKG8gfAcqX7d5udBoWXobxoz2ltAK86h-KWmiWW8FQpaasKuCVtgQOhoIi/video/7529808675876195592,2025-07-22,14,Tue,36,2686,10,3,0,5,0.67,Thử đi mấy bồ ơii#xuhuong #doanvat #chuoisaymegung #ancungtiktok😍 #ri...,xuhuong doanvat chuoisaymegung ancungtiktok ri,original sound - antitrangkhanzone1,Anti Trang Khàn zone,True,True,False
7529749517537643783,https://www.tiktok.com/@MS4wLjABAAAAMPnpn3EKG8gfAcqX7d5udBoWXobxoz2ltAK86h-KWmiWW8FQpaasKuCVtgQOhoIi/video/7529749517537643783,2025-07-22,10,Tue,36,5589,26,0,3,4,0.59,Ngonnn nhức lách#xuhuong #doanvat #baroimamtoi #ancungtiktok😍 #rivew ...,xuhuong doanvat baroimamtoi ancungtiktok rivew,original sound - heinaa._.mukbang,🥡𝙃𝙚𝙞𝙣𝙖૮ ˶ᵔ ᵕ ᵔ˶ ა🧁,True,True,False
7529541917428698375,https://www.tiktok.com/@MS4wLjABAAAAMPnpn3EKG8gfAcqX7d5udBoWXobxoz2ltAK86h-KWmiWW8FQpaasKuCVtgQOhoIi/video/7529541917428698375,2025-07-21,21,Mon,35,165,7,3,0,3,7.88,Ngon đin lun á#xuhuong #doanvat #khoaitaylacphomai #ancungtiktok😍 #ri...,xuhuong doanvat khoaitaylacphomai ancungtiktok ri,G o o d p a r t s,Someone,True,True,False
7529466265056873736,https://www.tiktok.com/@MS4wLjABAAAAMPnpn3EKG8gfAcqX7d5udBoWXobxoz2ltAK86h-KWmiWW8FQpaasKuCVtgQOhoIi/video/7529466265056873736,2025-07-21,16,Mon,34,2996,12,8,4,5,0.97,"ngon siu ngon, giòn rụm#xuhuong #doanvat #snack #tamdauhalan #ancungt...",xuhuong doanvat snack tamdauhalan ancungt,cafe sound by bokki,꒰.°ʙᴏᴋᴋɪ•sᴏᴜɴᴅ ˙ᵕ˙꒱,True,True,False
7529374787018165512,https://www.tiktok.com/@MS4wLjABAAAAMPnpn3EKG8gfAcqX7d5udBoWXobxoz2ltAK86h-KWmiWW8FQpaasKuCVtgQOhoIi/video/7529374787018165512,2025-07-21,10,Mon,40,242500,2396,25,431,424,1.35,ui ui nó ngon#xuhuong #doanvat #banhtrang #ancungtiktok😍 #rivew  @yen...,xuhuong doanvat banhtrang ancungtiktok rivew,original sound - reviewdoxin1.2,Tổng Kho Quà Tết 🧧,True,True,True
7529073076789710098,https://www.tiktok.com/@MS4wLjABAAAAMPnpn3EKG8gfAcqX7d5udBoWXobxoz2ltAK86h-KWmiWW8FQpaasKuCVtgQOhoIi/video/7529073076789710098,2025-07-20,15,Sun,35,10700,40,7,10,8,0.61,Vải ngâm nước đường#xuhuong #doanvat #vaingamduong #vaingam#ancungtik...,xuhuong doanvat vaingamduong vaingam ancungtik,original sound - meberyne,Mẹ bé Ry nè 🍒,True,True,True
7528747446046854407,https://www.tiktok.com/@MS4wLjABAAAAMPnpn3EKG8gfAcqX7d5udBoWXobxoz2ltAK86h-KWmiWW8FQpaasKuCVtgQOhoIi/video/7528747446046854407,2025-07-19,18,Sat,31,908,14,3,5,5,2.97,ngonnnnn nhức lách#xuhuong #doanvat #banhtrang #ancungtiktok😍 #rivew ...,xuhuong doanvat banhtrang ancungtiktok rivew,original sound - bubble_.babydoll,Bubble_babydoll🍰🍓,True,True,False
7528676651631267090,https://www.tiktok.com/@MS4wLjABAAAAMPnpn3EKG8gfAcqX7d5udBoWXobxoz2ltAK86h-KWmiWW8FQpaasKuCVtgQOhoIi/video/7528676651631267090,2025-07-19,13,Sat,32,42200,306,6,57,40,0.97,ngon nhức cái lách lun#xuhuong #doanvat #nimssocolagiontan #ancungtik...,xuhuong doanvat nimssocolagiontan ancungtik,original sound - reviewcungto8,Review Cùng Tớ ✨🎀,True,True,False
7528607360110284040,https://www.tiktok.com/@MS4wLjABAAAAMPnpn3EKG8gfAcqX7d5udBoWXobxoz2ltAK86h-KWmiWW8FQpaasKuCVtgQOhoIi/video/7528607360110284040,2025-07-19,9,Sat,35,1148,15,4,4,5,2.44,giòn rụm ăn đã lắm nha#xuhuong #doanvat #snack#snacktala #ancungtikto...,xuhuong doanvat snack snacktala ancungtikto,original sound - nhamnhamjt,Một chiếc bụng đói,True,True,False
7528320328641056018,https://www.tiktok.com/@MS4wLjABAAAAMPnpn3EKG8gfAcqX7d5udBoWXobxoz2ltAK86h-KWmiWW8FQpaasKuCVtgQOhoIi/video/7528320328641056018,2025-07-18,14,Fri,37,21300,73,3,8,7,0.43,thử đi mê cực#xuhuong #doanvat #bunoclieuchau #ancungtiktok😍 #rivew  ...,xuhuong doanvat bunoclieuchau ancungtiktok rivew,C u p i d O r i g i n a l,Someone,True,True,False
7528264466685775111,https://www.tiktok.com/@MS4wLjABAAAAMPnpn3EKG8gfAcqX7d5udBoWXobxoz2ltAK86h-KWmiWW8FQpaasKuCVtgQOhoIi/video/7528264466685775111,2025-07-18,10,Fri,36,3647,17,1,3,11,0.88,Giòn rụm mê nha#xuhuong #doanvat #baroimamtoi #ancungtiktok😍 #rivew  ...,xuhuong doanvat baroimamtoi ancungtiktok rivew,cafe sound by bokki,꒰.°ʙᴏᴋᴋɪ•sᴏᴜɴᴅ ˙ᵕ˙꒱,True,True,False
7527289767340330248,https://www.tiktok.com/@MS4wLjABAAAAMPnpn3EKG8gfAcqX7d5udBoWXobxoz2ltAK86h-KWmiWW8FQpaasKuCVtgQOhoIi/video/7527289767340330248,2025-07-15,19,Tue,38,1177,10,2,0,3,1.27,4.5 cá thui hốt lẹ na#xuhuong #doanvat #banhtrang#ancungtiktok😍 #rive...,xuhuong doanvat banhtrang ancungtiktok rive,original sound - reviewdoxin1.2,Tổng Kho Quà Tết 🧧,True,True,False
7526463126108130578,https://www.tiktok.com/@MS4wLjABAAAAMPnpn3EKG8gfAcqX7d5udBoWXobxoz2ltAK86h-KWmiWW8FQpaasKuCVtgQOhoIi/video/7526463126108130578,2025-07-13,14,Sun,30,3258,9,6,6,6,0.83,Chuối sấy mè giừng#xuhuong #doanvat #chuoisaymegung #ancungtiktok😍 #r...,xuhuong doanvat chuoisaymegung ancungtiktok r,cafe sound by bokki,꒰.°ʙᴏᴋᴋɪ•sᴏᴜɴᴅ ˙ᵕ˙꒱,True,True,False
7526123728543960328,https://www.tiktok.com/@MS4wLjABAAAAMPnpn3EKG8gfAcqX7d5udBoWXobxoz2ltAK86h-KWmiWW8FQpaasKuCVtgQOhoIi/video/7526123728543960328,2025-07-12,16,Sat,35,1819,12,10,9,6,2.03,Bánh tuổi thơ nè#xuhuong #doanvat #banhquyduaman #banhtuoitho#ancungt...,xuhuong doanvat banhquyduaman banhtuoitho ancungt,Titibok tibok,୨ .ᐟ ⨍𝚛ᥲ𝕟ᥴ౿ડ ⑅ 🩰 ଓ,True,True,False
7526043934938664210,https://www.tiktok.com/@MS4wLjABAAAAMPnpn3EKG8gfAcqX7d5udBoWXobxoz2ltAK86h-KWmiWW8FQpaasKuCVtgQOhoIi/video/7526043934938664210,2025-07-12,11,Sat,32,327,3,0,0,2,1.53,Combo bánh tráng hành phi#xuhuong #doanvat #banhtrang#banhtranghanhph...,xuhuong doanvat banhtrang banhtranghanhph,original sound - huongtrasandeal,Hương Trà Săn Deal,True,True,False
7525781594976587016,https://www.tiktok.com/@MS4wLjABAAAAMPnpn3EKG8gfAcqX7d5udBoWXobxoz2ltAK86h-KWmiWW8FQpaasKuCVtgQOhoIi/video/7525781594976587016,2025-07-11,18,Fri,32,631,9,5,2,2,2.85,Chảy nước miếng ạ#xuhuong #doanvat #chuoisaymegung #ancungtiktok😍 #ri...,xuhuong doanvat chuoisaymegung ancungtiktok ri,C u p i d O r i g i n a l,Someone,True,True,False
7525027743784979730,https://www.tiktok.com/@MS4wLjABAAAAMPnpn3EKG8gfAcqX7d5udBoWXobxoz2ltAK86h-KWmiWW8FQpaasKuCVtgQOhoIi/video/7525027743784979730,2025-07-09,17,Wed,32,29400,267,11,53,39,1.26,Nó siu ngon na#xuhuong #doanvat #banhtrang #ancungtiktok😍 #rivew  @ye...,xuhuong doanvat banhtrang ancungtiktok rivew,original sound - heinaa._.mukbang,🥡𝙃𝙚𝙞𝙣𝙖૮ ˶ᵔ ᵕ ᵔ˶ ა🧁,True,True,True
7524669892793044242,https://www.tiktok.com/@MS4wLjABAAAAMPnpn3EKG8gfAcqX7d5udBoWXobxoz2ltAK86h-KWmiWW8FQpaasKuCVtgQOhoIi/video/7524669892793044242,2025-07-08,18,Tue,35,4326,17,13,4,7,0.95,Bánh phủ socola#xuhuong#doanvat #banhphusocola#chocopie #ancungtiktok...,xuhuong doanvat banhphusocola chocopie ancungtiktok,C u p i d O r i g i n a l,Someone,True,True,False
7524590292662537480,https://www.tiktok.com/@MS4wLjABAAAAMPnpn3EKG8gfAcqX7d5udBoWXobxoz2ltAK86h-KWmiWW8FQpaasKuCVtgQOhoIi/video/7524590292662537480,2025-07-08,13,Tue,31,1611,4,0,1,2,0.43,Chuối sấy mè gừng#xuhuong #doanvat #chuoisaymegung #ancungtiktok😍 #ri...,xuhuong doanvat chuoisaymegung ancungtiktok ri,original sound - _yandere.._simulator,Rusteen 🫶🏻,True,True,False
7524277888984665352,https://www.tiktok.com/@MS4wLjABAAAAMPnpn3EKG8gfAcqX7d5udBoWXobxoz2ltAK86h-KWmiWW8FQpaasKuCVtgQOhoIi/video/7524277888984665352,2025-07-07,17,Mon,37,1479,14,2,1,6,1.56,Kẹo dẻo trâu cây#xuhuong #doanvat #keodeotraicay#ancungtiktok😍 #rivew...,xuhuong doanvat keodeotraicay ancungtiktok rivew,original sound - lilymukbangidols,Lilly🥧🧃,True,True,False
7524216424735280392,https://www.tiktok.com/@MS4wLjABAAAAMPnpn3EKG8gfAcqX7d5udBoWXobxoz2ltAK86h-KWmiWW8FQpaasKuCVtgQOhoIi/video/7524216424735280392,2025-07-07,13,Mon,37,2367,21,1,2,4,1.18,siu ngon #xuhuong #doanvat #comchay #conchayphuchabong#ancungtiktok😍#...,xuhuong doanvat comchay conchayphuchabong ancungtiktok,C u p i d O r i g i n a l,Someone,True,True,False
7523936729003248903,https://www.tiktok.com/@MS4wLjABAAAAMPnpn3EKG8gfAcqX7d5udBoWXobxoz2ltAK86h-KWmiWW8FQpaasKuCVtgQOhoIi/video/7523936729003248903,2025-07-06,18,Sun,37,8202,15,7,2,3,0.33,Heo thì mà ngon nha#xuhuong#doanvat #hebekery #bicotti #ancungtiktok😍...,xuhuong doanvat hebekery bicotti ancungtiktok,BGM C A F E S O U N D S,໒꒱— 𝓐_𝝴ׅƖׅყׂ !¡🌟🛼,True,True,False
7523873163348921618,https://www.tiktok.com/@MS4wLjABAAAAMPnpn3EKG8gfAcqX7d5udBoWXobxoz2ltAK86h-KWmiWW8FQpaasKuCVtgQOhoIi/video/7523873163348921618,2025-07-06,14,Sun,36,3879,9,1,3,3,0.41,Siuu ngonn#xuhuong #doanvat #banhliu #banhliutrungchay #ancungtiktok😍...,xuhuong doanvat banhliu banhliutrungchay ancungtiktok,original sound - bblue.skyyyy,🦖,True,True,False
7523606386811374855,https://www.tiktok.com/@MS4wLjABAAAAMPnpn3EKG8gfAcqX7d5udBoWXobxoz2ltAK86h-KWmiWW8FQpaasKuCVtgQOhoIi/video/7523606386811374855,2025-07-05,21,Sat,35,40800,155,2,20,21,0.49,Ngon đien lun á#xuhuong #doanvat #khobo#khobomiengmem #ancungtiktok😍 ...,xuhuong doanvat khobo khobomiengmem ancungtiktok,Girls like me dont cry,Someone,True,True,True
7523521802740501767,https://www.tiktok.com/@MS4wLjABAAAAMPnpn3EKG8gfAcqX7d5udBoWXobxoz2ltAK86h-KWmiWW8FQpaasKuCVtgQOhoIi/video/7523521802740501767,2025-07-05,16,Sat,30,1512,12,0,1,3,1.06,siu ngon siu rẹ#xuhuong #doanvat #banhtrang #ancungtiktok😍 #rivew  @y...,xuhuong doanvat banhtrang ancungtiktok rivew,original sound - toxca..chloe0,𖦁ׅ ࣪ chloe ៵🎄 ࣪ ִֶָ ⋆,True,True,False
7523205126287396104,https://www.tiktok.com/@MS4wLjABAAAAMPnpn3EKG8gfAcqX7d5udBoWXobxoz2ltAK86h-KWmiWW8FQpaasKuCVtgQOhoIi/video/7523205126287396104,2025-07-04,19,Fri,37,216,7,5,3,6,9.72,ngon lém#xuhuong #doanvat #banhduanhansaurieng #ancungtiktok😍 #rivew ...,xuhuong doanvat banhduanhansaurieng ancungtiktok rivew,C u p i d O r i g i n a l,Someone,True,True,False
7523115122597055752,https://www.tiktok.com/@MS4wLjABAAAAMPnpn3EKG8gfAcqX7d5udBoWXobxoz2ltAK86h-KWmiWW8FQpaasKuCVtgQOhoIi/video/7523115122597055752,2025-07-04,13,Fri,36,1355,16,1,2,5,1.77,Siu siu ngonnn#xuhuong #doanvat #chocomet #chocolate#lava #ancungtikt...,xuhuong doanvat chocomet chocolate lava ancungtikt,original sound - bblue.skyyyy,🦖,True,True,False
7522809196778097928,https://www.tiktok.com/@MS4wLjABAAAAMPnpn3EKG8gfAcqX7d5udBoWXobxoz2ltAK86h-KWmiWW8FQpaasKuCVtgQOhoIi/video/7522809196778097928,2025-07-03,18,Thu,52,3308,9,3,2,3,0.51,Chuối sấy mè gừng#xuhuong #doanvat #chuoisaymegung #ancungtiktok😍 #ri...,xuhuong doanvat chuoisaymegung ancungtiktok ri,original sound - antitrangkhanzone1,Anti Trang Khàn zone,True,True,False
7522686423384870162,https://www.tiktok.com/@MS4wLjABAAAAMPnpn3EKG8gfAcqX7d5udBoWXobxoz2ltAK86h-KWmiWW8FQpaasKuCVtgQOhoIi/video/7522686423384870162,2025-07-03,10,Thu,43,513,8,4,4,7,4.48,cơm cháy lắc muối ớt#xuhuong #doanvat #comchay#comchaylacmuoiot #ancu...,xuhuong doanvat comchay comchaylacmuoiot ancu,C u p i d O r i g i n a l,Someone,True,True,False
7522458563063581960,https://www.tiktok.com/@MS4wLjABAAAAMPnpn3EKG8gfAcqX7d5udBoWXobxoz2ltAK86h-KWmiWW8FQpaasKuCVtgQOhoIi/video/7522458563063581960,2025-07-02,19,Wed,36,1490,13,1,0,5,1.28,nhăm nhăm#xuhuong #doanvat #banhtrang #ancungtiktok😍 #rivew  @yen_doa...,xuhuong doanvat banhtrang ancungtiktok rivew,original sound - reviewdoxin1.2,Tổng Kho Quà Tết 🧧,True,True,False
7522316847505640711,https://www.tiktok.com/@MS4wLjABAAAAMPnpn3EKG8gfAcqX7d5udBoWXobxoz2ltAK86h-KWmiWW8FQpaasKuCVtgQOhoIi/video/7522316847505640711,2025-07-02,10,Wed,30,10100,63,2,6,13,0.83,Nhăm nhăm#xuhuong #doanvat #keosuabo🐮 #ancungtiktok😍 #rivew  @yen_doa...,xuhuong doanvat keosuabo ancungtiktok rivew,original sound - anvatcungoen,Ăn vặt cùng oen~,True,True,False
7522087949660458248,https://www.tiktok.com/@MS4wLjABAAAAMPnpn3EKG8gfAcqX7d5udBoWXobxoz2ltAK86h-KWmiWW8FQpaasKuCVtgQOhoIi/video/7522087949660458248,2025-07-01,19,Tue,30,7899,25,4,23,5,0.72,khô bò miếng mềm#xuhuong #doanvat#khobo#khobomiengmem#ancungtiktok😍 #...,xuhuong doanvat khobo khobomiengmem ancungtiktok,original sound - nhamnhamjt,Một chiếc bụng đói,True,True,False
7522016402182507794,https://www.tiktok.com/@MS4wLjABAAAAMPnpn3EKG8gfAcqX7d5udBoWXobxoz2ltAK86h-KWmiWW8FQpaasKuCVtgQOhoIi/video/7522016402182507794,2025-07-01,14,Tue,35,727,7,2,1,3,1.79,Uống siuu ngon#xuhuong #doanvat #hatdacrimchanhday #ancungtiktok😍 #ri...,xuhuong doanvat hatdacrimchanhday ancungtiktok ri,original sound - _kiasatin4,saa-𖹭.ᐟ,True,True,False
7521935456280497415,https://www.tiktok.com/@MS4wLjABAAAAMPnpn3EKG8gfAcqX7d5udBoWXobxoz2ltAK86h-KWmiWW8FQpaasKuCVtgQOhoIi/video/7521935456280497415,2025-07-01,9,Tue,31,37900,60,2,10,7,0.21,chuối mở giỏ lại rui na#xuhuong #doanvat #chuoisaymegung #ancungtikto...,xuhuong doanvat chuoisaymegung ancungtikto,original sound - yowkiies,⁎⁺˳⪩ 𝐀𝐲𝐮 ! 🍡៸៸,True,True,True
7521677980683341063,https://www.tiktok.com/@MS4wLjABAAAAMPnpn3EKG8gfAcqX7d5udBoWXobxoz2ltAK86h-KWmiWW8FQpaasKuCVtgQOhoIi/video/7521677980683341063,2025-06-30,16,Mon,43,18000,98,8,20,15,0.78,Ngon đinnn kun á#xuhuong #doanvat #mìkhoaitaytuxuyen #mikhoaitaysoito...,xuhuong doanvat mìkhoaitaytuxuyen mikhoaitaysoito,original sound - happyfoodies423,Happy Foodies,True,True,True
7521618099586567431,https://www.tiktok.com/@MS4wLjABAAAAMPnpn3EKG8gfAcqX7d5udBoWXobxoz2ltAK86h-KWmiWW8FQpaasKuCVtgQOhoIi/video/7521618099586567431,2025-06-30,12,Mon,41,6338,21,2,3,5,0.49,Chảy nước miếng#xuhuong #doanvat #changa#chagaacungdinh #ancungtiktok...,xuhuong doanvat changa chagaacungdinh ancungtiktok,C u p i d O r i g i n a l,Someone,True,True,False
7521377863065521415,https://www.tiktok.com/@MS4wLjABAAAAMPnpn3EKG8gfAcqX7d5udBoWXobxoz2ltAK86h-KWmiWW8FQpaasKuCVtgQOhoIi/video/7521377863065521415,2025-06-29,21,Sun,32,244,4,1,1,2,3.28,nhăm nhăm#xuhuong #doanvat #banhtrang #banhtranghanhphi #ancungtiktok...,xuhuong doanvat banhtrang banhtranghanhphi ancungtiktok,C u p i d O r i g i n a l,Someone,True,True,False
7521279217628171527,https://www.tiktok.com/@MS4wLjABAAAAMPnpn3EKG8gfAcqX7d5udBoWXobxoz2ltAK86h-KWmiWW8FQpaasKuCVtgQOhoIi/video/7521279217628171527,2025-06-29,15,Sun,44,6425,14,2,2,1,0.3,coài dấy dẻo nguyên vị#xuhuong #doanvat #xoaisaydeonguyenvi #ancungti...,xuhuong doanvat xoaisaydeonguyenvi ancungti,original sound - _karin.tt,𖤐⭒๋࣭ ⭑ʀɪɴ,True,False,True
7521222463720639762,https://www.tiktok.com/@MS4wLjABAAAAMPnpn3EKG8gfAcqX7d5udBoWXobxoz2ltAK86h-KWmiWW8FQpaasKuCVtgQOhoIi/video/7521222463720639762,2025-06-29,11,Sun,35,597300,5620,87,699,859,1.22,chảy nước miếng lun#xuhuong #doanvat #banhtrangphoisuong #ancungtikto...,xuhuong doanvat banhtrangphoisuong ancungtikto,original sound - reviewdoxin1.2,Tổng Kho Quà Tết 🧧,True,True,True
7520912903868910855,https://www.tiktok.com/@MS4wLjABAAAAMPnpn3EKG8gfAcqX7d5udBoWXobxoz2ltAK86h-KWmiWW8FQpaasKuCVtgQOhoIi/video/7520912903868910855,2025-06-28,15,Sat,34,2216,12,2,0,4,0.81,ăn ngon ngon nha#xuhuong #doanvat #thachnotraicayzingpop #ancungtikto...,xuhuong doanvat thachnotraicayzingpop ancungtikto,C u p i d O r i g i n a l,Someone,True,True,False
7520842148485336327,https://www.tiktok.com/@MS4wLjABAAAAMPnpn3EKG8gfAcqX7d5udBoWXobxoz2ltAK86h-KWmiWW8FQpaasKuCVtgQOhoIi/video/7520842148485336327,2025-06-28,10,Sat,37,617,5,1,2,2,1.62,Thạch trái cây khổng lồ#xuhuong #doanvat #thachtraicaykhonglo #ancung...,xuhuong doanvat thachtraicaykhonglo ancung,So Cute,Audiosphere,False,True,False
7520589856993578248,https://www.tiktok.com/@MS4wLjABAAAAMPnpn3EKG8gfAcqX7d5udBoWXobxoz2ltAK86h-KWmiWW8FQpaasKuCVtgQOhoIi/video/7520589856993578248,2025-06-27,18,Fri,35,875,10,0,1,1,1.37,🤤🤤🤤🤤#xuhuong #doanvat #topmorimmamtoi #ancungtiktok😍 #rivew  @yen_doa...,xuhuong doanvat topmorimmamtoi ancungtiktok rivew,original sound - nini.analog,𐙚 ₊ ⊹ prandini,True,True,False
7520480960052284680,https://www.tiktok.com/@MS4wLjABAAAAMPnpn3EKG8gfAcqX7d5udBoWXobxoz2ltAK86h-KWmiWW8FQpaasKuCVtgQOhoIi/video/7520480960052284680,2025-06-27,11,Fri,38,7655,29,3,4,4,0.52,ngon nhaaaa#xuhuong #doanvat #vaithieubacgiang #vaithieusaykhobacgian...,xuhuong doanvat vaithieubacgiang vaithieusaykhobacgian,C u p i d O r i g i n a l,Someone,True,True,False
7520249395682495762,https://www.tiktok.com/@MS4wLjABAAAAMPnpn3EKG8gfAcqX7d5udBoWXobxoz2ltAK86h-KWmiWW8FQpaasKuCVtgQOhoIi/video/7520249395682495762,2025-06-26,20,Thu,29,3065,13,2,1,4,0.65,nhăm nhăm #xuhuong #doanvat #khobo#khobomiengmem#ancungtiktok😍 #rivew...,xuhuong doanvat khobo khobomiengmem ancungtiktok rivew,original sound - antitrangkhanzone1,Anti Trang Khàn zone,True,True,False
7520162313291205906,https://www.tiktok.com/@MS4wLjABAAAAMPnpn3EKG8gfAcqX7d5udBoWXobxoz2ltAK86h-KWmiWW8FQpaasKuCVtgQOhoIi/video/7520162313291205906,2025-06-26,14,Thu,44,1317,13,1,0,3,1.29,ngon lém lun#xuhuong #doanvat #combophomaibanhtrang #ancungtiktok😍 #r...,xuhuong doanvat combophomaibanhtrang ancungtiktok r,C u p i d O r i g i n a l,Someone,True,True,False
7520112606011477256,https://www.tiktok.com/@MS4wLjABAAAAMPnpn3EKG8gfAcqX7d5udBoWXobxoz2ltAK86h-KWmiWW8FQpaasKuCVtgQOhoIi/video/7520112606011477256,2025-06-26,11,Thu,36,64500,449,32,109,51,0.99,nó ngon😋😋#xuhuong #doanvat #bunocbatonlieuchau #ancungtiktok😍 #rivew ...,xuhuong doanvat bunocbatonlieuchau ancungtiktok rivew,original sound - antitrangkhanzone1,Anti Trang Khàn zone,True,True,False
7519795850256665863,https://www.tiktok.com/@MS4wLjABAAAAMPnpn3EKG8gfAcqX7d5udBoWXobxoz2ltAK86h-KWmiWW8FQpaasKuCVtgQOhoIi/video/7519795850256665863,2025-06-25,15,Wed,36,3401,8,2,0,2,0.35,Khô bò đen siuu ngon#xuhuong #doanvat #khobo#khoboden#ancungtiktok😍 #...,xuhuong doanvat khobo khoboden ancungtiktok,C u p i d O r i g i n a l,Someone,True,True,False
7519729115981974792,https://www.tiktok.com/@MS4wLjABAAAAMPnpn3EKG8gfAcqX7d5udBoWXobxoz2ltAK86h-KWmiWW8FQpaasKuCVtgQOhoIi/video/7519729115981974792,2025-06-25,10,Wed,36,1321,3,0,1,1,0.38,ngon quá à#xuhuong #doanvat #topmorimmamtoi #ancungtiktok😍 #rivew  @y...,xuhuong doanvat topmorimmamtoi ancungtiktok rivew,original sound - antitrangkhanzone1,Anti Trang Khàn zone,True,True,False
7519471243448421650,https://www.tiktok.com/@MS4wLjABAAAAMPnpn3EKG8gfAcqX7d5udBoWXobxoz2ltAK86h-KWmiWW8FQpaasKuCVtgQOhoIi/video/7519471243448421650,2025-06-24,18,Tue,36,325,7,1,1,2,3.38,nó ngon lắm á#xuhuong #doanvat #omaisaubaotu #ancungtiktok😍 #rivew  @...,xuhuong doanvat omaisaubaotu ancungtiktok rivew,original sound - antitrangkhanzone1,Anti Trang Khàn zone,True,True,False
7519352274326523143,https://www.tiktok.com/@MS4wLjABAAAAMPnpn3EKG8gfAcqX7d5udBoWXobxoz2ltAK86h-KWmiWW8FQpaasKuCVtgQOhoIi/video/7519352274326523143,2025-06-24,10,Tue,38,3943,6,0,3,1,0.25,ngon đin kun á chòi#xuhuong #doanvat #topmorimmamtoi #ancungtiktok😍 #...,xuhuong doanvat topmorimmamtoi ancungtiktok,오사하면 달려감,euoxwe,True,True,False
7519120115254840583,https://www.tiktok.com/@MS4wLjABAAAAMPnpn3EKG8gfAcqX7d5udBoWXobxoz2ltAK86h-KWmiWW8FQpaasKuCVtgQOhoIi/video/7519120115254840583,2025-06-23,19,Mon,33,576,6,5,2,4,2.95,ngon ngon#xuhuong #doanvat #doanvatnoidiatrung #ancungtiktok😍 #rivew ...,xuhuong doanvat doanvatnoidiatrung ancungtiktok rivew,ɱ α ɠ ɳ ҽ ƚ ι ƈ,Someone,True,True,False
7519051311258635538,https://www.tiktok.com/@MS4wLjABAAAAMPnpn3EKG8gfAcqX7d5udBoWXobxoz2ltAK86h-KWmiWW8FQpaasKuCVtgQOhoIi/video/7519051311258635538,2025-06-23,14,Mon,37,8463,42,5,5,8,0.71,kẹo tuổi thơ nạ#xuhuong #doanvat #keocaosuquatao #keotuoitho #ancungt...,xuhuong doanvat keocaosuquatao keotuoitho ancungt,오사하면 달려감,euoxwe,True,True,True
7519000930952432903,https://www.tiktok.com/@MS4wLjABAAAAMPnpn3EKG8gfAcqX7d5udBoWXobxoz2ltAK86h-KWmiWW8FQpaasKuCVtgQOhoIi/video/7519000930952432903,2025-06-23,11,Mon,31,4784,53,9,12,10,1.76,Ngon nè#xuhuong #doanvat #banhfranzzivienbocsocolanhanchay #banhfranz...,xuhuong doanvat banhfranzzivienbocsocolanhanchay banhfranz,cafe sound by bokki,꒰.°ʙᴏᴋᴋɪ•sᴏᴜɴᴅ ˙ᵕ˙꒱,True,True,False
7518627653570661639,https://www.tiktok.com/@MS4wLjABAAAAMPnpn3EKG8gfAcqX7d5udBoWXobxoz2ltAK86h-KWmiWW8FQpaasKuCVtgQOhoIi/video/7518627653570661639,2025-06-22,11,Sun,32,655,8,3,3,6,3.05,nó ngon nha#xuhuong #doanvat #doanvatnoidiatrung #ancungtiktok😍 #rive...,xuhuong doanvat doanvatnoidiatrung ancungtiktok rive,cafe sound by bokki,꒰.°ʙᴏᴋᴋɪ•sᴏᴜɴᴅ ˙ᵕ˙꒱,True,True,False
7518363659827973384,https://www.tiktok.com/@MS4wLjABAAAAMPnpn3EKG8gfAcqX7d5udBoWXobxoz2ltAK86h-KWmiWW8FQpaasKuCVtgQOhoIi/video/7518363659827973384,2025-06-21,18,Sat,42,11900,44,8,7,8,0.56,nhăm nhăm#xuhuong #doanvat #chocopie#banhphusocola #ancungtiktok😍 #ri...,xuhuong doanvat chocopie banhphusocola ancungtiktok ri,C u p i d O r i g i n a l,Someone,True,True,False
7518300298570403090,https://www.tiktok.com/@MS4wLjABAAAAMPnpn3EKG8gfAcqX7d5udBoWXobxoz2ltAK86h-KWmiWW8FQpaasKuCVtgQOhoIi/video/7518300298570403090,2025-06-21,14,Sat,35,17200,73,1,9,11,0.55,Đồ nội địa trung lnao cũng mê#xuhuong #doanvat #doanvatnoidiatrung #c...,xuhuong doanvat doanvatnoidiatrung c,original sound - bobi_.tokaa,# ♡̷̷˚ʚ⛄ 𝙱𝚘𝚋𝚒🪵ɞ˚ ᶻ ⋅˚₊‧ ୨,True,True,True
7518234113124453650,https://www.tiktok.com/@MS4wLjABAAAAMPnpn3EKG8gfAcqX7d5udBoWXobxoz2ltAK86h-KWmiWW8FQpaasKuCVtgQOhoIi/video/7518234113124453650,2025-06-21,10,Sat,47,905,10,8,2,5,2.76,ngonnnnn#xuhuong #doanvat #comtusoi #ancungtiktok😍 #rivew  @yen_doanv...,xuhuong doanvat comtusoi ancungtiktok rivew,original sound - appleccndy,"@___<  ꪱ𐑈αα, 🐰🧁⭐🎀",True,True,False
7518009835158359304,https://www.tiktok.com/@MS4wLjABAAAAMPnpn3EKG8gfAcqX7d5udBoWXobxoz2ltAK86h-KWmiWW8FQpaasKuCVtgQOhoIi/video/7518009835158359304,2025-06-20,19,Fri,29,62200,721,12,152,122,1.62,Mee lắm lun#xuhuong #doanvat #banhtrang #ancungtiktok😍 #rivew  @yen_d...,xuhuong doanvat banhtrang ancungtiktok rivew,original sound - doiquatroioiii,Đói quá chời,True,True,True
7517877094152506631,https://www.tiktok.com/@MS4wLjABAAAAMPnpn3EKG8gfAcqX7d5udBoWXobxoz2ltAK86h-KWmiWW8FQpaasKuCVtgQOhoIi/video/7517877094152506631,2025-06-20,11,Fri,35,1917,10,3,1,5,0.99,tr ui nó ngon #xuhuong #doanvat #khobomiengmem #ancungtiktok😍 #rivew ...,xuhuong doanvat khobomiengmem ancungtiktok rivew,C u p i d O r i g i n a l,Someone,True,True,False
7517605771434003730,https://www.tiktok.com/@MS4wLjABAAAAMPnpn3EKG8gfAcqX7d5udBoWXobxoz2ltAK86h-KWmiWW8FQpaasKuCVtgQOhoIi/video/7517605771434003730,2025-06-19,17,Thu,46,2862,17,6,7,5,1.22,Ta nói nó ngonnnnn#xuhuong #doanvat #banhtrangmuoisaccomai #ancungtik...,xuhuong doanvat banhtrangmuoisaccomai ancungtik,original sound - meberyne,Mẹ bé Ry nè 🍒,True,True,False
7517495594273836296,https://www.tiktok.com/@MS4wLjABAAAAMPnpn3EKG8gfAcqX7d5udBoWXobxoz2ltAK86h-KWmiWW8FQpaasKuCVtgQOhoIi/video/7517495594273836296,2025-06-19,10,Thu,37,1182,6,1,0,3,0.85,Uống ngon#xuhuong #doanvat #merimhatdac #ancungtiktok😍 #rivew  @yen_d...,xuhuong doanvat merimhatdac ancungtiktok rivew,original sound - appleccndy,"@___<  ꪱ𐑈αα, 🐰🧁⭐🎀",True,True,False
7517286675597495559,https://www.tiktok.com/@MS4wLjABAAAAMPnpn3EKG8gfAcqX7d5udBoWXobxoz2ltAK86h-KWmiWW8FQpaasKuCVtgQOhoIi/video/7517286675597495559,2025-06-18,20,Wed,33,5925,49,9,6,12,1.28,Bánh tráng mix 3 vị chỉ 5x nha#xuhuong #doanvat #banhtrang#ancungtikt...,xuhuong doanvat banhtrang ancungtikt,original sound - yowkiies,⁎⁺˳⪩ 𝐀𝐲𝐮 ! 🍡៸៸,True,True,False
7517196014512508168,https://www.tiktok.com/@MS4wLjABAAAAMPnpn3EKG8gfAcqX7d5udBoWXobxoz2ltAK86h-KWmiWW8FQpaasKuCVtgQOhoIi/video/7517196014512508168,2025-06-18,14,Wed,33,1895,13,6,0,7,1.37,47kar 1 hũ bánh quy thuii na#xuhuong #doanvat #banhquyduaman #ancungt...,xuhuong doanvat banhquyduaman ancungt,BGM C A F E S O U N D S,໒꒱— 𝓐_𝝴ׅƖׅყׂ !¡🌟🛼,True,True,False
7517125979056114962,https://www.tiktok.com/@MS4wLjABAAAAMPnpn3EKG8gfAcqX7d5udBoWXobxoz2ltAK86h-KWmiWW8FQpaasKuCVtgQOhoIi/video/7517125979056114962,2025-06-18,10,Wed,35,237,7,6,2,6,8.86,Combo tiết kiệm#xuhuong #doanvat #hebekery#cookie#bocotti#ancungtikto...,xuhuong doanvat hebekery cookie bocotti ancungtikto,G o o d p a r t s,Someone,True,True,False
7516874240847564040,https://www.tiktok.com/@MS4wLjABAAAAMPnpn3EKG8gfAcqX7d5udBoWXobxoz2ltAK86h-KWmiWW8FQpaasKuCVtgQOhoIi/video/7516874240847564040,2025-06-17,18,Tue,34,15300,51,8,21,11,0.59,Chân gà cung đình rút xương#xuhuong #doanvat #changacungdinh #ancungt...,xuhuong doanvat changacungdinh ancungt,C u p i d O r i g i n a l,Someone,True,True,False
7516792246738406664,https://www.tiktok.com/@MS4wLjABAAAAMPnpn3EKG8gfAcqX7d5udBoWXobxoz2ltAK86h-KWmiWW8FQpaasKuCVtgQOhoIi/video/7516792246738406664,2025-06-17,12,Tue,29,276,3,0,1,3,2.54,nhăm nhăm#xuhuong #doanvat #comchaychabong #ancungtiktok😍 #rivew  @ye...,xuhuong doanvat comchaychabong ancungtiktok rivew,original sound - doiquatroioiii,Đói quá chời,True,True,False
7516547476480937224,https://www.tiktok.com/@MS4wLjABAAAAMPnpn3EKG8gfAcqX7d5udBoWXobxoz2ltAK86h-KWmiWW8FQpaasKuCVtgQOhoIi/video/7516547476480937224,2025-06-16,21,Mon,31,897,11,1,2,3,1.9,siuuu rẹ nha#xuhuong #doanvat #banhtrang #ancungtiktok😍 #rivew  @yen_...,xuhuong doanvat banhtrang ancungtiktok rivew,original sound - reviewdoxin1.2,Tổng Kho Quà Tết 🧧,True,True,False
7516446838904409351,https://www.tiktok.com/@MS4wLjABAAAAMPnpn3EKG8gfAcqX7d5udBoWXobxoz2ltAK86h-KWmiWW8FQpaasKuCVtgQOhoIi/video/7516446838904409351,2025-06-16,14,Mon,36,7232,39,7,12,12,0.97,Chocolate siu ngonnn lun#xuhuong #doanvat #lava #chocomet #chocolate ...,xuhuong doanvat lava chocomet chocolate,original sound - n0ums.cakeu,Ik4n ashine ❓,True,True,False
7516381835526425874,https://www.tiktok.com/@MS4wLjABAAAAMPnpn3EKG8gfAcqX7d5udBoWXobxoz2ltAK86h-KWmiWW8FQpaasKuCVtgQOhoIi/video/7516381835526425874,2025-06-16,10,Mon,43,626,8,3,3,6,3.19,Bánh mì mix vị siu ngon#xuhuong #doanvat #phamnguyen #bnahmimixvi #ba...,xuhuong doanvat phamnguyen bnahmimixvi ba,C u p i d O r i g i n a l,Someone,True,True,False
7516143084359421191,https://www.tiktok.com/@MS4wLjABAAAAMPnpn3EKG8gfAcqX7d5udBoWXobxoz2ltAK86h-KWmiWW8FQpaasKuCVtgQOhoIi/video/7516143084359421191,2025-06-15,18,Sun,35,3602,13,4,0,5,0.61,nhiều ê hề#xuhuong #doanvat#xucxich #ancungtiktok😍 #rivew  @yen_doanv...,xuhuong doanvat xucxich ancungtiktok rivew,cute cafesounds,𝐂𝐲𝐛𝐞𝐥𝐥𝐚 ! 👩🏻‍🍳,True,True,False
7516063337269054727,https://www.tiktok.com/@MS4wLjABAAAAMPnpn3EKG8gfAcqX7d5udBoWXobxoz2ltAK86h-KWmiWW8FQpaasKuCVtgQOhoIi/video/7516063337269054727,2025-06-15,13,Sun,32,1930,9,10,3,6,1.45,Vừa thơm vừa ngon naa#xuhuong #doanvat #banhcookie #hebekery  #ancung...,xuhuong doanvat banhcookie hebekery ancung,original sound - nho.hexinh,Fan hà linh -,True,True,False
7516004765361245447,https://www.tiktok.com/@MS4wLjABAAAAMPnpn3EKG8gfAcqX7d5udBoWXobxoz2ltAK86h-KWmiWW8FQpaasKuCVtgQOhoIi/video/7516004765361245447,2025-06-15,9,Sun,34,976,7,6,2,4,1.95,Siuu ngon na#xuhuong#doanvat #biscotti #banhnuongnguyencam #ancungtik...,xuhuong doanvat biscotti banhnuongnguyencam ancungtik,original sound - meberyne,Mẹ bé Ry nè 🍒,True,True,False
7515744517371284744,https://www.tiktok.com/@MS4wLjABAAAAMPnpn3EKG8gfAcqX7d5udBoWXobxoz2ltAK86h-KWmiWW8FQpaasKuCVtgQOhoIi/video/7515744517371284744,2025-06-14,17,Sat,34,689,7,6,4,6,3.34,mít thái nguyên cám siu ngon#xuhuong #doanvat #misay #mitthainguyenca...,xuhuong doanvat misay mitthainguyenca,Titibok tibok,୨ .ᐟ ⨍𝚛ᥲ𝕟ᥴ౿ડ ⑅ 🩰 ଓ,True,True,False
7515631524079766792,https://www.tiktok.com/@MS4wLjABAAAAMPnpn3EKG8gfAcqX7d5udBoWXobxoz2ltAK86h-KWmiWW8FQpaasKuCVtgQOhoIi/video/7515631524079766792,2025-06-14,9,Sat,39,136,11,6,2,6,18.38,bánh ngon lém#xuhuong #doanvat #banhchabongga #ancungtiktok😍 #rivew  ...,xuhuong doanvat banhchabongga ancungtiktok rivew,C u p i d O r i g i n a l,Someone,True,True,False
7515376865968721170,https://www.tiktok.com/@MS4wLjABAAAAMPnpn3EKG8gfAcqX7d5udBoWXobxoz2ltAK86h-KWmiWW8FQpaasKuCVtgQOhoIi/video/7515376865968721170,2025-06-13,17,Fri,32,2323,14,6,2,4,1.12,"Siuuu ngonn, tuii meee#xuhuong #doanvat #banhquyduaman #ancungtiktok😍...",xuhuong doanvat banhquyduaman ancungtiktok,original sound - antitrangkhanzone1,Anti Trang Khàn zone,True,True,False
7515017815934422290,https://www.tiktok.com/@MS4wLjABAAAAMPnpn3EKG8gfAcqX7d5udBoWXobxoz2ltAK86h-KWmiWW8FQpaasKuCVtgQOhoIi/video/7515017815934422290,2025-06-12,18,Thu,38,149,4,2,2,2,6.71,Giòn rụm lun á tr#xuhuong #doanvat #rongbienkeplac #ancungtiktok😍 #ri...,xuhuong doanvat rongbienkeplac ancungtiktok ri,C u p i d O r i g i n a l,Someone,True,True,False
7514948112620768520,https://www.tiktok.com/@MS4wLjABAAAAMPnpn3EKG8gfAcqX7d5udBoWXobxoz2ltAK86h-KWmiWW8FQpaasKuCVtgQOhoIi/video/7514948112620768520,2025-06-12,13,Thu,30,4262,24,2,9,7,0.99,Khô bò miếng mềm#xuhuong #khobo#khobomiengmem#ancungtiktok😍 #rivew  @...,xuhuong khobo khobomiengmem ancungtiktok rivew,original sound - kdx.qzvii,kdx._.,True,True,False
7514620540674411784,https://www.tiktok.com/@MS4wLjABAAAAMPnpn3EKG8gfAcqX7d5udBoWXobxoz2ltAK86h-KWmiWW8FQpaasKuCVtgQOhoIi/video/7514620540674411784,2025-06-11,16,Wed,33,823,11,5,2,3,2.55,Nó giòn meee ạ#xuhuong #doanvat #ancungtiktok😍 #rivew  @yen_doanvatho...,xuhuong doanvat ancungtiktok rivew,Girls like me dont cry,Someone,True,True,False
7514547424325618952,https://www.tiktok.com/@MS4wLjABAAAAMPnpn3EKG8gfAcqX7d5udBoWXobxoz2ltAK86h-KWmiWW8FQpaasKuCVtgQOhoIi/video/7514547424325618952,2025-06-11,11,Wed,36,17600,120,3,17,19,0.9,Siuuu ngonn lun naaa#xuhuong #doanvat #banhtrang #ancungtiktok😍 #rive...,xuhuong doanvat banhtrang ancungtiktok rive,original sound - reviewdoxin1.2,Tổng Kho Quà Tết 🧧,True,True,False
7513943370381724935,https://www.tiktok.com/@MS4wLjABAAAAMPnpn3EKG8gfAcqX7d5udBoWXobxoz2ltAK86h-KWmiWW8FQpaasKuCVtgQOhoIi/video/7513943370381724935,2025-06-09,20,Mon,29,2818,17,7,4,3,1.1,Combo 3 bịch giá siu hời na#xuhuong #doanvat #banhtrang#ancungtiktok😍...,xuhuong doanvat banhtrang ancungtiktok,C u p i d O r i g i n a l,Someone,True,True,False
7513866918747458834,https://www.tiktok.com/@MS4wLjABAAAAMPnpn3EKG8gfAcqX7d5udBoWXobxoz2ltAK86h-KWmiWW8FQpaasKuCVtgQOhoIi/video/7513866918747458834,2025-06-09,15,Mon,43,5629,21,10,1,3,0.62,Bánh phủ socola#xuhuong #doanvat #banhphusocola #chocopie #ancungtikt...,xuhuong doanvat banhphusocola chocopie ancungtikt,Titibok tibok,୨ .ᐟ ⨍𝚛ᥲ𝕟ᥴ౿ડ ⑅ 🩰 ଓ,True,True,False
7513799519407000840,https://www.tiktok.com/@MS4wLjABAAAAMPnpn3EKG8gfAcqX7d5udBoWXobxoz2ltAK86h-KWmiWW8FQpaasKuCVtgQOhoIi/video/7513799519407000840,2025-06-09,11,Mon,36,1307,7,3,6,5,1.61,45🍠1 túi siuu bự#xuhuong #doanvat #chuoisaymegung #ancungtiktok😍 #riv...,xuhuong doanvat chuoisaymegung ancungtiktok riv,original sound - doiquatroioiii,Đói quá chời,True,True,False
7513574665223163144,https://www.tiktok.com/@MS4wLjABAAAAMPnpn3EKG8gfAcqX7d5udBoWXobxoz2ltAK86h-KWmiWW8FQpaasKuCVtgQOhoIi/video/7513574665223163144,2025-06-08,20,Sun,35,5827,16,8,3,4,0.53,Heo thì nhưng ngon na#xuhuong #doanvat #hebekery #banhnuongnguyencam ...,xuhuong doanvat hebekery banhnuongnguyencam,original sound - meberyne,Mẹ bé Ry nè 🍒,True,True,False
7513477157213965575,https://www.tiktok.com/@MS4wLjABAAAAMPnpn3EKG8gfAcqX7d5udBoWXobxoz2ltAK86h-KWmiWW8FQpaasKuCVtgQOhoIi/video/7513477157213965575,2025-06-08,14,Sun,47,5411,42,5,4,10,1.13,Nó ngonnnnn lém nha#xuhuong #doanvat #comchay #comchaychabong #ancung...,xuhuong doanvat comchay comchaychabong ancung,original sound - softtie_pie,안녕𝖸ɑɣɑ || 🎀,True,True,False
7513411787170024712,https://www.tiktok.com/@MS4wLjABAAAAMPnpn3EKG8gfAcqX7d5udBoWXobxoz2ltAK86h-KWmiWW8FQpaasKuCVtgQOhoIi/video/7513411787170024712,2025-06-08,10,Sun,36,3568,34,7,9,10,1.68,năhm nhăm#xuhuong#doanvat #banhtrang #banhtrangdeocuonmuoitom #ancung...,xuhuong doanvat banhtrang banhtrangdeocuonmuoitom ancung,original sound - doiquatroioiii,Đói quá chời,True,True,False
7513179649917078802,https://www.tiktok.com/@MS4wLjABAAAAMPnpn3EKG8gfAcqX7d5udBoWXobxoz2ltAK86h-KWmiWW8FQpaasKuCVtgQOhoIi/video/7513179649917078802,2025-06-07,19,Sat,34,57600,444,8,129,65,1.12,43🍠 3 bịch lun nha#xuhuong #doanvat #banhtrang #ancungtiktok😍 #rivew ...,xuhuong doanvat banhtrang ancungtiktok rivew,original sound - antitrangkhanzone1,Anti Trang Khàn zone,True,True,True
7513112011912367368,https://www.tiktok.com/@MS4wLjABAAAAMPnpn3EKG8gfAcqX7d5udBoWXobxoz2ltAK86h-KWmiWW8FQpaasKuCVtgQOhoIi/video/7513112011912367368,2025-06-07,14,Sat,36,10600,22,8,7,8,0.42,Thịt keo cháy ông 9#xuhuong #doanvat #thitheochayong9 #ancungtiktok #...,xuhuong doanvat thitheochayong9 ancungtiktok,original sound - meberyne,Mẹ bé Ry nè 🍒,True,True,True
7513041364322454792,https://www.tiktok.com/@MS4wLjABAAAAMPnpn3EKG8gfAcqX7d5udBoWXobxoz2ltAK86h-KWmiWW8FQpaasKuCVtgQOhoIi/video/7513041364322454792,2025-06-07,10,Sat,37,2928,22,8,3,7,1.37,chảy nước miếng chảy nước miếng#xuhuong #doanvat #banhtrangphoisuongc...,xuhuong doanvat banhtrangphoisuongc,original sound - antitrangkhanzone1,Anti Trang Khàn zone,True,True,False
7512812316723793159,https://www.tiktok.com/@MS4wLjABAAAAMPnpn3EKG8gfAcqX7d5udBoWXobxoz2ltAK86h-KWmiWW8FQpaasKuCVtgQOhoIi/video/7512812316723793159,2025-06-06,19,Fri,36,10100,36,9,8,7,0.59,Khô bò miếng mềm na#xuhuong #doanvat #khobo#khobomiengmem#ancungtikto...,xuhuong doanvat khobo khobomiengmem ancungtikto,original sound - _kiasatin4,saa-𖹭.ᐟ,True,True,False
7512741071458290951,https://www.tiktok.com/@MS4wLjABAAAAMPnpn3EKG8gfAcqX7d5udBoWXobxoz2ltAK86h-KWmiWW8FQpaasKuCVtgQOhoIi/video/7512741071458290951,2025-06-06,14,Fri,46,2398,27,10,8,8,2.21,Chảy nước miếng lun#xuhuong #doanvat #changabatuyet #combochangabatuy...,xuhuong doanvat changabatuyet combochangabatuy,C u p i d O r i g i n a l,Someone,True,True,False
7512675544148806919,https://www.tiktok.com/@MS4wLjABAAAAMPnpn3EKG8gfAcqX7d5udBoWXobxoz2ltAK86h-KWmiWW8FQpaasKuCVtgQOhoIi/video/7512675544148806919,2025-06-06,10,Fri,29,540,11,3,3,5,4.07,ngonnnn#xuhuong #doanvat #hebekery #darkchococookie #ancungtiktok #re...,xuhuong doanvat hebekery darkchococookie ancungtiktok re,original sound - nho.hexinh,Fan hà linh -,True,True,False
7512430277264723208,https://www.tiktok.com/@MS4wLjABAAAAMPnpn3EKG8gfAcqX7d5udBoWXobxoz2ltAK86h-KWmiWW8FQpaasKuCVtgQOhoIi/video/7512430277264723208,2025-06-05,18,Thu,32,23900,164,11,32,44,1.05,50🍠combo 3 bịch lun nè#xuhuong #doanvat #banhtrang #ancungtiktok #rev...,xuhuong doanvat banhtrang ancungtiktok rev,original sound - reviewdoxin1.2,Tổng Kho Quà Tết 🧧,True,True,True
7512369940532382984,https://www.tiktok.com/@MS4wLjABAAAAMPnpn3EKG8gfAcqX7d5udBoWXobxoz2ltAK86h-KWmiWW8FQpaasKuCVtgQOhoIi/video/7512369940532382984,2025-06-05,14,Thu,37,1128,8,10,3,6,2.39,Ún siuu ngon#xuhuong #doanvat #merimhatdac #dame #ancungtiktok #revie...,xuhuong doanvat merimhatdac dame ancungtiktok revie,original sound - honghariviu,HỒNG HÀ | Rìviu,True,True,False
7512317387929160968,https://www.tiktok.com/@MS4wLjABAAAAMPnpn3EKG8gfAcqX7d5udBoWXobxoz2ltAK86h-KWmiWW8FQpaasKuCVtgQOhoIi/video/7512317387929160968,2025-06-05,11,Thu,31,586,6,7,2,4,3.24,Bánh cookie thì quá ngon rui na#xuhuong #doanvat #banhcookie #hebeker...,xuhuong doanvat banhcookie hebeker,C u p i d O r i g i n a l,Someone,True,True,False
7512084411320470791,https://www.tiktok.com/@MS4wLjABAAAAMPnpn3EKG8gfAcqX7d5udBoWXobxoz2ltAK86h-KWmiWW8FQpaasKuCVtgQOhoIi/video/7512084411320470791,2025-06-04,20,Wed,29,1657,29,8,5,9,3.08,vừa ngon vừa thơm cạ nhà ui#xuhuong #doanvat #tiktok #keosuabo🐮 #ancu...,xuhuong doanvat tiktok keosuabo ancu,original sound - _yandere.._simulator,Rusteen 🫶🏻,True,True,False
7512020722219388168,https://www.tiktok.com/@MS4wLjABAAAAMPnpn3EKG8gfAcqX7d5udBoWXobxoz2ltAK86h-KWmiWW8FQpaasKuCVtgQOhoIi/video/7512020722219388168,2025-06-04,16,Wed,31,3135,29,1,4,7,1.31,Ngon lém nhaaaa#xuhuong #doanvat #blasting #kemocque🍦🍦 #ancungtiktok ...,xuhuong doanvat blasting kemocque ancungtiktok,Titibok tibok,୨ .ᐟ ⨍𝚛ᥲ𝕟ᥴ౿ડ ⑅ 🩰 ଓ,True,True,False
7511937786241453320,https://www.tiktok.com/@MS4wLjABAAAAMPnpn3EKG8gfAcqX7d5udBoWXobxoz2ltAK86h-KWmiWW8FQpaasKuCVtgQOhoIi/video/7511937786241453320,2025-06-04,10,Wed,37,91600,479,17,52,41,0.64,Nó ngon điên lun á#xuhuong #doanvat #bunoclieuchau #ancungtiktok #rev...,xuhuong doanvat bunoclieuchau ancungtiktok rev,C u p i d O r i g i n a l,Someone,True,True,False
7511729925636771079,https://www.tiktok.com/@MS4wLjABAAAAMPnpn3EKG8gfAcqX7d5udBoWXobxoz2ltAK86h-KWmiWW8FQpaasKuCVtgQOhoIi/video/7511729925636771079,2025-06-03,21,Tue,35,619,10,4,2,7,3.72,Ăn nó ngon gì đâu#xuhuong #doanvat #banhtrang #banhtrangtrungnghia #a...,xuhuong doanvat banhtrang banhtrangtrungnghia a,cute cafesounds,𝐂𝐲𝐛𝐞𝐥𝐥𝐚 ! 👩🏻‍🍳,True,True,False
7511682917203021074,https://www.tiktok.com/@MS4wLjABAAAAMPnpn3EKG8gfAcqX7d5udBoWXobxoz2ltAK86h-KWmiWW8FQpaasKuCVtgQOhoIi/video/7511682917203021074,2025-06-03,18,Tue,37,657,11,7,1,7,3.96,Ngon meee#xuhuong #doanvat #chuoisaymegung #ancungtiktok #review  @ye...,xuhuong doanvat chuoisaymegung ancungtiktok review,original sound - antitrangkhanzone1,Anti Trang Khàn zone,True,True,False
7511564517374053639,https://www.tiktok.com/@MS4wLjABAAAAMPnpn3EKG8gfAcqX7d5udBoWXobxoz2ltAK86h-KWmiWW8FQpaasKuCVtgQOhoIi/video/7511564517374053639,2025-06-03,10,Tue,32,275,4,3,1,2,3.64,79 cành 9 bịch lun#xuhuong #doanvat #banhtrang #banhtrangtrungnghia #...,xuhuong doanvat banhtrang banhtrangtrungnghia,original sound - softtie_pie,안녕𝖸ɑɣɑ || 🎀,True,True,False
7511322211899149575,https://www.tiktok.com/@MS4wLjABAAAAMPnpn3EKG8gfAcqX7d5udBoWXobxoz2ltAK86h-KWmiWW8FQpaasKuCVtgQOhoIi/video/7511322211899149575,2025-06-02,19,Mon,36,1060,16,3,0,2,1.98,ngon mê lun á#xuhuong #doanvat #banhtrang #ancungtiktok #review  @yen...,xuhuong doanvat banhtrang ancungtiktok review,C u p i d O r i g i n a l,Someone,True,True,False
7511254315512777992,https://www.tiktok.com/@MS4wLjABAAAAMPnpn3EKG8gfAcqX7d5udBoWXobxoz2ltAK86h-KWmiWW8FQpaasKuCVtgQOhoIi/video/7511254315512777992,2025-06-02,14,Mon,36,1027,10,5,3,5,2.24,Ngon nhức cái lách lun#xuhuong #doanvat #banhphusocola #ancungtiktok ...,xuhuong doanvat banhphusocola ancungtiktok,original sound - _karin.tt,𖤐⭒๋࣭ ⭑ʀɪɴ,True,True,False
7511190250178301192,https://www.tiktok.com/@MS4wLjABAAAAMPnpn3EKG8gfAcqX7d5udBoWXobxoz2ltAK86h-KWmiWW8FQpaasKuCVtgQOhoIi/video/7511190250178301192,2025-06-02,10,Mon,32,1143,11,7,3,5,2.27,Nó ngon xỉu lun á trời#xuhuong #doanvat #comchay #comchaychabong #anc...,xuhuong doanvat comchay comchaychabong anc,original sound - vlawmzzn._,vlamm gay,True,True,False
7510975777739934994,https://www.tiktok.com/@MS4wLjABAAAAMPnpn3EKG8gfAcqX7d5udBoWXobxoz2ltAK86h-KWmiWW8FQpaasKuCVtgQOhoIi/video/7510975777739934994,2025-06-01,20,Sun,40,1755,15,8,3,4,1.71,Ngon xỉu á mấy bồ#xuhuong #doanvat #banhphusocola #chocopieduahau🍉 #a...,xuhuong doanvat banhphusocola chocopieduahau a,D a r a r i,⁎⁺˳⪩ 𝐀𝐲𝐮 ! 🍡៸៸,True,True,False
7510916165758209298,https://www.tiktok.com/@MS4wLjABAAAAMPnpn3EKG8gfAcqX7d5udBoWXobxoz2ltAK86h-KWmiWW8FQpaasKuCVtgQOhoIi/video/7510916165758209298,2025-06-01,16,Sun,34,683,4,2,2,4,1.76,Chảy nước miếng chưa ạ#xuhuong #doanvat #chumruotsaymuoiot #ancungtik...,xuhuong doanvat chumruotsaymuoiot ancungtik,cute cafesounds,𝐂𝐲𝐛𝐞𝐥𝐥𝐚 ! 👩🏻‍🍳,True,True,False
7510835706235735303,https://www.tiktok.com/@MS4wLjABAAAAMPnpn3EKG8gfAcqX7d5udBoWXobxoz2ltAK86h-KWmiWW8FQpaasKuCVtgQOhoIi/video/7510835706235735303,2025-06-01,11,Sun,37,1283,12,2,5,4,1.79,nhăm nhăm#xuhuong #doanvat #chocolatelover #lava#ancungtiktok #review...,xuhuong doanvat chocolatelover lava ancungtiktok review,original sound - appleccndy,"@___<  ꪱ𐑈αα, 🐰🧁⭐🎀",True,True,False
7510605613429230866,https://www.tiktok.com/@MS4wLjABAAAAMPnpn3EKG8gfAcqX7d5udBoWXobxoz2ltAK86h-KWmiWW8FQpaasKuCVtgQOhoIi/video/7510605613429230866,2025-05-31,20,Sat,31,2155,10,0,1,2,0.6,61🍠 thuii na#xuhuong #doanvat #khobo #khobomiengmem #ancungtiktok #re...,xuhuong doanvat khobo khobomiengmem ancungtiktok re,original sound - gaenhi,𝐆aen.,True,True,False
7510511868885142802,https://www.tiktok.com/@MS4wLjABAAAAMPnpn3EKG8gfAcqX7d5udBoWXobxoz2ltAK86h-KWmiWW8FQpaasKuCVtgQOhoIi/video/7510511868885142802,2025-05-31,14,Sat,43,929,7,1,4,3,1.61,"Kẹo dâu tây, dâu tằm#xuhuong #doanvat #keodautay #keodautam #ancungti...",xuhuong doanvat keodautay keodautam ancungti,ɱ α ɠ ɳ ҽ ƚ ι ƈ,Someone,True,True,False
7510440760005692679,https://www.tiktok.com/@MS4wLjABAAAAMPnpn3EKG8gfAcqX7d5udBoWXobxoz2ltAK86h-KWmiWW8FQpaasKuCVtgQOhoIi/video/7510440760005692679,2025-05-31,10,Sat,35,846,7,8,2,5,2.6,giòn rum lun nhá#xuhuong #doanvat #chuoisaymegung #ancungtiktok #revi...,xuhuong doanvat chuoisaymegung ancungtiktok revi,original sound - antitrangkhanzone1,Anti Trang Khàn zone,True,True,False
7510199341399690514,https://www.tiktok.com/@MS4wLjABAAAAMPnpn3EKG8gfAcqX7d5udBoWXobxoz2ltAK86h-KWmiWW8FQpaasKuCVtgQOhoIi/video/7510199341399690514,2025-05-30,18,Fri,40,143,8,4,4,7,16.08,mua 4 tặng 4 lun#xuhuong #doanvat #banhtrangtron #banhtrangtronsan #a...,xuhuong doanvat banhtrangtron banhtrangtronsan a,B U B B L E G U M,୨ rae. 🪽,True,True,False
7510140147183127816,https://www.tiktok.com/@MS4wLjABAAAAMPnpn3EKG8gfAcqX7d5udBoWXobxoz2ltAK86h-KWmiWW8FQpaasKuCVtgQOhoIi/video/7510140147183127816,2025-05-30,14,Fri,40,182,4,0,0,2,3.3,chảy nước miếng lun á trời#xuhuong #doanvat #banhtrangtron#ancungtikt...,xuhuong doanvat banhtrangtron ancungtikt,C u p i d O r i g i n a l,Someone,True,True,False
7510079630443842823,https://www.tiktok.com/@MS4wLjABAAAAMPnpn3EKG8gfAcqX7d5udBoWXobxoz2ltAK86h-KWmiWW8FQpaasKuCVtgQOhoIi/video/7510079630443842823,2025-05-30,10,Fri,35,1955,17,6,3,9,1.79,kẹo dẻo thiên thạch#xuhuong #doanvat #keodeothienthachpopit #ancungti...,xuhuong doanvat keodeothienthachpopit ancungti,cute cafesounds,𝐂𝐲𝐛𝐞𝐥𝐥𝐚 ! 👩🏻‍🍳,True,True,False
7509856688615345415,https://www.tiktok.com/@MS4wLjABAAAAMPnpn3EKG8gfAcqX7d5udBoWXobxoz2ltAK86h-KWmiWW8FQpaasKuCVtgQOhoIi/video/7509856688615345415,2025-05-29,20,Thu,33,3372,12,8,3,5,0.83,chảy nước miếng lun#xuhuong #doanvat #chumruotsaymuoiot #ancungtiktok...,xuhuong doanvat chumruotsaymuoiot ancungtiktok,오사하면 달려감,euoxwe,True,True,False
7509819621134830855,https://www.tiktok.com/@MS4wLjABAAAAMPnpn3EKG8gfAcqX7d5udBoWXobxoz2ltAK86h-KWmiWW8FQpaasKuCVtgQOhoIi/video/7509819621134830855,2025-05-29,17,Thu,33,442,10,4,1,4,4.3,ngon lém luôn ý#xuhuong #doanvat #banhtrang #banhtranghanhphi #ancung...,xuhuong doanvat banhtrang banhtranghanhphi ancung,original sound - vlawmzzn._,vlamm gay,True,True,False
7509766077082062087,https://www.tiktok.com/@MS4wLjABAAAAMPnpn3EKG8gfAcqX7d5udBoWXobxoz2ltAK86h-KWmiWW8FQpaasKuCVtgQOhoIi/video/7509766077082062087,2025-05-29,14,Thu,30,1871,22,12,6,10,2.67,Ngon lém nha#xuhuong #doanvat #banhtrang #banhtrangcuonmuoitom#ancung...,xuhuong doanvat banhtrang banhtrangcuonmuoitom ancung,Titibok tibok,୨ .ᐟ ⨍𝚛ᥲ𝕟ᥴ౿ડ ⑅ 🩰 ଓ,True,True,False
7509484906011970834,https://www.tiktok.com/@MS4wLjABAAAAMPnpn3EKG8gfAcqX7d5udBoWXobxoz2ltAK86h-KWmiWW8FQpaasKuCVtgQOhoIi/video/7509484906011970834,2025-05-28,20,Wed,32,372,5,2,2,2,2.96,Ẻm ngon điên lun á#xuhuong #doanvat #banhtrang#banhtrangtron#ancungti...,xuhuong doanvat banhtrang banhtrangtron ancungti,original sound - bobi_.tokaa,# ♡̷̷˚ʚ⛄ 𝙱𝚘𝚋𝚒🪵ɞ˚ ᶻ ⋅˚₊‧ ୨,True,True,False
7509327793704946962,https://www.tiktok.com/@MS4wLjABAAAAMPnpn3EKG8gfAcqX7d5udBoWXobxoz2ltAK86h-KWmiWW8FQpaasKuCVtgQOhoIi/video/7509327793704946962,2025-05-28,10,Wed,33,130600,775,41,246,33,0.84,Bánh phủ socola#xuhuong #doanvat #banhphusocola #ancungtiktok #review...,xuhuong doanvat banhphusocola ancungtiktok review,ɱ α ɠ ɳ ҽ ƚ ι ƈ,Someone,True,True,False
7509034744173071623,https://www.tiktok.com/@MS4wLjABAAAAMPnpn3EKG8gfAcqX7d5udBoWXobxoz2ltAK86h-KWmiWW8FQpaasKuCVtgQOhoIi/video/7509034744173071623,2025-05-27,15,Tue,34,11800,29,8,4,13,0.46,giòn rụm lun nè#xuhuong #doanvat #chuoisay #chuoisaymegung #ancungtik...,xuhuong doanvat chuoisay chuoisaymegung ancungtik,original sound - miraiams,mirai.,True,True,False
7508972177320905992,https://www.tiktok.com/@MS4wLjABAAAAMPnpn3EKG8gfAcqX7d5udBoWXobxoz2ltAK86h-KWmiWW8FQpaasKuCVtgQOhoIi/video/7508972177320905992,2025-05-27,11,Tue,34,4164,28,4,3,6,0.98,Kẹo sữa bò#xuhuong #doanvat #keosuabo🐮 #ancungtiktok #review  @yen_do...,xuhuong doanvat keosuabo ancungtiktok review,original sound - heinaa._.mukbang,🥡𝙃𝙚𝙞𝙣𝙖૮ ˶ᵔ ᵕ ᵔ˶ ა🧁,True,True,False
7508724288703171847,https://www.tiktok.com/@MS4wLjABAAAAMPnpn3EKG8gfAcqX7d5udBoWXobxoz2ltAK86h-KWmiWW8FQpaasKuCVtgQOhoIi/video/7508724288703171847,2025-05-26,19,Mon,31,604,5,4,0,2,1.82,"SÁ Le nha, 47kar combo 3 bịch lun ạ#xuhuong #doanvat #banhtrang #ancu...",xuhuong doanvat banhtrang ancu,original sound - gaenhi,𝐆aen.,True,True,False
7508648927894261010,https://www.tiktok.com/@MS4wLjABAAAAMPnpn3EKG8gfAcqX7d5udBoWXobxoz2ltAK86h-KWmiWW8FQpaasKuCVtgQOhoIi/video/7508648927894261010,2025-05-26,14,Mon,41,778,13,8,0,3,3.08,nhăm nhăm#xuhuong #doanvat #khobomiengmem #ancungtiktok #review  @yen...,xuhuong doanvat khobomiengmem ancungtiktok review,D a r a r i,⁎⁺˳⪩ 𝐀𝐲𝐮 ! 🍡៸៸,True,True,False
7508574239860018450,https://www.tiktok.com/@MS4wLjABAAAAMPnpn3EKG8gfAcqX7d5udBoWXobxoz2ltAK86h-KWmiWW8FQpaasKuCVtgQOhoIi/video/7508574239860018450,2025-05-26,9,Mon,38,636,4,0,0,2,0.94,Ta nói nó ngonnn#xuhuong #doanvat #chuoisay #chuoisaymegung #ancungti...,xuhuong doanvat chuoisay chuoisaymegung ancungti,original sound - n0ums.cakeu,Ik4n ashine ❓,True,True,False
7508307685490593032,https://www.tiktok.com/@MS4wLjABAAAAMPnpn3EKG8gfAcqX7d5udBoWXobxoz2ltAK86h-KWmiWW8FQpaasKuCVtgQOhoIi/video/7508307685490593032,2025-05-25,16,Sun,34,783,9,2,1,4,2.04,Nó ngonnnnn #xuhuong #doanvat #banhtrang #ancungtiktok #review  @yen_...,xuhuong doanvat banhtrang ancungtiktok review,오사하면 달려감,euoxwe,True,True,False
7508247102099623186,https://www.tiktok.com/@MS4wLjABAAAAMPnpn3EKG8gfAcqX7d5udBoWXobxoz2ltAK86h-KWmiWW8FQpaasKuCVtgQOhoIi/video/7508247102099623186,2025-05-25,12,Sun,34,1882,11,3,6,5,1.33,Ngon xỉu lun nhá#xuhuong #doanvat #keodautaydautam #ancungtiktok #rev...,xuhuong doanvat keodautaydautam ancungtiktok rev,S H I E R S,AMIRA,True,True,False
7508023531343547655,https://www.tiktok.com/@MS4wLjABAAAAMPnpn3EKG8gfAcqX7d5udBoWXobxoz2ltAK86h-KWmiWW8FQpaasKuCVtgQOhoIi/video/7508023531343547655,2025-05-24,21,Sat,36,663,4,1,1,3,1.36,"Giòn rụm, siu ngon#xuhuong #doanvat #chuoisay#chuoisaymegung #ancungt...",xuhuong doanvat chuoisay chuoisaymegung ancungt,original sound - nhamnhamjt,Một chiếc bụng đói,True,True,False
7507940856414964999,https://www.tiktok.com/@MS4wLjABAAAAMPnpn3EKG8gfAcqX7d5udBoWXobxoz2ltAK86h-KWmiWW8FQpaasKuCVtgQOhoIi/video/7507940856414964999,2025-05-24,16,Sat,39,2751,13,6,1,4,0.87,chocopie dưa hấu#xuhuong #doanvat#chocopieduahau🍉 #ancungtiktok #revi...,xuhuong doanvat chocopieduahau ancungtiktok revi,BGM C A F E S O U N D S,໒꒱— 𝓐_𝝴ׅƖׅყׂ !¡🌟🛼,True,True,False
7507873688784473352,https://www.tiktok.com/@MS4wLjABAAAAMPnpn3EKG8gfAcqX7d5udBoWXobxoz2ltAK86h-KWmiWW8FQpaasKuCVtgQOhoIi/video/7507873688784473352,2025-05-24,12,Sat,36,1908,27,3,2,10,2.2,Ngon lém nè#xuhuong #doanvat #banhtrang #banhtrangtron #ancungtiktok ...,xuhuong doanvat banhtrang banhtrangtron ancungtiktok,original sound - bobi_.tokaa,# ♡̷̷˚ʚ⛄ 𝙱𝚘𝚋𝚒🪵ɞ˚ ᶻ ⋅˚₊‧ ୨,True,True,False
7507599711449124104,https://www.tiktok.com/@MS4wLjABAAAAMPnpn3EKG8gfAcqX7d5udBoWXobxoz2ltAK86h-KWmiWW8FQpaasKuCVtgQOhoIi/video/7507599711449124104,2025-05-23,18,Fri,32,4589,16,2,11,4,0.72,Hạnh nhân rang bơ siu thơm#xuhuong #doanvat #hanhnhanrangbo #hanhnhan...,xuhuong doanvat hanhnhanrangbo hanhnhan,original sound - lilymukbangidols,Lilly🥧🧃,True,True,False
7507539550013525256,https://www.tiktok.com/@MS4wLjABAAAAMPnpn3EKG8gfAcqX7d5udBoWXobxoz2ltAK86h-KWmiWW8FQpaasKuCVtgQOhoIi/video/7507539550013525256,2025-05-23,14,Fri,34,1327,12,5,3,5,1.88,Siu ngon lun ạaa#xuhuong #doanvat #chocolate #chocomet #lavachocolate...,xuhuong doanvat chocolate chocomet lavachocolate,G o o d p a r t s,Someone,True,True,False
7507468889639357704,https://www.tiktok.com/@MS4wLjABAAAAMPnpn3EKG8gfAcqX7d5udBoWXobxoz2ltAK86h-KWmiWW8FQpaasKuCVtgQOhoIi/video/7507468889639357704,2025-05-23,9,Fri,35,1124,7,1,4,4,1.42,ô mai xí muội#xuhuong #doanvat #omai#omaiximuoi #ancungtiktok #review...,xuhuong doanvat omai omaiximuoi ancungtiktok review,original sound - vlawmzzn._,vlamm gay,True,True,False
7507229774771719431,https://www.tiktok.com/@MS4wLjABAAAAMPnpn3EKG8gfAcqX7d5udBoWXobxoz2ltAK86h-KWmiWW8FQpaasKuCVtgQOhoIi/video/7507229774771719431,2025-05-22,18,Thu,38,147,8,4,2,6,13.61,nó siu siu ngon lun á #xuhuong #doanvat #comchay#comchaymix5vi #ancun...,xuhuong doanvat comchay comchaymix5vi ancun,Girls like me dont cry,Someone,True,True,False
7507172366783368455,https://www.tiktok.com/@MS4wLjABAAAAMPnpn3EKG8gfAcqX7d5udBoWXobxoz2ltAK86h-KWmiWW8FQpaasKuCVtgQOhoIi/video/7507172366783368455,2025-05-22,14,Thu,33,13800,31,1,9,7,0.35,Ô mai giun tuổi thơ#xuhuong #doanvat #omaigiun #ômaigiuntuoitho #ancu...,xuhuong doanvat omaigiun ômaigiuntuoitho ancu,Titibok tibok,୨ .ᐟ ⨍𝚛ᥲ𝕟ᥴ౿ડ ⑅ 🩰 ଓ,True,True,False
7507102343888964882,https://www.tiktok.com/@MS4wLjABAAAAMPnpn3EKG8gfAcqX7d5udBoWXobxoz2ltAK86h-KWmiWW8FQpaasKuCVtgQOhoIi/video/7507102343888964882,2025-05-22,10,Thu,33,3231,29,6,6,8,1.52,miếng siu mềm na#xuhuong #doanvat #khobo #khobomiengmem #ancungtiktok...,xuhuong doanvat khobo khobomiengmem ancungtiktok,original sound - kdx.qzvii,kdx._.,True,True,False
7506860979741854994,https://www.tiktok.com/@MS4wLjABAAAAMPnpn3EKG8gfAcqX7d5udBoWXobxoz2ltAK86h-KWmiWW8FQpaasKuCVtgQOhoIi/video/7506860979741854994,2025-05-21,18,Wed,37,3585,16,5,2,7,0.84,nó ngon đin lun á#xuhuong #doanvat #banhliutrungchay #ancungtiktok #r...,xuhuong doanvat banhliutrungchay ancungtiktok r,original sound - miraiams,mirai.,True,True,False
7506800836950052114,https://www.tiktok.com/@MS4wLjABAAAAMPnpn3EKG8gfAcqX7d5udBoWXobxoz2ltAK86h-KWmiWW8FQpaasKuCVtgQOhoIi/video/7506800836950052114,2025-05-21,14,Wed,45,182,6,6,2,6,10.99,Bánh ngon lắm nha#xuhuong #doanvat #banhindeonhanduanon #ancungtiktok...,xuhuong doanvat banhindeonhanduanon ancungtiktok,original sound - snowychaezu,๑ ｡🥣 ♡ 채즈 ♡ 📓 ｡ ๑ ^^,True,True,False
7506732824842652946,https://www.tiktok.com/@MS4wLjABAAAAMPnpn3EKG8gfAcqX7d5udBoWXobxoz2ltAK86h-KWmiWW8FQpaasKuCVtgQOhoIi/video/7506732824842652946,2025-05-21,10,Wed,39,1169,9,9,2,6,2.22,kẹo bạc hà giấy#xuhuong #doanvat #keobachagiay #keongon#ancungtiktok ...,xuhuong doanvat keobachagiay keongon ancungtiktok,오사 금지,수-퍼 꿀입🥸,True,True,False
7506479809141247250,https://www.tiktok.com/@MS4wLjABAAAAMPnpn3EKG8gfAcqX7d5udBoWXobxoz2ltAK86h-KWmiWW8FQpaasKuCVtgQOhoIi/video/7506479809141247250,2025-05-20,17,Tue,31,938,14,9,3,5,3.3,combo 3 vị chỉ 54🍠 nha#xuhuong #doanvat #banhtrang#banhtrangmixvi #an...,xuhuong doanvat banhtrang banhtrangmixvi an,original sound - nhamnhamjt,Một chiếc bụng đói,True,True,False
7506413127706168584,https://www.tiktok.com/@MS4wLjABAAAAMPnpn3EKG8gfAcqX7d5udBoWXobxoz2ltAK86h-KWmiWW8FQpaasKuCVtgQOhoIi/video/7506413127706168584,2025-05-20,13,Tue,33,191,10,3,2,4,9.95,Quẩy xoắn vị phô mai#xuhuong #doanvat #quayxoanhanquoc #quayxoanvipho...,xuhuong doanvat quayxoanhanquoc quayxoanvipho,original sound - _kiasatin4,saa-𖹭.ᐟ,True,True,False
7506360470824111378,https://www.tiktok.com/@MS4wLjABAAAAMPnpn3EKG8gfAcqX7d5udBoWXobxoz2ltAK86h-KWmiWW8FQpaasKuCVtgQOhoIi/video/7506360470824111378,2025-05-20,10,Tue,34,59200,447,7,70,58,0.98,ẻm nó siu ngon ngon á#xuhuong #doanvat #bunocbatonlieuchau #bunoc #an...,xuhuong doanvat bunocbatonlieuchau bunoc an,original sound - kdx.qzvii,kdx._.,True,True,False
7506133959428885778,https://www.tiktok.com/@MS4wLjABAAAAMPnpn3EKG8gfAcqX7d5udBoWXobxoz2ltAK86h-KWmiWW8FQpaasKuCVtgQOhoIi/video/7506133959428885778,2025-05-19,19,Mon,32,17000,91,6,16,17,0.76,66kar 1 hũ khô bò miếng#xuhuong #doanvat #khobo #khobomiengmem #ancun...,xuhuong doanvat khobo khobomiengmem ancun,original sound - _yandere.._simulator,Rusteen 🫶🏻,True,True,False
7506091653569236232,https://www.tiktok.com/@MS4wLjABAAAAMPnpn3EKG8gfAcqX7d5udBoWXobxoz2ltAK86h-KWmiWW8FQpaasKuCVtgQOhoIi/video/7506091653569236232,2025-05-19,16,Mon,34,236,7,0,2,5,5.93,Siuyy ngonnn#xuhuong #doanvat #quayxoanhanquoc #quayxoanrongbien #anc...,xuhuong doanvat quayxoanhanquoc quayxoanrongbien anc,original sound - bobi_.tokaa,# ♡̷̷˚ʚ⛄ 𝙱𝚘𝚋𝚒🪵ɞ˚ ᶻ ⋅˚₊‧ ୨,True,True,False
7505983106604748050,https://www.tiktok.com/@MS4wLjABAAAAMPnpn3EKG8gfAcqX7d5udBoWXobxoz2ltAK86h-KWmiWW8FQpaasKuCVtgQOhoIi/video/7505983106604748050,2025-05-19,9,Mon,35,25900,168,12,25,21,0.87,kẹo sữa bò🐮#xuhuong #doanvat #keosuabo🐮#ancungtiktok #review  @yen_do...,xuhuong doanvat keosuabo ancungtiktok review,original sound - heinaa._.mukbang,🥡𝙃𝙚𝙞𝙣𝙖૮ ˶ᵔ ᵕ ᵔ˶ ა🧁,True,True,False
7505736999551241480,https://www.tiktok.com/@MS4wLjABAAAAMPnpn3EKG8gfAcqX7d5udBoWXobxoz2ltAK86h-KWmiWW8FQpaasKuCVtgQOhoIi/video/7505736999551241480,2025-05-18,17,Sun,34,230,8,10,3,5,11.3,Giấy ăn baby monster#xuhuong #dogiadung #giayan #giayancaocap #review...,xuhuong dogiadung giayan giayancaocap review,Đừng Làm Trái Tim Anh Đau by Rosita Mei,Rosita Mei®,True,True,False
7505683978809134343,https://www.tiktok.com/@MS4wLjABAAAAMPnpn3EKG8gfAcqX7d5udBoWXobxoz2ltAK86h-KWmiWW8FQpaasKuCVtgQOhoIi/video/7505683978809134343,2025-05-18,14,Sun,41,416,6,8,6,4,5.77,kẹo dẻo siuu ngon#xuhuong #doanvat #keodeo#keodeothienthach #popit #a...,xuhuong doanvat keodeo keodeothienthach popit a,Titibok tibok,୨ .ᐟ ⨍𝚛ᥲ𝕟ᥴ౿ડ ⑅ 🩰 ଓ,True,True,False
7505614002014162184,https://www.tiktok.com/@MS4wLjABAAAAMPnpn3EKG8gfAcqX7d5udBoWXobxoz2ltAK86h-KWmiWW8FQpaasKuCVtgQOhoIi/video/7505614002014162184,2025-05-18,9,Sun,33,782,7,2,0,4,1.66,Ú nu trứng chảy lun ạ#xuhuong #doanvat #banhliu #banhliutrungchay #an...,xuhuong doanvat banhliu banhliutrungchay an,original sound - toxca..chloe0,𖦁ׅ ࣪ chloe ៵🎄 ࣪ ִֶָ ⋆,True,True,False
7505371154018733319,https://www.tiktok.com/@MS4wLjABAAAAMPnpn3EKG8gfAcqX7d5udBoWXobxoz2ltAK86h-KWmiWW8FQpaasKuCVtgQOhoIi/video/7505371154018733319,2025-05-17,18,Sat,34,1817,11,2,2,6,1.16,ngon nha mấy mí#xuhuong #doanvat #chocomet #lavachocolate #ancungtikt...,xuhuong doanvat chocomet lavachocolate ancungtikt,original sound - kdx.qzvii,kdx._.,True,True,False
7505324240640429319,https://www.tiktok.com/@MS4wLjABAAAAMPnpn3EKG8gfAcqX7d5udBoWXobxoz2ltAK86h-KWmiWW8FQpaasKuCVtgQOhoIi/video/7505324240640429319,2025-05-17,15,Sat,34,5619,23,7,3,5,0.68,45karr 1 gói thui na#xuhuong #doanvat #chuoisaymegung #ancungtiktok #...,xuhuong doanvat chuoisaymegung ancungtiktok,original sound - softtie_pie,안녕𝖸ɑɣɑ || 🎀,True,True,False
7505258022889884935,https://www.tiktok.com/@MS4wLjABAAAAMPnpn3EKG8gfAcqX7d5udBoWXobxoz2ltAK86h-KWmiWW8FQpaasKuCVtgQOhoIi/video/7505258022889884935,2025-05-17,10,Sat,31,1996,12,8,2,4,1.3,Nó ngonnnnn#xuhuong #doanvat #khobomiengmem #ancungtiktok #review  @y...,xuhuong doanvat khobomiengmem ancungtiktok review,Titibok tibok,୨ .ᐟ ⨍𝚛ᥲ𝕟ᥴ౿ડ ⑅ 🩰 ଓ,True,True,False
7505000421031791879,https://www.tiktok.com/@MS4wLjABAAAAMPnpn3EKG8gfAcqX7d5udBoWXobxoz2ltAK86h-KWmiWW8FQpaasKuCVtgQOhoIi/video/7505000421031791879,2025-05-16,18,Fri,38,327,6,4,3,6,5.81,Bánh mochi kem lạnh#xuhuong #doanvat #banhmochikemlanh #ancungtiktok ...,xuhuong doanvat banhmochikemlanh ancungtiktok,original sound - heinaa._.mukbang,🥡𝙃𝙚𝙞𝙣𝙖૮ ˶ᵔ ᵕ ᵔ˶ ა🧁,True,True,False
7504939743671536914,https://www.tiktok.com/@MS4wLjABAAAAMPnpn3EKG8gfAcqX7d5udBoWXobxoz2ltAK86h-KWmiWW8FQpaasKuCVtgQOhoIi/video/7504939743671536914,2025-05-16,14,Fri,33,301,9,4,3,5,6.98,khô bò sợi#xuhuong #doanvat #khobo #khobosoi #ancungtiktok #review  @...,xuhuong doanvat khobo khobosoi ancungtiktok review,original sound - snowychaezu,๑ ｡🥣 ♡ 채즈 ♡ 📓 ｡ ๑ ^^,True,True,False
7504880847099579655,https://www.tiktok.com/@MS4wLjABAAAAMPnpn3EKG8gfAcqX7d5udBoWXobxoz2ltAK86h-KWmiWW8FQpaasKuCVtgQOhoIi/video/7504880847099579655,2025-05-16,10,Fri,37,473,10,8,2,5,5.29,Ô mai phố cổ#xuhuong #doanvat #omai #omaiphoco #ancungtiktok #review ...,xuhuong doanvat omai omaiphoco ancungtiktok review,original sound - _karin.tt,𖤐⭒๋࣭ ⭑ʀɪɴ,True,True,False
7504630148956769543,https://www.tiktok.com/@MS4wLjABAAAAMPnpn3EKG8gfAcqX7d5udBoWXobxoz2ltAK86h-KWmiWW8FQpaasKuCVtgQOhoIi/video/7504630148956769543,2025-05-15,18,Thu,44,175,8,14,5,6,18.86,banh tráng satee tỏi#xuhuong #doanvat #banhtrang #banhtrangsatetoi #a...,xuhuong doanvat banhtrang banhtrangsatetoi a,cute cafesounds,𝐂𝐲𝐛𝐞𝐥𝐥𝐚 ! 👩🏻‍🍳,True,True,False
7504561063573146887,https://www.tiktok.com/@MS4wLjABAAAAMPnpn3EKG8gfAcqX7d5udBoWXobxoz2ltAK86h-KWmiWW8FQpaasKuCVtgQOhoIi/video/7504561063573146887,2025-05-15,13,Thu,32,1139,8,7,3,5,2.02,giòn tan lun nha#xuhuong #doanvat #chuoisaymegung #ancungtiktok #revi...,xuhuong doanvat chuoisaymegung ancungtiktok revi,original sound - ttchillmusic,Chill Music,True,True,False
7504504162101579015,https://www.tiktok.com/@MS4wLjABAAAAMPnpn3EKG8gfAcqX7d5udBoWXobxoz2ltAK86h-KWmiWW8FQpaasKuCVtgQOhoIi/video/7504504162101579015,2025-05-15,10,Thu,33,148,10,10,2,6,18.92,Kẹo táo đỏ tân cương#xuhuong #doanvat #keotaodotancuong #ancungtiktok...,xuhuong doanvat keotaodotancuong ancungtiktok,Titibok tibok,୨ .ᐟ ⨍𝚛ᥲ𝕟ᥴ౿ડ ⑅ 🩰 ଓ,True,True,False
7504252529283304711,https://www.tiktok.com/@MS4wLjABAAAAMPnpn3EKG8gfAcqX7d5udBoWXobxoz2ltAK86h-KWmiWW8FQpaasKuCVtgQOhoIi/video/7504252529283304711,2025-05-14,17,Wed,31,3044,19,1,5,7,1.05,Miếng siu bự lun na#xuhuong #doanvat #khobomiengmem #ancungtiktok #re...,xuhuong doanvat khobomiengmem ancungtiktok re,original sound - gaenhi,𝐆aen.,True,True,False
7504205388233936135,https://www.tiktok.com/@MS4wLjABAAAAMPnpn3EKG8gfAcqX7d5udBoWXobxoz2ltAK86h-KWmiWW8FQpaasKuCVtgQOhoIi/video/7504205388233936135,2025-05-14,14,Wed,33,802,11,3,1,7,2.74,Siu ngon nha#xuhuong #doanvat #comchay #comchaychabong #ancungtiktok ...,xuhuong doanvat comchay comchaychabong ancungtiktok,original sound - miraiams,mirai.,True,True,False
7504133744081636616,https://www.tiktok.com/@MS4wLjABAAAAMPnpn3EKG8gfAcqX7d5udBoWXobxoz2ltAK86h-KWmiWW8FQpaasKuCVtgQOhoIi/video/7504133744081636616,2025-05-14,10,Wed,33,3156,26,1,4,9,1.27,ngon lém lun nha#xuhuong#doanvat #banhtrang #banhtrangdeotom#ancungti...,xuhuong doanvat banhtrang banhtrangdeotom ancungti,original sound - toxca..chloe0,𖦁ׅ ࣪ chloe ៵🎄 ࣪ ִֶָ ⋆,True,True,False
7503826511686913287,https://www.tiktok.com/@MS4wLjABAAAAMPnpn3EKG8gfAcqX7d5udBoWXobxoz2ltAK86h-KWmiWW8FQpaasKuCVtgQOhoIi/video/7503826511686913287,2025-05-13,14,Tue,38,1362,15,3,1,4,1.69,Bánh tráng siuu nhon#xuhuong #doanvat #banhtrang #ancungtiktok #revie...,xuhuong doanvat banhtrang ancungtiktok revie,ɱ α ɠ ɳ ҽ ƚ ι ƈ,Someone,True,True,True
7503769072128101650,https://www.tiktok.com/@MS4wLjABAAAAMPnpn3EKG8gfAcqX7d5udBoWXobxoz2ltAK86h-KWmiWW8FQpaasKuCVtgQOhoIi/video/7503769072128101650,2025-05-13,10,Tue,37,16500,69,1,15,7,0.56,ngon nha#xuhuong #doanvat #khobo #khobomiengmem #ancungtiktok #review...,xuhuong doanvat khobo khobomiengmem ancungtiktok review,B U B B L E G U M,୨ rae. 🪽,True,True,False
7503522773617118472,https://www.tiktok.com/@MS4wLjABAAAAMPnpn3EKG8gfAcqX7d5udBoWXobxoz2ltAK86h-KWmiWW8FQpaasKuCVtgQOhoIi/video/7503522773617118472,2025-05-12,18,Mon,34,3588,32,2,8,7,1.37,Kẹo dẻo thiên thạch#xuhuong #doanvat #keodeo#keodeothienthach #ancung...,xuhuong doanvat keodeo keodeothienthach ancung,original sound - n0ums.cakeu,Ik4n ashine ❓,True,True,False
7503444826990316818,https://www.tiktok.com/@MS4wLjABAAAAMPnpn3EKG8gfAcqX7d5udBoWXobxoz2ltAK86h-KWmiWW8FQpaasKuCVtgQOhoIi/video/7503444826990316818,2025-05-12,13,Mon,39,25400,45,3,11,9,0.27,Chuối sấy chuối sấy#xuhuong #doanvat #chuoisaymegung #ancungtiktok #r...,xuhuong doanvat chuoisaymegung ancungtiktok r,original sound - cungtamche,Cung Tâm Chế,True,True,False
7503382327393864967,https://www.tiktok.com/@MS4wLjABAAAAMPnpn3EKG8gfAcqX7d5udBoWXobxoz2ltAK86h-KWmiWW8FQpaasKuCVtgQOhoIi/video/7503382327393864967,2025-05-12,9,Mon,40,2300,16,5,4,7,1.39,Ngon đin đi được ạ#xuhuong #doanvat #chocopie #banhchocopieduahau🍉✨ #...,xuhuong doanvat chocopie banhchocopieduahau,original sound - appleccndy,"@___<  ꪱ𐑈αα, 🐰🧁⭐🎀",True,True,False
7503095875846130952,https://www.tiktok.com/@MS4wLjABAAAAMPnpn3EKG8gfAcqX7d5udBoWXobxoz2ltAK86h-KWmiWW8FQpaasKuCVtgQOhoIi/video/7503095875846130952,2025-05-11,15,Sun,30,17200,116,8,24,17,0.96,Nó ngon đin lun á#xuhuong #doanvat #banhtrang #ancungtiktok #review  ...,xuhuong doanvat banhtrang ancungtiktok review,original sound - reviewdoxin1.2,Tổng Kho Quà Tết 🧧,True,True,True
7503021343542103303,https://www.tiktok.com/@MS4wLjABAAAAMPnpn3EKG8gfAcqX7d5udBoWXobxoz2ltAK86h-KWmiWW8FQpaasKuCVtgQOhoIi/video/7503021343542103303,2025-05-11,10,Sun,29,1014,8,2,0,3,1.28,chảy nước miếng chưa nào#xuhuong #doanvat #banhliu #banhliutrungchay ...,xuhuong doanvat banhliu banhliutrungchay,original sound - lilymukbangidols,Lilly🥧🧃,True,True,False
7502780894596451602,https://www.tiktok.com/@MS4wLjABAAAAMPnpn3EKG8gfAcqX7d5udBoWXobxoz2ltAK86h-KWmiWW8FQpaasKuCVtgQOhoIi/video/7502780894596451602,2025-05-10,18,Sat,41,155,10,7,3,6,16.77,Ngậm siu mát lun#xuhuong #doanvat #keobacha #keobachakhongduong #ancu...,xuhuong doanvat keobacha keobachakhongduong ancu,original sound - vlawmzzn._,vlamm gay,True,True,False
7502714800422669576,https://www.tiktok.com/@MS4wLjABAAAAMPnpn3EKG8gfAcqX7d5udBoWXobxoz2ltAK86h-KWmiWW8FQpaasKuCVtgQOhoIi/video/7502714800422669576,2025-05-10,14,Sat,32,810,8,5,2,5,2.47,Siu ngon lun na#xuhuong #doanvat #khobo #khobomiengmem #ancungtiktok ...,xuhuong doanvat khobo khobomiengmem ancungtiktok,original sound - lilymukbangidols,Lilly🥧🧃,True,True,False
7502648423137463559,https://www.tiktok.com/@MS4wLjABAAAAMPnpn3EKG8gfAcqX7d5udBoWXobxoz2ltAK86h-KWmiWW8FQpaasKuCVtgQOhoIi/video/7502648423137463559,2025-05-10,10,Sat,35,719,12,0,4,6,3.06,Bánh tráng trộn#xuhuong #doanvat #banhtrang#banhtrangtutron#ancungtik...,xuhuong doanvat banhtrang banhtrangtutron ancungtik,original sound - appleccndy,"@___<  ꪱ𐑈αα, 🐰🧁⭐🎀",True,True,False
7502380869756275986,https://www.tiktok.com/@MS4wLjABAAAAMPnpn3EKG8gfAcqX7d5udBoWXobxoz2ltAK86h-KWmiWW8FQpaasKuCVtgQOhoIi/video/7502380869756275986,2025-05-09,16,Fri,43,2438,15,10,6,6,1.52,Khô bò miếng mềm siu ngon#xuhuong #doanvat #khobo #khobomiengmem #anc...,xuhuong doanvat khobo khobomiengmem anc,original sound - vlawmzzn._,vlamm gay,True,True,False
7502329224502447368,https://www.tiktok.com/@MS4wLjABAAAAMPnpn3EKG8gfAcqX7d5udBoWXobxoz2ltAK86h-KWmiWW8FQpaasKuCVtgQOhoIi/video/7502329224502447368,2025-05-09,13,Fri,42,239,9,6,2,4,8.79,Sữa milo thái lan#xuhuong #doanvat #suamilo #milothailand #ancungtikt...,xuhuong doanvat suamilo milothailand ancungtikt,original sound - _kiasatin4,saa-𖹭.ᐟ,True,True,False
7502273772758568210,https://www.tiktok.com/@MS4wLjABAAAAMPnpn3EKG8gfAcqX7d5udBoWXobxoz2ltAK86h-KWmiWW8FQpaasKuCVtgQOhoIi/video/7502273772758568210,2025-05-09,9,Fri,34,873,8,2,0,3,1.49,Chuối sấy chuối sấy#xuhuong #doanvat #chuoisay#chuoisaymegung #ancung...,xuhuong doanvat chuoisay chuoisaymegung ancung,오사하면 달려감,euoxwe,True,True,False
7502013038451576071,https://www.tiktok.com/@MS4wLjABAAAAMPnpn3EKG8gfAcqX7d5udBoWXobxoz2ltAK86h-KWmiWW8FQpaasKuCVtgQOhoIi/video/7502013038451576071,2025-05-08,17,Thu,37,893,11,7,3,5,2.91,Uống siu ngon lun#xuhuong #doanvat #nuoccotchanhday #ancungtiktok #re...,xuhuong doanvat nuoccotchanhday ancungtiktok re,original sound - nongtrahuong,Nông Trà Hương,True,True,False
7501957321036205319,https://www.tiktok.com/@MS4wLjABAAAAMPnpn3EKG8gfAcqX7d5udBoWXobxoz2ltAK86h-KWmiWW8FQpaasKuCVtgQOhoIi/video/7501957321036205319,2025-05-08,13,Thu,38,203,7,2,1,2,5.91,Kẹo MILO cube thailand🤤#xuhuong #doanvat #keomilocube #kẹomilothailan...,xuhuong doanvat keomilocube kẹomilothailan,original sound - baovudayreview,Bảo Vũ đây,True,True,False
7501903681944669448,https://www.tiktok.com/@MS4wLjABAAAAMPnpn3EKG8gfAcqX7d5udBoWXobxoz2ltAK86h-KWmiWW8FQpaasKuCVtgQOhoIi/video/7501903681944669448,2025-05-08,9,Thu,37,3499,14,33,5,5,1.63,Bánh siu ngon na#xuhuong #doanvat #banhphusocola #banhchocopie #ancun...,xuhuong doanvat banhphusocola banhchocopie ancun,original sound - lilymukbangidols,Lilly🥧🧃,True,True,False
7501644050596973832,https://www.tiktok.com/@MS4wLjABAAAAMPnpn3EKG8gfAcqX7d5udBoWXobxoz2ltAK86h-KWmiWW8FQpaasKuCVtgQOhoIi/video/7501644050596973832,2025-05-07,17,Wed,35,12900,28,16,11,8,0.49,Nó siu siu ngon lun ạ#xuhuong #doanvat #banhliu #banhliutrungchay #ba...,xuhuong doanvat banhliu banhliutrungchay ba,original sound - yowkiies,⁎⁺˳⪩ 𝐀𝐲𝐮 ! 🍡៸៸,True,True,True
7501588511968054536,https://www.tiktok.com/@MS4wLjABAAAAMPnpn3EKG8gfAcqX7d5udBoWXobxoz2ltAK86h-KWmiWW8FQpaasKuCVtgQOhoIi/video/7501588511968054536,2025-05-07,13,Wed,36,2172,16,8,5,8,1.7,Kẹo socola#xuhuong #doanvat #keosocola #ancungtiktok #review  @yen_do...,xuhuong doanvat keosocola ancungtiktok review,original sound - antitrangkhanzone1,Anti Trang Khàn zone,True,True,False
7501535894071987463,https://www.tiktok.com/@MS4wLjABAAAAMPnpn3EKG8gfAcqX7d5udBoWXobxoz2ltAK86h-KWmiWW8FQpaasKuCVtgQOhoIi/video/7501535894071987463,2025-05-07,10,Wed,45,2399,25,5,3,5,1.58,Bánh tráng cuộn muối tôm#xuhuong #doanvat #banhtrang #banhtrangdeocuo...,xuhuong doanvat banhtrang banhtrangdeocuo,original sound - heinaa._.mukbang,🥡𝙃𝙚𝙞𝙣𝙖૮ ˶ᵔ ᵕ ᵔ˶ ა🧁,True,True,False
7501295122865261831,https://www.tiktok.com/@MS4wLjABAAAAMPnpn3EKG8gfAcqX7d5udBoWXobxoz2ltAK86h-KWmiWW8FQpaasKuCVtgQOhoIi/video/7501295122865261831,2025-05-06,18,Tue,44,672,7,6,1,3,2.53,Giòn rụm lun#xuhuong #doanvat #chuoisaymegung #ancungtiktok #review  ...,xuhuong doanvat chuoisaymegung ancungtiktok review,오사 금지,수-퍼 꿀입🥸,True,True,False
7501236775688408327,https://www.tiktok.com/@MS4wLjABAAAAMPnpn3EKG8gfAcqX7d5udBoWXobxoz2ltAK86h-KWmiWW8FQpaasKuCVtgQOhoIi/video/7501236775688408327,2025-05-06,14,Tue,42,233,9,12,3,5,12.45,muối tiêu cay#xuhuong #doanvat #muoitieucay #ancungtiktok #review  @y...,xuhuong doanvat muoitieucay ancungtiktok review,original sound - lilymukbangidols,Lilly🥧🧃,True,True,False
7501174728934083858,https://www.tiktok.com/@MS4wLjABAAAAMPnpn3EKG8gfAcqX7d5udBoWXobxoz2ltAK86h-KWmiWW8FQpaasKuCVtgQOhoIi/video/7501174728934083858,2025-05-06,10,Tue,39,607,8,1,4,4,2.8,Kẹo Bông giòn siu ngon#xuhuong #doanvat #keobonggionx🍡🍡🍡 #ancungtikto...,xuhuong doanvat keobonggionx ancungtikto,cute cafesounds,𝐂𝐲𝐛𝐞𝐥𝐥𝐚 ! 👩🏻‍🍳,True,True,False
7500943330142964999,https://www.tiktok.com/@MS4wLjABAAAAMPnpn3EKG8gfAcqX7d5udBoWXobxoz2ltAK86h-KWmiWW8FQpaasKuCVtgQOhoIi/video/7500943330142964999,2025-05-05,19,Mon,33,1090,6,1,2,3,1.1,chuối sấy mè gừng siu giòn lun nha#xuhuong #doanvat #chuoisaymegung #...,xuhuong doanvat chuoisaymegung,original sound - feiwulonew,废物咯,True,True,False
7500894560889916690,https://www.tiktok.com/@MS4wLjABAAAAMPnpn3EKG8gfAcqX7d5udBoWXobxoz2ltAK86h-KWmiWW8FQpaasKuCVtgQOhoIi/video/7500894560889916690,2025-05-05,16,Mon,44,862,15,5,3,8,3.6,"SEO SEO, 48kar combo 3 bịch bánh tráng na#xuhuong #doanvat #banhtrang...",xuhuong doanvat banhtrang,B U B B L E G U M,୨ rae. 🪽,True,True,False
7500839082432417042,https://www.tiktok.com/@MS4wLjABAAAAMPnpn3EKG8gfAcqX7d5udBoWXobxoz2ltAK86h-KWmiWW8FQpaasKuCVtgQOhoIi/video/7500839082432417042,2025-05-05,13,Mon,37,695,10,4,2,4,2.88,bát sứ kèm thìa siu xinh#xuhuong #doanvat#batsu#batsucute#ancungtikto...,xuhuong doanvat batsu batsucute ancungtikto,original sound - _karin.tt,𖤐⭒๋࣭ ⭑ʀɪɴ,True,True,False
7500794919989038354,https://www.tiktok.com/@MS4wLjABAAAAMPnpn3EKG8gfAcqX7d5udBoWXobxoz2ltAK86h-KWmiWW8FQpaasKuCVtgQOhoIi/video/7500794919989038354,2025-05-05,10,Mon,36,8877,26,10,9,7,0.59,Chocopie vị dưa hấu#xuhuong #doanvat #banhchocopie #banhchocopieduaha...,xuhuong doanvat banhchocopie banhchocopieduaha,C u p i d O r i g i n a l,Someone,True,True,False
7500545806001343751,https://www.tiktok.com/@MS4wLjABAAAAMPnpn3EKG8gfAcqX7d5udBoWXobxoz2ltAK86h-KWmiWW8FQpaasKuCVtgQOhoIi/video/7500545806001343751,2025-05-04,18,Sun,32,3221,20,10,5,6,1.27,Ngon lắm lun ấy mí bà oi#xuhuong #doanvat #comchaychabong #comchay #a...,xuhuong doanvat comchaychabong comchay a,original sound - vlawmzzn._,vlamm gay,True,True,False
7500483761616899336,https://www.tiktok.com/@MS4wLjABAAAAMPnpn3EKG8gfAcqX7d5udBoWXobxoz2ltAK86h-KWmiWW8FQpaasKuCVtgQOhoIi/video/7500483761616899336,2025-05-04,14,Sun,37,46700,105,18,23,16,0.35,Bánh Chocopie dưa hấu#xuhuong #doanvat #banhchocopie #banhchocopiedua...,xuhuong doanvat banhchocopie banhchocopiedua,c u t e s o. u n d,ׂ◌⃘  ׅ ׂ c͠ɑtִׄhɑִׄrinִׄē ִ𔘓ׄ,True,True,True
7500419605236550919,https://www.tiktok.com/@MS4wLjABAAAAMPnpn3EKG8gfAcqX7d5udBoWXobxoz2ltAK86h-KWmiWW8FQpaasKuCVtgQOhoIi/video/7500419605236550919,2025-05-04,9,Sun,37,125500,361,15,129,70,0.46,Siu ngon nha#xuhuong #doanvat #banhliutrungchay #ancungtiktok #review...,xuhuong doanvat banhliutrungchay ancungtiktok review,C u p i d O r i g i n a l,Someone,True,True,True
7500205293536595208,https://www.tiktok.com/@MS4wLjABAAAAMPnpn3EKG8gfAcqX7d5udBoWXobxoz2ltAK86h-KWmiWW8FQpaasKuCVtgQOhoIi/video/7500205293536595208,2025-05-03,20,Sat,33,1706,17,10,1,6,1.99,45kar thui hốt lẹ nha#xuhuong #doanvat #chuoisay#chuoisaymegung #ancu...,xuhuong doanvat chuoisay chuoisaymegung ancu,original sound - kdx.qzvii,kdx._.,True,True,False
7500156869449698568,https://www.tiktok.com/@MS4wLjABAAAAMPnpn3EKG8gfAcqX7d5udBoWXobxoz2ltAK86h-KWmiWW8FQpaasKuCVtgQOhoIi/video/7500156869449698568,2025-05-03,16,Sat,42,912,16,6,4,7,3.62,Mì cay SASIN siu ngon#xuhuong#doanvat #micay#micaysasin #ancungtiktok...,xuhuong doanvat micay micaysasin ancungtiktok,C u p i d O r i g i n a l,Someone,True,True,False
7500091800766385415,https://www.tiktok.com/@MS4wLjABAAAAMPnpn3EKG8gfAcqX7d5udBoWXobxoz2ltAK86h-KWmiWW8FQpaasKuCVtgQOhoIi/video/7500091800766385415,2025-05-03,12,Sat,36,4439,40,7,6,12,1.46,Ngon mê lun á#xuhuong #doanvat #banhtrang#banhtrangtutron#ancungtikto...,xuhuong doanvat banhtrang banhtrangtutron ancungtikto,original sound - _yandere.._simulator,Rusteen 🫶🏻,True,True,False
7500047588352199954,https://www.tiktok.com/@MS4wLjABAAAAMPnpn3EKG8gfAcqX7d5udBoWXobxoz2ltAK86h-KWmiWW8FQpaasKuCVtgQOhoIi/video/7500047588352199954,2025-05-03,9,Sat,35,1515,15,12,0,6,2.18,Siuu ngon và dinh dưỡng nha#xuhuong #doanvat #granolasiuhat #hebekery...,xuhuong doanvat granolasiuhat hebekery,original sound - kdx.qzvii,kdx._.,True,True,False
7499829897087651080,https://www.tiktok.com/@MS4wLjABAAAAMPnpn3EKG8gfAcqX7d5udBoWXobxoz2ltAK86h-KWmiWW8FQpaasKuCVtgQOhoIi/video/7499829897087651080,2025-05-02,19,Fri,35,149,8,8,3,7,17.45,Siu mê lun nè#xuhuong #doanvat #keodeo#keodeovitaminc #ancungtiktok #...,xuhuong doanvat keodeo keodeovitaminc ancungtiktok,original sound - kdx.qzvii,kdx._.,True,True,False
7499780581727751432,https://www.tiktok.com/@MS4wLjABAAAAMPnpn3EKG8gfAcqX7d5udBoWXobxoz2ltAK86h-KWmiWW8FQpaasKuCVtgQOhoIi/video/7499780581727751432,2025-05-02,16,Fri,40,5524,32,4,12,7,1.0,Món bánh tuổi thơ#xuhuong #doanvat #banhduaquyman #ancungtiktok #revi...,xuhuong doanvat banhduaquyman ancungtiktok revi,C u p i d O r i g i n a l,Someone,True,True,False
7499717066014969106,https://www.tiktok.com/@MS4wLjABAAAAMPnpn3EKG8gfAcqX7d5udBoWXobxoz2ltAK86h-KWmiWW8FQpaasKuCVtgQOhoIi/video/7499717066014969106,2025-05-02,12,Fri,35,4504,25,6,6,7,0.98,27kar 1 hộp thui na#xuhuong #doanvat #banhfanzzi #ancungtiktok #revie...,xuhuong doanvat banhfanzzi ancungtiktok revie,original sound - toxca..chloe0,𖦁ׅ ࣪ chloe ៵🎄 ࣪ ִֶָ ⋆,True,True,False
7499673471484546311,https://www.tiktok.com/@MS4wLjABAAAAMPnpn3EKG8gfAcqX7d5udBoWXobxoz2ltAK86h-KWmiWW8FQpaasKuCVtgQOhoIi/video/7499673471484546311,2025-05-02,9,Fri,31,16300,31,7,7,7,0.32,chỉ 45kar 1 gói thui ạ#xuhuong #doanvat #chuoisaymegung #ancungtiktok...,xuhuong doanvat chuoisaymegung ancungtiktok,original sound - antitrangkhanzone1,Anti Trang Khàn zone,True,True,False
7499437823855201543,https://www.tiktok.com/@MS4wLjABAAAAMPnpn3EKG8gfAcqX7d5udBoWXobxoz2ltAK86h-KWmiWW8FQpaasKuCVtgQOhoIi/video/7499437823855201543,2025-05-01,18,Thu,34,5737,34,12,9,12,1.17,cơm cháy chà bông#xuhuong #doanvat #comchaychabong #comchay#ancungtik...,xuhuong doanvat comchaychabong comchay ancungtik,original sound - nhamnhamjt,Một chiếc bụng đói,True,True,False
7499381754025889032,https://www.tiktok.com/@MS4wLjABAAAAMPnpn3EKG8gfAcqX7d5udBoWXobxoz2ltAK86h-KWmiWW8FQpaasKuCVtgQOhoIi/video/7499381754025889032,2025-05-01,14,Thu,36,916,4,0,0,2,0.66,khoai lang sấy mật siu ngon🤤#xuhuong #doanvat #khoailangmatsaygion #a...,xuhuong doanvat khoailangmatsaygion a,BGM C A F E S O U N D S,໒꒱— 𝓐_𝝴ׅƖׅყׂ !¡🌟🛼,True,True,False
7499349019613744402,https://www.tiktok.com/@MS4wLjABAAAAMPnpn3EKG8gfAcqX7d5udBoWXobxoz2ltAK86h-KWmiWW8FQpaasKuCVtgQOhoIi/video/7499349019613744402,2025-05-01,12,Thu,38,8706,63,6,15,14,1.13,Combo 3 bịch 54kar nha#xuhuong #doanvat #banhtrang #ancungtiktok #rev...,xuhuong doanvat banhtrang ancungtiktok rev,original sound - lilymukbangidols,Lilly🥧🧃,True,True,True
7499007304398802183,https://www.tiktok.com/@MS4wLjABAAAAMPnpn3EKG8gfAcqX7d5udBoWXobxoz2ltAK86h-KWmiWW8FQpaasKuCVtgQOhoIi/video/7499007304398802183,2025-04-30,14,Wed,38,6054,17,3,4,5,0.48,Ngon ngon lắm#xuhuong #doanvat #banhtrungchay #banhliutrungchaykhoaim...,xuhuong doanvat banhtrungchay banhliutrungchaykhoaim,C u p i d O r i g i n a l,Someone,True,True,False
7498956846900759816,https://www.tiktok.com/@MS4wLjABAAAAMPnpn3EKG8gfAcqX7d5udBoWXobxoz2ltAK86h-KWmiWW8FQpaasKuCVtgQOhoIi/video/7498956846900759816,2025-04-30,11,Wed,42,1204,15,5,2,3,2.08,Bánh nhãn siu ngon nha#xuhuong #doanvat #banhnhannamdinh #banhnhan#an...,xuhuong doanvat banhnhannamdinh banhnhan an,original sound - _kiasatin4,saa-𖹭.ᐟ,True,True,False
7498717975571172615,https://www.tiktok.com/@MS4wLjABAAAAMPnpn3EKG8gfAcqX7d5udBoWXobxoz2ltAK86h-KWmiWW8FQpaasKuCVtgQOhoIi/video/7498717975571172615,2025-04-29,19,Tue,36,1219,11,0,0,2,1.07,Ngonnn lém ấy#xuhuong #doanvat #chuoisaymegung #ancungtiktok #review ...,xuhuong doanvat chuoisaymegung ancungtiktok review,original sound - nhamnhamjt,Một chiếc bụng đói,True,True,False
7498670957104532743,https://www.tiktok.com/@MS4wLjABAAAAMPnpn3EKG8gfAcqX7d5udBoWXobxoz2ltAK86h-KWmiWW8FQpaasKuCVtgQOhoIi/video/7498670957104532743,2025-04-29,16,Tue,38,360,5,4,1,2,3.33,Bánh mì phủ bà bông#xuhuong #doanvat #banhmiphuchabong #banhmi #ancun...,xuhuong doanvat banhmiphuchabong banhmi ancun,original sound - _kiasatin4,saa-𖹭.ᐟ,True,True,False
7498615074043612423,https://www.tiktok.com/@MS4wLjABAAAAMPnpn3EKG8gfAcqX7d5udBoWXobxoz2ltAK86h-KWmiWW8FQpaasKuCVtgQOhoIi/video/7498615074043612423,2025-04-29,13,Tue,31,1573,14,8,4,8,2.16,Ai mê món này khum ạ#xuhuong #doanvat #keodeochipchip #keotuoitho #an...,xuhuong doanvat keodeochipchip keotuoitho an,original sound - akhangg08,ahkhang,True,True,True
7498564912910732551,https://www.tiktok.com/@MS4wLjABAAAAMPnpn3EKG8gfAcqX7d5udBoWXobxoz2ltAK86h-KWmiWW8FQpaasKuCVtgQOhoIi/video/7498564912910732551,2025-04-29,10,Tue,35,1494,42,16,5,14,5.15,Ngonnnnn lém#xuhuong #doanvat #banhtrang #banhtrangtutron #ancungtikt...,xuhuong doanvat banhtrang banhtrangtutron ancungtikt,original sound - nhamnhamjt,Một chiếc bụng đói,True,True,False
7498357249245580551,https://www.tiktok.com/@MS4wLjABAAAAMPnpn3EKG8gfAcqX7d5udBoWXobxoz2ltAK86h-KWmiWW8FQpaasKuCVtgQOhoIi/video/7498357249245580551,2025-04-28,20,Mon,45,13500,49,7,5,9,0.52,Bánh liu trứng chảy khoai môn#xuhuong #doanvat #banhtrungchay #banhli...,xuhuong doanvat banhtrungchay banhli,Titibok tibok,୨ .ᐟ ⨍𝚛ᥲ𝕟ᥴ౿ડ ⑅ 🩰 ଓ,True,True,False
7498316215119662344,https://www.tiktok.com/@MS4wLjABAAAAMPnpn3EKG8gfAcqX7d5udBoWXobxoz2ltAK86h-KWmiWW8FQpaasKuCVtgQOhoIi/video/7498316215119662344,2025-04-28,17,Mon,53,1243,14,4,3,4,2.01,Cơm cháy chà bông siuu ngon#xuhuong #doanvat #comchaychabong #ancungt...,xuhuong doanvat comchaychabong ancungt,original sound - snowychaezu,๑ ｡🥣 ♡ 채즈 ♡ 📓 ｡ ๑ ^^,True,True,False
7498248160511413522,https://www.tiktok.com/@MS4wLjABAAAAMPnpn3EKG8gfAcqX7d5udBoWXobxoz2ltAK86h-KWmiWW8FQpaasKuCVtgQOhoIi/video/7498248160511413522,2025-04-28,13,Mon,33,1098,18,4,4,5,2.82,Bánh tráng tuổi tha nha#xuhuong #doanvat #banhtrang #banhtrangtuoitho...,xuhuong doanvat banhtrang banhtrangtuoitho,original sound - toxca..chloe0,𖦁ׅ ࣪ chloe ៵🎄 ࣪ ִֶָ ⋆,True,True,False
7498193514354740488,https://www.tiktok.com/@MS4wLjABAAAAMPnpn3EKG8gfAcqX7d5udBoWXobxoz2ltAK86h-KWmiWW8FQpaasKuCVtgQOhoIi/video/7498193514354740488,2025-04-28,10,Mon,35,99800,225,16,24,35,0.3,45karr 1 túi siuu bự nha#xuhuong #doanvat #chuoisaymegung #ancungtikt...,xuhuong doanvat chuoisaymegung ancungtikt,Titibok tibok,୨ .ᐟ ⨍𝚛ᥲ𝕟ᥴ౿ડ ⑅ 🩰 ଓ,True,True,False
7497978915365883144,https://www.tiktok.com/@MS4wLjABAAAAMPnpn3EKG8gfAcqX7d5udBoWXobxoz2ltAK86h-KWmiWW8FQpaasKuCVtgQOhoIi/video/7497978915365883144,2025-04-27,20,Sun,34,4384,45,4,8,14,1.62,Mlemm quá iii#xuhuong #doanvat #banhtrang #banhtrangtutron #ancungtik...,xuhuong doanvat banhtrang banhtrangtutron ancungtik,original sound - heinaa._.mukbang,🥡𝙃𝙚𝙞𝙣𝙖૮ ˶ᵔ ᵕ ᵔ˶ ა🧁,True,True,False
7497937511696665863,https://www.tiktok.com/@MS4wLjABAAAAMPnpn3EKG8gfAcqX7d5udBoWXobxoz2ltAK86h-KWmiWW8FQpaasKuCVtgQOhoIi/video/7497937511696665863,2025-04-27,17,Sun,40,1460,8,5,5,5,1.58,Khô cá mai  sốt chanh#xuhuong #doanvat #khocamaichiengion #khocamaich...,xuhuong doanvat khocamaichiengion khocamaich,original sound - appleccndy,"@___<  ꪱ𐑈αα, 🐰🧁⭐🎀",True,True,False
7497879791643790610,https://www.tiktok.com/@MS4wLjABAAAAMPnpn3EKG8gfAcqX7d5udBoWXobxoz2ltAK86h-KWmiWW8FQpaasKuCVtgQOhoIi/video/7497879791643790610,2025-04-27,13,Sun,35,1220,9,8,6,6,2.38,Trời uii nó ngon điên lên ý#xuhuong #doanvat #banhliutrungchay #banht...,xuhuong doanvat banhliutrungchay banht,original sound - _kiasatin4,saa-𖹭.ᐟ,True,True,False
7497820467042979080,https://www.tiktok.com/@MS4wLjABAAAAMPnpn3EKG8gfAcqX7d5udBoWXobxoz2ltAK86h-KWmiWW8FQpaasKuCVtgQOhoIi/video/7497820467042979080,2025-04-27,9,Sun,40,3647,32,13,5,7,1.56,siuu ngon nha cả nhà ui#xuhuong #doanvat #banhfanzzi #vienbocsocola#a...,xuhuong doanvat banhfanzzi vienbocsocola a,Titibok tibok,୨ .ᐟ ⨍𝚛ᥲ𝕟ᥴ౿ડ ⑅ 🩰 ଓ,True,True,False
7497618542544653575,https://www.tiktok.com/@MS4wLjABAAAAMPnpn3EKG8gfAcqX7d5udBoWXobxoz2ltAK86h-KWmiWW8FQpaasKuCVtgQOhoIi/video/7497618542544653575,2025-04-26,20,Sat,48,604,5,2,1,2,1.66,siuuu siuu ngon lun ạ#xuhuong #doanvat #hattraicaysaykho #hattraicays...,xuhuong doanvat hattraicaysaykho hattraicays,cute cafesounds,𝐂𝐲𝐛𝐞𝐥𝐥𝐚 ! 👩🏻‍🍳,True,True,False
7497579165382626578,https://www.tiktok.com/@MS4wLjABAAAAMPnpn3EKG8gfAcqX7d5udBoWXobxoz2ltAK86h-KWmiWW8FQpaasKuCVtgQOhoIi/video/7497579165382626578,2025-04-26,18,Sat,41,11400,21,4,2,4,0.27,45kar 1 túi to bự nha#xuhuong #doanvat #chuoisaymegung #ancungtiktok ...,xuhuong doanvat chuoisaymegung ancungtiktok,C u p i d O r i g i n a l,Someone,True,True,False
7497509718273936648,https://www.tiktok.com/@MS4wLjABAAAAMPnpn3EKG8gfAcqX7d5udBoWXobxoz2ltAK86h-KWmiWW8FQpaasKuCVtgQOhoIi/video/7497509718273936648,2025-04-26,13,Sat,38,2886,27,9,7,8,1.77,Kẹo sữa bò viên nén siu ngon#xuhuong #doanvat #keosuabo🐮 #ancungtikto...,xuhuong doanvat keosuabo ancungtikto,C u p i d O r i g i n a l,Someone,True,True,False
7497453179911556370,https://www.tiktok.com/@MS4wLjABAAAAMPnpn3EKG8gfAcqX7d5udBoWXobxoz2ltAK86h-KWmiWW8FQpaasKuCVtgQOhoIi/video/7497453179911556370,2025-04-26,10,Sat,35,1864,29,8,2,6,2.41,39 bịch mà chỉ có 50kar thuii ạa#xuhuong #doanvat #banhtrang #banhtra...,xuhuong doanvat banhtrang banhtra,original sound - bobi_.tokaa,# ♡̷̷˚ʚ⛄ 𝙱𝚘𝚋𝚒🪵ɞ˚ ᶻ ⋅˚₊‧ ୨,True,True,False
7497247547895958791,https://www.tiktok.com/@MS4wLjABAAAAMPnpn3EKG8gfAcqX7d5udBoWXobxoz2ltAK86h-KWmiWW8FQpaasKuCVtgQOhoIi/video/7497247547895958791,2025-04-25,20,Fri,39,137,5,4,3,4,11.68,Viên bọc socola#xuhuong #doanvat #vienbocsocola #ancungtiktok #review...,xuhuong doanvat vienbocsocola ancungtiktok review,original sound - ghkd__,ghkd__,True,True,False
7497189533583183122,https://www.tiktok.com/@MS4wLjABAAAAMPnpn3EKG8gfAcqX7d5udBoWXobxoz2ltAK86h-KWmiWW8FQpaasKuCVtgQOhoIi/video/7497189533583183122,2025-04-25,17,Fri,32,3863,50,8,8,10,1.97,50kar 3 bịch lun nhó#xuhuong #doanvat #banhtrang #ancungtiktok #revie...,xuhuong doanvat banhtrang ancungtiktok revie,S H I E R S,AMIRA,True,True,False
7497112050682826002,https://www.tiktok.com/@MS4wLjABAAAAMPnpn3EKG8gfAcqX7d5udBoWXobxoz2ltAK86h-KWmiWW8FQpaasKuCVtgQOhoIi/video/7497112050682826002,2025-04-25,12,Fri,36,13100,145,18,33,36,1.77,Chảy nước miếng lun#xuhuong #doanvat #banhtrang #banhtrangtutron #anc...,xuhuong doanvat banhtrang banhtrangtutron anc,C u p i d O r i g i n a l,Someone,True,True,False
7497076979154324754,https://www.tiktok.com/@MS4wLjABAAAAMPnpn3EKG8gfAcqX7d5udBoWXobxoz2ltAK86h-KWmiWW8FQpaasKuCVtgQOhoIi/video/7497076979154324754,2025-04-25,9,Fri,45,2127,24,2,2,6,1.6,Combo 30 gói snack ăn vặt chỉ 51🐠#xuhuong #doanvat #comboanvat #snack...,xuhuong doanvat comboanvat snack,original sound - caubethichanga123,◔Pħáⓣ☯,True,True,False
7496863491744075026,https://www.tiktok.com/@MS4wLjABAAAAMPnpn3EKG8gfAcqX7d5udBoWXobxoz2ltAK86h-KWmiWW8FQpaasKuCVtgQOhoIi/video/7496863491744075026,2025-04-24,19,Thu,37,2975,20,5,4,6,1.18,Nhăm nhăm#xuhuong #doanvat #comchay#comchaysieuchabong #comchaychabon...,xuhuong doanvat comchay comchaysieuchabong comchaychabon,D a r a r i,⁎⁺˳⪩ 𝐀𝐲𝐮 ! 🍡៸៸,True,True,False
7496809553980312839,https://www.tiktok.com/@MS4wLjABAAAAMPnpn3EKG8gfAcqX7d5udBoWXobxoz2ltAK86h-KWmiWW8FQpaasKuCVtgQOhoIi/video/7496809553980312839,2025-04-24,16,Thu,38,656,14,11,4,6,5.34,99k/6hop lun nha#xuhuong #migia #migiasankeo #migialookmestar #review...,xuhuong migia migiasankeo migialookmestar review,original sound - ghkd__,ghkd__,True,True,False
7496749131633904903,https://www.tiktok.com/@MS4wLjABAAAAMPnpn3EKG8gfAcqX7d5udBoWXobxoz2ltAK86h-KWmiWW8FQpaasKuCVtgQOhoIi/video/7496749131633904903,2025-04-24,12,Thu,34,1456,10,4,3,3,1.37,ngon nhức cái lách lun#xuhuong #doanvat #chuoisaymegung #ancungtiktok...,xuhuong doanvat chuoisaymegung ancungtiktok,오사하면 달려감,euoxwe,True,True,False
7496705203601755400,https://www.tiktok.com/@MS4wLjABAAAAMPnpn3EKG8gfAcqX7d5udBoWXobxoz2ltAK86h-KWmiWW8FQpaasKuCVtgQOhoIi/video/7496705203601755400,2025-04-24,9,Thu,33,4132,30,8,6,9,1.28,combo siu hời lun nha#xuhuong #doanvat #banhbotuoitho#quecay #ancungt...,xuhuong doanvat banhbotuoitho quecay ancungt,original sound - lilymukbangidols,Lilly🥧🧃,True,True,False
7496491300926147847,https://www.tiktok.com/@MS4wLjABAAAAMPnpn3EKG8gfAcqX7d5udBoWXobxoz2ltAK86h-KWmiWW8FQpaasKuCVtgQOhoIi/video/7496491300926147847,2025-04-23,19,Wed,34,2897,8,5,2,3,0.62,Cơm cháy siêu chà bông nha#xuhuong #doanvat #comchaysieuchabong #ancu...,xuhuong doanvat comchaysieuchabong ancu,Titibok tibok,୨ .ᐟ ⨍𝚛ᥲ𝕟ᥴ౿ડ ⑅ 🩰 ଓ,True,True,False
7496454040549641479,https://www.tiktok.com/@MS4wLjABAAAAMPnpn3EKG8gfAcqX7d5udBoWXobxoz2ltAK86h-KWmiWW8FQpaasKuCVtgQOhoIi/video/7496454040549641479,2025-04-23,17,Wed,33,5651,18,4,2,5,0.51,Ngon mê ly lun ó#xuhuong #doanvat #chuoisaymegung #ancungtiktok #revi...,xuhuong doanvat chuoisaymegung ancungtiktok revi,original sound - bobi_.tokaa,# ♡̷̷˚ʚ⛄ 𝙱𝚘𝚋𝚒🪵ɞ˚ ᶻ ⋅˚₊‧ ୨,True,True,False
7496380659561172231,https://www.tiktok.com/@MS4wLjABAAAAMPnpn3EKG8gfAcqX7d5udBoWXobxoz2ltAK86h-KWmiWW8FQpaasKuCVtgQOhoIi/video/7496380659561172231,2025-04-23,12,Wed,36,164,5,2,2,3,7.32,Bánh pía mini kim sa trứng#xuhuong #doanvat #banhpiaminikimsa #ancung...,xuhuong doanvat banhpiaminikimsa ancung,original sound - n0ums.cakeu,Ik4n ashine ❓,True,True,False
7496331380599590151,https://www.tiktok.com/@MS4wLjABAAAAMPnpn3EKG8gfAcqX7d5udBoWXobxoz2ltAK86h-KWmiWW8FQpaasKuCVtgQOhoIi/video/7496331380599590151,2025-04-23,9,Wed,34,13900,106,6,10,23,1.04,combo 3 bịch 50kar nhá#xuhuong #doanvat #banhtrang #ancungtiktok #rev...,xuhuong doanvat banhtrang ancungtiktok rev,original sound - reviewdoxin1.2,Tổng Kho Quà Tết 🧧,True,True,False
7496021700971171090,https://www.tiktok.com/@MS4wLjABAAAAMPnpn3EKG8gfAcqX7d5udBoWXobxoz2ltAK86h-KWmiWW8FQpaasKuCVtgQOhoIi/video/7496021700971171090,2025-04-22,13,Tue,38,25300,104,8,13,19,0.57,Khoai lang sấy mật giòn rụm nha#xuhuong #doanvat #khoailangmatsaygion...,xuhuong doanvat khoailangmatsaygion,original sound - cwitieesofty,๑˙❥✿𝖼ω𝗂𝗍𝗂𝖾𝗌ⱺ𝖿𝗍𝗒✿๑˙,True,True,False
7495979510370667784,https://www.tiktok.com/@MS4wLjABAAAAMPnpn3EKG8gfAcqX7d5udBoWXobxoz2ltAK86h-KWmiWW8FQpaasKuCVtgQOhoIi/video/7495979510370667784,2025-04-22,10,Tue,40,36500,187,8,21,21,0.65,Khô bò miếng mềm siuu ngon na#xuhuong #doanvat #khobomiengmem #ancung...,xuhuong doanvat khobomiengmem ancung,original sound - bobi_.tokaa,# ♡̷̷˚ʚ⛄ 𝙱𝚘𝚋𝚒🪵ɞ˚ ᶻ ⋅˚₊‧ ୨,True,True,True
7495758667044736274,https://www.tiktok.com/@MS4wLjABAAAAMPnpn3EKG8gfAcqX7d5udBoWXobxoz2ltAK86h-KWmiWW8FQpaasKuCVtgQOhoIi/video/7495758667044736274,2025-04-21,20,Mon,34,1605,8,6,1,4,1.18,Ngon hông chịu nổi lun á#xuhuong #doanvat #chuoisaymegung #ancungtikt...,xuhuong doanvat chuoisaymegung ancungtikt,original sound - nhamnhamjt,Một chiếc bụng đói,True,True,False
7495706437709040903,https://www.tiktok.com/@MS4wLjABAAAAMPnpn3EKG8gfAcqX7d5udBoWXobxoz2ltAK86h-KWmiWW8FQpaasKuCVtgQOhoIi/video/7495706437709040903,2025-04-21,17,Mon,45,228,6,0,3,4,5.7,Dứa sấy muối ớt🍍#xuhuong #doanvat #duasaymuoiot #ancungtiktok #review...,xuhuong doanvat duasaymuoiot ancungtiktok review,C u p i d O r i g i n a l,Someone,True,True,False
7495657202619911432,https://www.tiktok.com/@MS4wLjABAAAAMPnpn3EKG8gfAcqX7d5udBoWXobxoz2ltAK86h-KWmiWW8FQpaasKuCVtgQOhoIi/video/7495657202619911432,2025-04-21,13,Mon,37,595,10,2,1,4,2.86,Êm núng nính đã ghê#xuhuong #doanvat #thachphomaisuachua#ancungtiktok...,xuhuong doanvat thachphomaisuachua ancungtiktok,c o o l f o r t h e s u m m e r,𝓡 ˖  ݁ ₊,True,True,True
7495606369240796424,https://www.tiktok.com/@MS4wLjABAAAAMPnpn3EKG8gfAcqX7d5udBoWXobxoz2ltAK86h-KWmiWW8FQpaasKuCVtgQOhoIi/video/7495606369240796424,2025-04-21,10,Mon,39,197,12,7,4,6,14.72,Dấu sấy ngon lém nha#xuhuong #doanvat #dausaygion #ancungtiktok #revi...,xuhuong doanvat dausaygion ancungtiktok revi,ɱ α ɠ ɳ ҽ ƚ ι ƈ,Someone,True,True,False
7495414832385101064,https://www.tiktok.com/@MS4wLjABAAAAMPnpn3EKG8gfAcqX7d5udBoWXobxoz2ltAK86h-KWmiWW8FQpaasKuCVtgQOhoIi/video/7495414832385101064,2025-04-20,22,Sun,45,172,4,2,1,2,5.23,Uii nó ngon lắm lun á#xuhuong #doanvat #khobomieng #ancungtiktok #rev...,xuhuong doanvat khobomieng ancungtiktok rev,B U B B L E G U M,୨ rae. 🪽,True,True,False
7495370384775204114,https://www.tiktok.com/@MS4wLjABAAAAMPnpn3EKG8gfAcqX7d5udBoWXobxoz2ltAK86h-KWmiWW8FQpaasKuCVtgQOhoIi/video/7495370384775204114,2025-04-20,19,Sun,36,834,15,14,1,7,4.44,Kẹo dẻo chíp chíp#xuhuong #doanvat #keodeochipchip #ancungtiktok #rev...,xuhuong doanvat keodeochipchip ancungtiktok rev,original sound - appleccndy,"@___<  ꪱ𐑈αα, 🐰🧁⭐🎀",True,True,False
7495304350185655560,https://www.tiktok.com/@MS4wLjABAAAAMPnpn3EKG8gfAcqX7d5udBoWXobxoz2ltAK86h-KWmiWW8FQpaasKuCVtgQOhoIi/video/7495304350185655560,2025-04-20,15,Sun,30,2548,27,1,1,2,1.22,Siuu ngon lun ý#xuhuong #doanvat #banhfranzzi #ancungtiktok #review  ...,xuhuong doanvat banhfranzzi ancungtiktok review,C u p i d O r i g i n a l,Someone,True,True,False
7495253185293077778,https://www.tiktok.com/@MS4wLjABAAAAMPnpn3EKG8gfAcqX7d5udBoWXobxoz2ltAK86h-KWmiWW8FQpaasKuCVtgQOhoIi/video/7495253185293077778,2025-04-20,11,Sun,32,23700,223,7,34,47,1.31,Nhon xỉu lun á tr#xuhuong #doanvat #banhtrang #banhtrangdeocuontom #a...,xuhuong doanvat banhtrang banhtrangdeocuontom a,Heartbeat speed,คุณ23,True,True,True
7495008523793861895,https://www.tiktok.com/@MS4wLjABAAAAMPnpn3EKG8gfAcqX7d5udBoWXobxoz2ltAK86h-KWmiWW8FQpaasKuCVtgQOhoIi/video/7495008523793861895,2025-04-19,20,Sat,42,1024,7,4,2,2,1.46,Nó đã lắm lun ý#xuhuong #doanvat #chuoisaymegung #ancungtiktok #revie...,xuhuong doanvat chuoisaymegung ancungtiktok revie,C u p i d O r i g i n a l,Someone,True,True,False
7494956169371421959,https://www.tiktok.com/@MS4wLjABAAAAMPnpn3EKG8gfAcqX7d5udBoWXobxoz2ltAK86h-KWmiWW8FQpaasKuCVtgQOhoIi/video/7494956169371421959,2025-04-19,16,Sat,38,3432,21,7,6,9,1.25,bánh tráng trộn sate tỏi🧄#xuhuong #doanvat #banhtrang #banhtrangtrons...,xuhuong doanvat banhtrang banhtrangtrons,Titibok tibok,୨ .ᐟ ⨍𝚛ᥲ𝕟ᥴ౿ડ ⑅ 🩰 ଓ,True,True,False
7494899275202137362,https://www.tiktok.com/@MS4wLjABAAAAMPnpn3EKG8gfAcqX7d5udBoWXobxoz2ltAK86h-KWmiWW8FQpaasKuCVtgQOhoIi/video/7494899275202137362,2025-04-19,12,Sat,30,2508,25,4,4,7,1.59,49ka thuii hốt lẹ đi cả nhà uii#xuhuong #doanvat #banhtrang #ancungti...,xuhuong doanvat banhtrang ancungti,Chiếc Bụng Đói Remix,PikaFamily🇻🇳,True,True,False
7494852338855775496,https://www.tiktok.com/@MS4wLjABAAAAMPnpn3EKG8gfAcqX7d5udBoWXobxoz2ltAK86h-KWmiWW8FQpaasKuCVtgQOhoIi/video/7494852338855775496,2025-04-19,9,Sat,36,163,8,10,6,6,18.4,Tuii mê em này lắm luôn ý#xuhuong #doanvat #keothachbaby #ancungtikto...,xuhuong doanvat keothachbaby ancungtikto,original sound - _karin.tt,𖤐⭒๋࣭ ⭑ʀɪɴ,True,True,False
7494640702723247368,https://www.tiktok.com/@MS4wLjABAAAAMPnpn3EKG8gfAcqX7d5udBoWXobxoz2ltAK86h-KWmiWW8FQpaasKuCVtgQOhoIi/video/7494640702723247368,2025-04-18,20,Fri,35,20800,238,9,57,42,1.66,Nay sà lé rẽ lắm cạ nhà uiii#xuhuong #doanvat #banhtrang #banhtrangde...,xuhuong doanvat banhtrang banhtrangde,original sound - antitrangkhanzone1,Anti Trang Khàn zone,True,True,True
7494597593985551623,https://www.tiktok.com/@MS4wLjABAAAAMPnpn3EKG8gfAcqX7d5udBoWXobxoz2ltAK86h-KWmiWW8FQpaasKuCVtgQOhoIi/video/7494597593985551623,2025-04-18,17,Fri,32,584,11,4,1,6,3.77,46ka conbo 3 bịch lun nhó#xuhuong #doanvat #banhtrang #ancungtiktok #...,xuhuong doanvat banhtrang ancungtiktok,오사 금지,수-퍼 꿀입🥸,True,True,False
7494548326822464775,https://www.tiktok.com/@MS4wLjABAAAAMPnpn3EKG8gfAcqX7d5udBoWXobxoz2ltAK86h-KWmiWW8FQpaasKuCVtgQOhoIi/video/7494548326822464775,2025-04-18,14,Fri,44,932,18,10,4,9,4.4,Chân gà tứ xuyên#xuhuong #doanvat #changatuxuyen #ancungtiktok #revie...,xuhuong doanvat changatuxuyen ancungtiktok revie,C u p i d O r i g i n a l,Someone,True,True,False
7494489249543097618,https://www.tiktok.com/@MS4wLjABAAAAMPnpn3EKG8gfAcqX7d5udBoWXobxoz2ltAK86h-KWmiWW8FQpaasKuCVtgQOhoIi/video/7494489249543097618,2025-04-18,10,Fri,47,14700,63,6,6,10,0.58,Miếng mềm mềm siu ngon#xuhuong #doanvat #khobomiengmem#ancungtiktok #...,xuhuong doanvat khobomiengmem ancungtiktok,original sound - cwitieesofty,๑˙❥✿𝖼ω𝗂𝗍𝗂𝖾𝗌ⱺ𝖿𝗍𝗒✿๑˙,True,True,False
7494244928931859730,https://www.tiktok.com/@MS4wLjABAAAAMPnpn3EKG8gfAcqX7d5udBoWXobxoz2ltAK86h-KWmiWW8FQpaasKuCVtgQOhoIi/video/7494244928931859730,2025-04-17,18,Thu,34,1127,12,0,0,2,1.24,Nhon nhon #xuhuong #doanvat #banhtrang #banhtrangtron #ancungtiktok #...,xuhuong doanvat banhtrang banhtrangtron ancungtiktok,B U B B L E G U M,୨ rae. 🪽,True,True,False
7494164179658591496,https://www.tiktok.com/@MS4wLjABAAAAMPnpn3EKG8gfAcqX7d5udBoWXobxoz2ltAK86h-KWmiWW8FQpaasKuCVtgQOhoIi/video/7494164179658591496,2025-04-17,13,Thu,37,3295,15,2,4,2,0.7,Hóit lẹ em nó ạaaa#xuhuong #doanvat #khoailangmatsaygion #ancungtikto...,xuhuong doanvat khoailangmatsaygion ancungtikto,original sound - vlawmzzn._,vlamm gay,True,True,False
7494104143229947154,https://www.tiktok.com/@MS4wLjABAAAAMPnpn3EKG8gfAcqX7d5udBoWXobxoz2ltAK86h-KWmiWW8FQpaasKuCVtgQOhoIi/video/7494104143229947154,2025-04-17,9,Thu,30,2354,32,8,12,6,2.46,Mlem quá đi thoai#xuhuong #doanvat #banhtrang #ancungtiktok #review,xuhuong doanvat banhtrang ancungtiktok review,C u p i d O r i g i n a l,Someone,True,True,True
7493848809819196690,https://www.tiktok.com/@MS4wLjABAAAAMPnpn3EKG8gfAcqX7d5udBoWXobxoz2ltAK86h-KWmiWW8FQpaasKuCVtgQOhoIi/video/7493848809819196690,2025-04-16,17,Wed,37,746,4,2,2,3,1.47,Ngon lém lun ạ#xuhuong #doanvat #chuoisaymegung #ancungtiktok #review...,xuhuong doanvat chuoisaymegung ancungtiktok review,ɱ α ɠ ɳ ҽ ƚ ι ƈ,Someone,True,True,False
7493795456477089032,https://www.tiktok.com/@MS4wLjABAAAAMPnpn3EKG8gfAcqX7d5udBoWXobxoz2ltAK86h-KWmiWW8FQpaasKuCVtgQOhoIi/video/7493795456477089032,2025-04-16,13,Wed,43,298,8,2,3,2,5.03,Nó ngonnn lắm lun#xuhuong #doanvat #thitbokhotecay #ancungtiktok #rev...,xuhuong doanvat thitbokhotecay ancungtiktok rev,D a r a r i,⁎⁺˳⪩ 𝐀𝐲𝐮 ! 🍡៸៸,True,True,False
7493747644355972370,https://www.tiktok.com/@MS4wLjABAAAAMPnpn3EKG8gfAcqX7d5udBoWXobxoz2ltAK86h-KWmiWW8FQpaasKuCVtgQOhoIi/video/7493747644355972370,2025-04-16,10,Wed,43,392,18,7,6,10,10.46,sữa chua ngũ cốc mix vị#xuhuong #doanvat #suachuangucoc #ancungtiktok...,xuhuong doanvat suachuangucoc ancungtiktok,So Cute,Audiosphere,False,True,False
7493517652925631762,https://www.tiktok.com/@MS4wLjABAAAAMPnpn3EKG8gfAcqX7d5udBoWXobxoz2ltAK86h-KWmiWW8FQpaasKuCVtgQOhoIi/video/7493517652925631762,2025-04-15,19,Tue,36,183,8,3,3,5,10.38,Nó ngonnnnn#xuhuong #doanvat #sirodautam #ancungtiktok #review  @yen_...,xuhuong doanvat sirodautam ancungtiktok review,original sound - honghariviu,HỒNG HÀ | Rìviu,True,True,False
7493477451327229191,https://www.tiktok.com/@MS4wLjABAAAAMPnpn3EKG8gfAcqX7d5udBoWXobxoz2ltAK86h-KWmiWW8FQpaasKuCVtgQOhoIi/video/7493477451327229191,2025-04-15,16,Tue,44,517,8,2,0,4,2.71,Siu ngon lun nha#xuhuong #doanvat #conchaychabong #ancungtiktok #revi...,xuhuong doanvat conchaychabong ancungtiktok revi,original sound - toxca..chloe0,𖦁ׅ ࣪ chloe ៵🎄 ࣪ ִֶָ ⋆,True,True,False
7493418511222754568,https://www.tiktok.com/@MS4wLjABAAAAMPnpn3EKG8gfAcqX7d5udBoWXobxoz2ltAK86h-KWmiWW8FQpaasKuCVtgQOhoIi/video/7493418511222754568,2025-04-15,13,Tue,45,3537,21,5,4,10,1.13,Mlem lắm lun nha#xuhuong #doanvat #khoailangmatsaygion #ancungtiktok ...,xuhuong doanvat khoailangmatsaygion ancungtiktok,B U B B L E G U M,୨ rae. 🪽,True,True,False
7493363867817413896,https://www.tiktok.com/@MS4wLjABAAAAMPnpn3EKG8gfAcqX7d5udBoWXobxoz2ltAK86h-KWmiWW8FQpaasKuCVtgQOhoIi/video/7493363867817413896,2025-04-15,9,Tue,36,4600,39,6,9,8,1.35,mê ẻm lắm luôn#xuhuong #doanvat #keosuabo🐮 #ancungtiktok #review  @ye...,xuhuong doanvat keosuabo ancungtiktok review,original sound - anvatcungoen,Ăn vặt cùng oen~,True,True,False
7493033868333763847,https://www.tiktok.com/@MS4wLjABAAAAMPnpn3EKG8gfAcqX7d5udBoWXobxoz2ltAK86h-KWmiWW8FQpaasKuCVtgQOhoIi/video/7493033868333763847,2025-04-14,12,Mon,35,217,5,2,1,3,5.07,Ngon điên lun á mn ơi#xuhuong #doanvat #banhcookiesocola #banhcookie ...,xuhuong doanvat banhcookiesocola banhcookie,original sound - yowkiies,⁎⁺˳⪩ 𝐀𝐲𝐮 ! 🍡៸៸,True,True,False
7492994098236902663,https://www.tiktok.com/@MS4wLjABAAAAMPnpn3EKG8gfAcqX7d5udBoWXobxoz2ltAK86h-KWmiWW8FQpaasKuCVtgQOhoIi/video/7492994098236902663,2025-04-14,9,Mon,37,464,9,8,4,6,5.82,Thịt trâu sấy siu ngon#xuhuong #doanvat #thittrausay#ancungtiktok #re...,xuhuong doanvat thittrausay ancungtiktok re,C u p i d O r i g i n a l,Someone,True,True,False
7492729774427606280,https://www.tiktok.com/@MS4wLjABAAAAMPnpn3EKG8gfAcqX7d5udBoWXobxoz2ltAK86h-KWmiWW8FQpaasKuCVtgQOhoIi/video/7492729774427606280,2025-04-13,16,Sun,31,111900,275,13,41,36,0.33,🤤🤤🤤#xuhuong #doanvat #chuoisaymegung #ancungtiktok #review  @yen_doan...,xuhuong doanvat chuoisaymegung ancungtiktok review,original sound - antitrangkhanzone1,Anti Trang Khàn zone,True,True,True
7492669299241405714,https://www.tiktok.com/@MS4wLjABAAAAMPnpn3EKG8gfAcqX7d5udBoWXobxoz2ltAK86h-KWmiWW8FQpaasKuCVtgQOhoIi/video/7492669299241405714,2025-04-13,12,Sun,51,4964,26,8,8,5,0.95,Me xí muội siu ngon#xuhuong #doanvat #meximuoingaoduong #ancungtiktok...,xuhuong doanvat meximuoingaoduong ancungtiktok,original sound - amtoy.shop,ทอย(2.6M)ช่องหลัก,True,True,False
7492623750110727431,https://www.tiktok.com/@MS4wLjABAAAAMPnpn3EKG8gfAcqX7d5udBoWXobxoz2ltAK86h-KWmiWW8FQpaasKuCVtgQOhoIi/video/7492623750110727431,2025-04-13,9,Sun,40,11200,123,7,18,30,1.59,Nó ngonnnnn#xuhuong #doanvat #banhtrang #banhtrangtutron #ancungtikto...,xuhuong doanvat banhtrang banhtrangtutron ancungtikto,C u p i d O r i g i n a l,Someone,True,True,False
7492365958464703762,https://www.tiktok.com/@MS4wLjABAAAAMPnpn3EKG8gfAcqX7d5udBoWXobxoz2ltAK86h-KWmiWW8FQpaasKuCVtgQOhoIi/video/7492365958464703762,2025-04-12,17,Sat,35,1098,8,0,1,2,1.0,thử nà dính đó nhen#xuhuong #doanvat #banhtrang #banhtrangdeocuontom ...,xuhuong doanvat banhtrang banhtrangdeocuontom,h o t c h o c o l a t e,Someone,True,True,False
7492312625993288978,https://www.tiktok.com/@MS4wLjABAAAAMPnpn3EKG8gfAcqX7d5udBoWXobxoz2ltAK86h-KWmiWW8FQpaasKuCVtgQOhoIi/video/7492312625993288978,2025-04-12,13,Sat,37,1924,21,10,6,7,2.29,Hót hòn họt lun ạ#xuhuong #doanvat #khoailangmatsaygion #ancungtiktok...,xuhuong doanvat khoailangmatsaygion ancungtiktok,soft audios by me,🧁🐈,True,True,False
7492251224285252872,https://www.tiktok.com/@MS4wLjABAAAAMPnpn3EKG8gfAcqX7d5udBoWXobxoz2ltAK86h-KWmiWW8FQpaasKuCVtgQOhoIi/video/7492251224285252872,2025-04-12,9,Sat,35,1338,5,2,2,4,0.97,ngon mê lun ý#xuhuong #doanvat #chuoisaymegung #ancungtiktok #review ...,xuhuong doanvat chuoisaymegung ancungtiktok review,original sound - ilovecakeuu0,ೄྀ 𝖠𝗋ɑɑ ρ𝗈𝗏༻💐💤,True,True,False
7491999931012631816,https://www.tiktok.com/@MS4wLjABAAAAMPnpn3EKG8gfAcqX7d5udBoWXobxoz2ltAK86h-KWmiWW8FQpaasKuCVtgQOhoIi/video/7491999931012631816,2025-04-11,17,Fri,52,245,10,7,3,5,10.2,siuu ngon lun ý#xuhuong #doanvat #banhtuoidailoanmixvi #ancungtiktok ...,xuhuong doanvat banhtuoidailoanmixvi ancungtiktok,Milk Tea,Official Sound Studio,False,True,False
7491965394031234312,https://www.tiktok.com/@MS4wLjABAAAAMPnpn3EKG8gfAcqX7d5udBoWXobxoz2ltAK86h-KWmiWW8FQpaasKuCVtgQOhoIi/video/7491965394031234312,2025-04-11,15,Fri,35,12700,94,6,17,15,1.04,Hốt kẹ kẻo về giá đó nha#xuhuong #doanvat #banhtrang #ancungtiktok #r...,xuhuong doanvat banhtrang ancungtiktok r,C u p i d O r i g i n a l,Someone,True,True,False
7491920738962885906,https://www.tiktok.com/@MS4wLjABAAAAMPnpn3EKG8gfAcqX7d5udBoWXobxoz2ltAK86h-KWmiWW8FQpaasKuCVtgQOhoIi/video/7491920738962885906,2025-04-11,12,Fri,29,231200,1226,21,207,230,0.73,ăn đã cái nư lun  ha#xuhuong #doanvat #khobomieng #ancungtiktok #revi...,xuhuong doanvat khobomieng ancungtiktok revi,original sound - _yandere.._simulator,Rusteen 🫶🏻,True,True,True
7491875504719514888,https://www.tiktok.com/@MS4wLjABAAAAMPnpn3EKG8gfAcqX7d5udBoWXobxoz2ltAK86h-KWmiWW8FQpaasKuCVtgQOhoIi/video/7491875504719514888,2025-04-11,9,Fri,39,583,13,6,4,4,4.63,giòm rụm lun#xuhuong #doanvat #khoaitaylacphomai😋😋😋 #ancungtiktok #re...,xuhuong doanvat khoaitaylacphomai ancungtiktok re,h o t c h o c o l a t e,Someone,True,True,False
7491639167428939016,https://www.tiktok.com/@MS4wLjABAAAAMPnpn3EKG8gfAcqX7d5udBoWXobxoz2ltAK86h-KWmiWW8FQpaasKuCVtgQOhoIi/video/7491639167428939016,2025-04-10,18,Thu,41,540,16,12,4,7,7.22,thề edit mà chảy nước miếng lun á#xuhuong #doanvat #saugionchuangot #...,xuhuong doanvat saugionchuangot,original sound - heinaa._.mukbang,🥡𝙃𝙚𝙞𝙣𝙖૮ ˶ᵔ ᵕ ᵔ˶ ა🧁,True,True,False
7491560567690267912,https://www.tiktok.com/@MS4wLjABAAAAMPnpn3EKG8gfAcqX7d5udBoWXobxoz2ltAK86h-KWmiWW8FQpaasKuCVtgQOhoIi/video/7491560567690267912,2025-04-10,13,Thu,31,1635,13,2,3,4,1.35,Hốt lẹ đi ngon lém ấy#xuhuong #doanvat #keobosua🐮 #ancungtiktok #revi...,xuhuong doanvat keobosua ancungtiktok revi,cute cafesounds,𝐂𝐲𝐛𝐞𝐥𝐥𝐚 ! 👩🏻‍🍳,True,True,False
7491508945794714898,https://www.tiktok.com/@MS4wLjABAAAAMPnpn3EKG8gfAcqX7d5udBoWXobxoz2ltAK86h-KWmiWW8FQpaasKuCVtgQOhoIi/video/7491508945794714898,2025-04-10,9,Thu,36,436,8,2,2,3,3.44,chảy nước miếng lun#xuhuong #doanvat #banhphomaitrungsua #ancungtikto...,xuhuong doanvat banhphomaitrungsua ancungtikto,G o o d p a r t s,Someone,True,True,False
7491278106699894034,https://www.tiktok.com/@MS4wLjABAAAAMPnpn3EKG8gfAcqX7d5udBoWXobxoz2ltAK86h-KWmiWW8FQpaasKuCVtgQOhoIi/video/7491278106699894034,2025-04-09,18,Wed,31,4589,29,11,5,9,1.18,Ngon xỉu lun á tr ơiii#xuhuong #doanvat #khoailangmatsaygion #ancungt...,xuhuong doanvat khoailangmatsaygion ancungt,original sound - ilovecakeuu0,ೄྀ 𝖠𝗋ɑɑ ρ𝗈𝗏༻💐💤,True,True,False
7491205567118101778,https://www.tiktok.com/@MS4wLjABAAAAMPnpn3EKG8gfAcqX7d5udBoWXobxoz2ltAK86h-KWmiWW8FQpaasKuCVtgQOhoIi/video/7491205567118101778,2025-04-09,14,Wed,40,663,11,2,1,4,2.71,Mì phô mai tuổi thơ#xuhuong #doanvat #miphomaituoitho #ancungtiktok #...,xuhuong doanvat miphomaituoitho ancungtiktok,original sound - meberyne,Mẹ bé Ry nè 🍒,True,True,False
7491138385822633224,https://www.tiktok.com/@MS4wLjABAAAAMPnpn3EKG8gfAcqX7d5udBoWXobxoz2ltAK86h-KWmiWW8FQpaasKuCVtgQOhoIi/video/7491138385822633224,2025-04-09,9,Wed,33,4296,17,9,7,6,0.91,Chua chua ngọt ngọt siu ngon nha#xuhuong #doanvat #omaimegung#ancungt...,xuhuong doanvat omaimegung ancungt,오사하면 달려감,euoxwe,True,True,False
7490892789023083783,https://www.tiktok.com/@MS4wLjABAAAAMPnpn3EKG8gfAcqX7d5udBoWXobxoz2ltAK86h-KWmiWW8FQpaasKuCVtgQOhoIi/video/7490892789023083783,2025-04-08,17,Tue,34,1000,9,3,4,4,2.0,Đã cái mồm ghê ấy ạ#xuhuong #doanvat #khobomiengmem #ancungtiktok #re...,xuhuong doanvat khobomiengmem ancungtiktok re,D a r a r i,⁎⁺˳⪩ 𝐀𝐲𝐮 ! 🍡៸៸,True,True,False
7490818179384642834,https://www.tiktok.com/@MS4wLjABAAAAMPnpn3EKG8gfAcqX7d5udBoWXobxoz2ltAK86h-KWmiWW8FQpaasKuCVtgQOhoIi/video/7490818179384642834,2025-04-08,13,Tue,34,66600,136,6,22,17,0.27,giòn rụm#xuhuong #doanvat #chuoisaymegung #ancungtiktok #review  @yen...,xuhuong doanvat chuoisaymegung ancungtiktok review,original sound - antitrangkhanzone1,Anti Trang Khàn zone,True,True,True
7490767412946636039,https://www.tiktok.com/@MS4wLjABAAAAMPnpn3EKG8gfAcqX7d5udBoWXobxoz2ltAK86h-KWmiWW8FQpaasKuCVtgQOhoIi/video/7490767412946636039,2025-04-08,9,Tue,31,462,6,5,3,3,3.68,Bánh quy giòn mix hạt#xuhuong #doanvat #banhquygionmixhat #ancungtikt...,xuhuong doanvat banhquygionmixhat ancungtikt,h o t c h o c o l a t e,Someone,True,True,False
7490497510176345349,https://www.tiktok.com/@MS4wLjABAAAAMPnpn3EKG8gfAcqX7d5udBoWXobxoz2ltAK86h-KWmiWW8FQpaasKuCVtgQOhoIi/video/7490497510176345349,2025-04-07,16,Mon,39,4720,59,15,4,5,1.76,Nó ngon điên lên lun ý#xuhuong #doanvat #banhtrang #banhtrangdeocuont...,xuhuong doanvat banhtrang banhtrangdeocuont,Տᑌᘜᗩᖇ ᑕOOKIᗴ,cintiolll,True,True,False
7490446420806241542,https://www.tiktok.com/@MS4wLjABAAAAMPnpn3EKG8gfAcqX7d5udBoWXobxoz2ltAK86h-KWmiWW8FQpaasKuCVtgQOhoIi/video/7490446420806241542,2025-04-07,12,Mon,36,1524,10,4,3,4,1.38,Taoa đỏ tân cương nè#xuhuong #doanvat #taodotancuong #ancungtiktok #r...,xuhuong doanvat taodotancuong ancungtiktok r,original sound - appleccndy,"@___<  ꪱ𐑈αα, 🐰🧁⭐🎀",True,True,True
7490401994394356997,https://www.tiktok.com/@MS4wLjABAAAAMPnpn3EKG8gfAcqX7d5udBoWXobxoz2ltAK86h-KWmiWW8FQpaasKuCVtgQOhoIi/video/7490401994394356997,2025-04-07,10,Mon,34,331,7,2,4,4,5.14,hạt mix dinh dưỡng na#xuhuong #doanvat #hatmixdinhduong #ancungtiktok...,xuhuong doanvat hatmixdinhduong ancungtiktok,cute cafesounds,𝐂𝐲𝐛𝐞𝐥𝐥𝐚 ! 👩🏻‍🍳,True,True,False
7490193711805074693,https://www.tiktok.com/@MS4wLjABAAAAMPnpn3EKG8gfAcqX7d5udBoWXobxoz2ltAK86h-KWmiWW8FQpaasKuCVtgQOhoIi/video/7490193711805074693,2025-04-06,20,Sun,32,1084,5,0,3,2,0.92,Khô bò miếng mềm#xuhuong #doanvat #khobomiengmem #ancungtiktok #revie...,xuhuong doanvat khobomiengmem ancungtiktok revie,original sound - cwitieesofty,๑˙❥✿𝖼ω𝗂𝗍𝗂𝖾𝗌ⱺ𝖿𝗍𝗒✿๑˙,True,True,False
7490135167210704133,https://www.tiktok.com/@MS4wLjABAAAAMPnpn3EKG8gfAcqX7d5udBoWXobxoz2ltAK86h-KWmiWW8FQpaasKuCVtgQOhoIi/video/7490135167210704133,2025-04-06,16,Sun,38,1295,11,2,2,3,1.39,"Hót lắm nè, b đã thử chưa#xuhuong #doanvat #banhtrang #banhtrangvotri...",xuhuong doanvat banhtrang banhtrangvotri,original sound - ely_12.07,◥I'°᭄AM◤　Ely,True,True,False
7490089252332653830,https://www.tiktok.com/@MS4wLjABAAAAMPnpn3EKG8gfAcqX7d5udBoWXobxoz2ltAK86h-KWmiWW8FQpaasKuCVtgQOhoIi/video/7490089252332653830,2025-04-06,13,Sun,45,762,8,3,1,4,2.1,Bánh cookies siuu ngon#xuhuong #doanvat #banhcookie #ancungtiktok #re...,xuhuong doanvat banhcookie ancungtiktok re,h o t c h o c o l a t e,Someone,True,True,False
7490023067649985798,https://www.tiktok.com/@MS4wLjABAAAAMPnpn3EKG8gfAcqX7d5udBoWXobxoz2ltAK86h-KWmiWW8FQpaasKuCVtgQOhoIi/video/7490023067649985798,2025-04-06,9,Sun,38,176,8,2,2,6,10.23,"Nó ngon lắm ý, nguyên mùi khoai nha#xuhuong #doanvat #khoailangmatsay...",xuhuong doanvat khoailangmatsay,Cute heartwarming song(1425147),sanusagi,False,True,False
7489808104998128901,https://www.tiktok.com/@MS4wLjABAAAAMPnpn3EKG8gfAcqX7d5udBoWXobxoz2ltAK86h-KWmiWW8FQpaasKuCVtgQOhoIi/video/7489808104998128901,2025-04-05,19,Sat,38,206,14,10,4,8,17.48,Xoài sấy dẻo siu  ngon#xuhuong #doanvat #xoaisaydeo #ancungtiktok #re...,xuhuong doanvat xoaisaydeo ancungtiktok re,Cute heartwarming song(1425147),sanusagi,False,True,False
7489771452862860549,https://www.tiktok.com/@MS4wLjABAAAAMPnpn3EKG8gfAcqX7d5udBoWXobxoz2ltAK86h-KWmiWW8FQpaasKuCVtgQOhoIi/video/7489771452862860549,2025-04-05,17,Sat,32,1142,9,0,0,3,1.05,hốt lẹ kẻo về giá nha#xuhuong #doanvat #banhtrang #ancungtiktok #revi...,xuhuong doanvat banhtrang ancungtiktok revi,original sound - toxca..chloe0,𖦁ׅ ࣪ chloe ៵🎄 ࣪ ִֶָ ⋆,True,True,False
7489701297755606327,https://www.tiktok.com/@MS4wLjABAAAAMPnpn3EKG8gfAcqX7d5udBoWXobxoz2ltAK86h-KWmiWW8FQpaasKuCVtgQOhoIi/video/7489701297755606327,2025-04-05,12,Sat,33,4765,27,9,3,5,0.92,Cơm cháy chà bông#xuhuong #doanvat #comchaychabong #ancungtiktok #rev...,xuhuong doanvat comchaychabong ancungtiktok rev,original sound - vlawmzzn._,vlamm gay,True,True,False
7489663184119385399,https://www.tiktok.com/@MS4wLjABAAAAMPnpn3EKG8gfAcqX7d5udBoWXobxoz2ltAK86h-KWmiWW8FQpaasKuCVtgQOhoIi/video/7489663184119385399,2025-04-05,10,Sat,34,2668,12,6,5,6,1.09,Chuối sấy na#xuhuong #doanvat #chuoisaymegung #ancungtiktok #review  ...,xuhuong doanvat chuoisaymegung ancungtiktok review,C u p i d O r i g i n a l,Someone,True,True,False
7489438855582600453,https://www.tiktok.com/@MS4wLjABAAAAMPnpn3EKG8gfAcqX7d5udBoWXobxoz2ltAK86h-KWmiWW8FQpaasKuCVtgQOhoIi/video/7489438855582600453,2025-04-04,19,Fri,43,318,6,6,1,5,5.66,nó ngon ơi là ngon á#xuhuong #xuhuong #doanvat #banhtrang #banhtrangh...,xuhuong xuhuong doanvat banhtrang banhtrangh,ɱ α ɠ ɳ ҽ ƚ ι ƈ,Someone,True,True,False
7489397019337837829,https://www.tiktok.com/@MS4wLjABAAAAMPnpn3EKG8gfAcqX7d5udBoWXobxoz2ltAK86h-KWmiWW8FQpaasKuCVtgQOhoIi/video/7489397019337837829,2025-04-04,17,Fri,43,401,6,2,0,2,2.49,42kar thuii rinh ngay em nó về na#xuhuong #nail #nailbook #review #xu...,xuhuong nail nailbook review xu,original sound - sanrio_cogimyun,こぎみゅん〈公式〉,True,True,False
7489341468256079109,https://www.tiktok.com/@MS4wLjABAAAAMPnpn3EKG8gfAcqX7d5udBoWXobxoz2ltAK86h-KWmiWW8FQpaasKuCVtgQOhoIi/video/7489341468256079109,2025-04-04,13,Fri,48,547,11,10,2,5,5.12,Bánh cookier#xuhuong #doanvat #banhcookie #banhcookiesocola #banhcook...,xuhuong doanvat banhcookie banhcookiesocola banhcook,original sound - yowkiies,⁎⁺˳⪩ 𝐀𝐲𝐮 ! 🍡៸៸,True,True,False
7489298121432780037,https://www.tiktok.com/@MS4wLjABAAAAMPnpn3EKG8gfAcqX7d5udBoWXobxoz2ltAK86h-KWmiWW8FQpaasKuCVtgQOhoIi/video/7489298121432780037,2025-04-04,10,Fri,38,208,5,2,0,2,4.33,Bánh phô  mai trứng sữa#xuhuong #doanvat #banhphomaitrungsua #ancungt...,xuhuong doanvat banhphomaitrungsua ancungt,cute cafesounds,𝐂𝐲𝐛𝐞𝐥𝐥𝐚 ! 👩🏻‍🍳,True,True,False
7489064925722201349,https://www.tiktok.com/@MS4wLjABAAAAMPnpn3EKG8gfAcqX7d5udBoWXobxoz2ltAK86h-KWmiWW8FQpaasKuCVtgQOhoIi/video/7489064925722201349,2025-04-03,19,Thu,31,1302,16,2,3,5,2.0,Hốt lẹ kẻo về giá nha#xuhuong #doanvat #banhtrang #ancungtiktok #revi...,xuhuong doanvat banhtrang ancungtiktok revi,original sound - reviewdoxin1.2,Tổng Kho Quà Tết 🧧,True,True,False
7488971471918746935,https://www.tiktok.com/@MS4wLjABAAAAMPnpn3EKG8gfAcqX7d5udBoWXobxoz2ltAK86h-KWmiWW8FQpaasKuCVtgQOhoIi/video/7488971471918746935,2025-04-03,13,Thu,36,2525,16,2,2,6,1.03,"Sà Lé nha, hốt lẹ ii ạ#xuhuong #doanvat #khobomiengmem #ancungtiktok ...",xuhuong doanvat khobomiengmem ancungtiktok,cute cafesounds,𝐂𝐲𝐛𝐞𝐥𝐥𝐚 ! 👩🏻‍🍳,True,True,False
7488643783513394438,https://www.tiktok.com/@MS4wLjABAAAAMPnpn3EKG8gfAcqX7d5udBoWXobxoz2ltAK86h-KWmiWW8FQpaasKuCVtgQOhoIi/video/7488643783513394438,2025-04-02,16,Wed,33,1144,15,5,4,7,2.71,Ngon ngậy lém lun nha#xuhuong #doanvat #banhquygionmixhat #ancungtikt...,xuhuong doanvat banhquygionmixhat ancungtikt,D a r a r i,⁎⁺˳⪩ 𝐀𝐲𝐮 ! 🍡៸៸,True,True,False
7488603124328959287,https://www.tiktok.com/@MS4wLjABAAAAMPnpn3EKG8gfAcqX7d5udBoWXobxoz2ltAK86h-KWmiWW8FQpaasKuCVtgQOhoIi/video/7488603124328959287,2025-04-02,13,Wed,41,5222,13,2,2,3,0.38,Giòn Rụm luôn nha#xuhuong #doanvat #chuoisaymegung #ancungtiktok #rev...,xuhuong doanvat chuoisaymegung ancungtiktok rev,24_7 speed up,1x4everr,True,True,False
7488553581516262661,https://www.tiktok.com/@MS4wLjABAAAAMPnpn3EKG8gfAcqX7d5udBoWXobxoz2ltAK86h-KWmiWW8FQpaasKuCVtgQOhoIi/video/7488553581516262661,2025-04-02,10,Wed,38,329,6,1,2,3,3.65,Nó ngon điên lun ạ#xuhuong #doanvat #banhtrang #banhtrangphoisuong #a...,xuhuong doanvat banhtrang banhtrangphoisuong a,original sound - cwitieesofty,๑˙❥✿𝖼ω𝗂𝗍𝗂𝖾𝗌ⱺ𝖿𝗍𝗒✿๑˙,True,True,False
7488349431343942917,https://www.tiktok.com/@MS4wLjABAAAAMPnpn3EKG8gfAcqX7d5udBoWXobxoz2ltAK86h-KWmiWW8FQpaasKuCVtgQOhoIi/video/7488349431343942917,2025-04-01,21,Tue,44,603,11,3,4,5,3.81,Cóc non sấy dẻo#xuhuong #doanvat #cocnonsaydeo #ancungtiktok #review ...,xuhuong doanvat cocnonsaydeo ancungtiktok review,original sound - m._mii,⋅˚₊‧ ୨ 𝒎𝒎𝒊𝒊 ୧ ‧₊˚ ⋅,True,True,False
7488310511205944581,https://www.tiktok.com/@MS4wLjABAAAAMPnpn3EKG8gfAcqX7d5udBoWXobxoz2ltAK86h-KWmiWW8FQpaasKuCVtgQOhoIi/video/7488310511205944581,2025-04-01,18,Tue,35,251,10,6,3,6,9.96,Hạt mix dinh dưỡng ná#xuhuong #doanvat #hatmixdinhduong#ancungtiktok ...,xuhuong doanvat hatmixdinhduong ancungtiktok,original sound - _karin.tt,𖤐⭒๋࣭ ⭑ʀɪɴ,True,True,False
7488275117223513399,https://www.tiktok.com/@MS4wLjABAAAAMPnpn3EKG8gfAcqX7d5udBoWXobxoz2ltAK86h-KWmiWW8FQpaasKuCVtgQOhoIi/video/7488275117223513399,2025-04-01,16,Tue,32,7171,97,3,15,15,1.81,Uii nó ngon điên ạ#xuhuong #doanvat #banhtrang #banhtrangdeocuonmuoit...,xuhuong doanvat banhtrang banhtrangdeocuonmuoit,original sound - m._mii,⋅˚₊‧ ୨ 𝒎𝒎𝒊𝒊 ୧ ‧₊˚ ⋅,True,True,False
7488188927338106117,https://www.tiktok.com/@MS4wLjABAAAAMPnpn3EKG8gfAcqX7d5udBoWXobxoz2ltAK86h-KWmiWW8FQpaasKuCVtgQOhoIi/video/7488188927338106117,2025-04-01,10,Tue,42,2686,21,4,3,4,1.19,combo 3 bịch siu hạt rẽ nha#xuhuong #doanvat #banhtrang #ancungtiktok...,xuhuong doanvat banhtrang ancungtiktok,original sound - amtoy.shop,ทอย(2.6M)ช่องหลัก,True,True,False
7487951038280895749,https://www.tiktok.com/@MS4wLjABAAAAMPnpn3EKG8gfAcqX7d5udBoWXobxoz2ltAK86h-KWmiWW8FQpaasKuCVtgQOhoIi/video/7487951038280895749,2025-03-31,19,Mon,36,1746,18,5,3,6,1.83,Nó ngon điên lun tr uii#xuhuong #doanvat #banhtrang #banhtrangtron #a...,xuhuong doanvat banhtrang banhtrangtron a,cute cafesounds,𝐂𝐲𝐛𝐞𝐥𝐥𝐚 ! 👩🏻‍🍳,True,True,False
7487900982425242935,https://www.tiktok.com/@MS4wLjABAAAAMPnpn3EKG8gfAcqX7d5udBoWXobxoz2ltAK86h-KWmiWW8FQpaasKuCVtgQOhoIi/video/7487900982425242935,2025-03-31,16,Mon,38,777,14,9,3,5,3.99,Hốt ẻm liền nhen🥰🥰Combo 3 bịch siuu hời nhoé#xuhuong #doanvat #banhtr...,xuhuong doanvat banhtr,original sound - akhangg08,ahkhang,True,True,False
7487845254607998214,https://www.tiktok.com/@MS4wLjABAAAAMPnpn3EKG8gfAcqX7d5udBoWXobxoz2ltAK86h-KWmiWW8FQpaasKuCVtgQOhoIi/video/7487845254607998214,2025-03-31,12,Mon,35,1400,6,1,1,3,0.79,"Nó giòn rụm lun, ăn là dính đó#xuhuong #doanvat #chuoisaymegung #ancu...",xuhuong doanvat chuoisaymegung ancu,C u p i d O r i g i n a l,Someone,True,True,False
7487808524173462790,https://www.tiktok.com/@MS4wLjABAAAAMPnpn3EKG8gfAcqX7d5udBoWXobxoz2ltAK86h-KWmiWW8FQpaasKuCVtgQOhoIi/video/7487808524173462790,2025-03-31,10,Mon,37,442,13,19,4,9,10.18,Chảy nước miếng#xuhuong #doanvat #banhtrang #ancungtiktok #review  @y...,xuhuong doanvat banhtrang ancungtiktok review,original sound - _yandere.._simulator,Rusteen 🫶🏻,True,True,False
7487555167039049015,https://www.tiktok.com/@MS4wLjABAAAAMPnpn3EKG8gfAcqX7d5udBoWXobxoz2ltAK86h-KWmiWW8FQpaasKuCVtgQOhoIi/video/7487555167039049015,2025-03-30,17,Sun,35,1392,9,3,3,5,1.44,Ta nói nó ngonnnn siu ngon#xuhuong #doanvat #banhtrang #banhtrangmuoi...,xuhuong doanvat banhtrang banhtrangmuoi,B U B B L E G U M,୨ rae. 🪽,True,True,False
